comment_id,video_id,author_channel_id,channel_id,author_name,handle_autor,es_respuesta,comment_id_padre,me_gusta,respuestas,published_text,texto_original,texto_limpio,urls,hashtags,menciones,emojis
Ugw-J65a1iYL9hqhELh4AaABAg,j43HgwYFKfk,UCdFlugHJJa4l3YqWuNRmvXw,UCE4rsXcgDb6e1-a9iTbWzfg,@MarcosCarillo-b1r,@MarcosCarillo-b1r,False,,0,0,hace 6 meses,Ese corrupto amigo de la vieja fiscal los tengo que verbose en la carcel,corrupto amigo viejo fiscal verbo cárcel,[],[],[],[]
Ugw-ZT9t9wU2V-tCaUZ4AaABAg,06mFNPU0aB8,UCvl1tzQeBeGy6efPTRJXSCw,UCVpSRoZgngfSL03Nlbjtq9A,@RaulPerez-cw2vi,@RaulPerez-cw2vi,False,,0,0,hace 2 semanas,"Están jóvenes porque no buscan un trabajo,  tuvieron suerte que no hay policías que le gusta del otro vando , por ir vestido de mujer se los hubieran ensamblado la maquinaria.",joven buscar trabajo suerte policía gustar var vestir mujer ensamblar maquinaria,[],[],[],[]
Ugw0xaOb2CYXXoudtwJ4AaABAg,j43HgwYFKfk,UCRAquv8el-tQ30bN7MlmySQ,UCE4rsXcgDb6e1-a9iTbWzfg,@iamjimalesssa,@iamjimalesssa,False,,4,0,hace 1 año,"Me dejaron con ganas de demandar la ilegalidad de las reuniones virtuales, esto no es una maquila",dejar gana demandar ilegalidad reunión virtual maquila,[],[],[],[]
Ugw0xgUc2ISpBr5_T654AaABAg,j43HgwYFKfk,UCkbsS_3D-pvg1iHOld9uvIg,UCE4rsXcgDb6e1-a9iTbWzfg,@gonzalo6075,@gonzalo6075,False,,0,0,hace 1 año,Veremos a este mafioso de Mazariegos en la cárcel y un buen tiempo en la sombra.,mafioso mazariegos cárcel tiempo sombra,[],[],[],[]
Ugw1ZzA21njWhaqQQTh4AaABAg,OkXlHx0hx-8,UCOLHH4ZpMxPYF-Q6e6wvn5A,UCRwA1NUcUnwsly35ikGhp0A,@luisroldan7374,@luisroldan7374,False,,2,1,hace 1 día,"eso es para que salga de USA por su propio pie 
que se auto deporten",salir pie auto deportar,[],[],[],[]
Ugw1ZzA21njWhaqQQTh4AaABAg.Aa9Tf29tBouAaB_XZQglTL,OkXlHx0hx-8,UCi2KiZq63sRq8Mfbcp-MelQ,UCRwA1NUcUnwsly35ikGhp0A,@eugeneramirez4405,@eugeneramirez4405,True,Ugw1ZzA21njWhaqQQTh4AaABAg,0,0,hace 20 horas,Imagine if they had to walk back home.,imagine if they had to walk back home,[],[],[],[]
Ugw2014OIYf336oytFt4AaABAg,yLZS3JiEBg8,UCXl30Y_upRqbti52fmjK4YA,UCE4rsXcgDb6e1-a9iTbWzfg,@capitanfrans,@capitanfrans,False,,0,0,hace 2 años,buenísima investigacion :hand-purple-blue-peace::hand-purple-blue-peace::hand-purple-blue-peace:,buenísima investigación hand-purple-blue-peace::hand-purple-blue-peace::hand-purple-blue-peacir,[],[],[],[]
Ugw2bSVOoNn2pc8ZcUl4AaABAg,n8iP75gIpmw,UCRelkU8JiZBytTzebJxaa-w,UCE4rsXcgDb6e1-a9iTbWzfg,@danyraymundo2942,@danyraymundo2942,False,,3,0,hace 2 años,"Lleven su lonchera, sacrifiquense un poco. Y reintevren ese dinero. O están robando.",lleven lonchera sacrifiquensir reintevrir dinero robar,[],[],[],[]
Ugw3gnUvLp6AqO0_odt4AaABAg,lj983NWyAQY,UCgLurCo-e019HGODcjXHWCw,UCXa6LVjBzUtmcM3cwbd9e2w,@perritojuega1,@perritojuega1,False,,2,0,hace 5 años,Viva Guatemala 🇬🇹🇬🇹🇬🇹🥳🥳🥳,viva guatemala 🇬🇹 🇬🇹 🇬🇹 🥳 🥳 🥳,[],[],[],"['🇬🇹', '🇬🇹', '🇬🇹', '🥳', '🥳', '🥳']"
Ugw4C1ijI36l6LAiSZh4AaABAg,n8iP75gIpmw,UCDIMztpVm7G27qBuiWuT6oQ,UCE4rsXcgDb6e1-a9iTbWzfg,@lizardomorataya8274,@lizardomorataya8274,False,,0,0,hace 2 años,LADRONES !!!!,ladrón,[],[],[],[]
Ugw4St_YnT9_Ya5xSPt4AaABAg,ndAZjHqzzT8,UCZOmq6MwFDVoCaEl99BRRaw,UCE4rsXcgDb6e1-a9iTbWzfg,@daniloarevalo3170,@daniloarevalo3170,False,,0,0,hace 1 año,"Otro pequeño truco es que tenés un plan mensual de Gb y redes ilimitadas y luego te mandan mensaje que consumiste el 95% de tu plan y ahi viene el caos verificas el consumo de tus datos y solo has utilizado redes, con un mínimo de internet y por ende hay que hacer una recarga adicional,,, porque vas a averiguar y solo te dicen que sí consumiste tus datos y ya,,,,a recargar,,un negoció redondo para ambas empresas 🤮🤮😠😠💵💵","pequeño truco tenés plan mensual gb red ilimitado mandan mensaje consumistir 95% plan venir caos verifica consumo dato utilizar red mínimo internet ende recarga adicional averiguar consumistir dato ya,,,,a recargar,,un negociar redondo empresa 🤮 🤮 😠 😠 💵 💵",[],[],[],"['🤮', '🤮', '😠', '😠', '💵', '💵']"
Ugw4ccnmIWJaE6VNRWN4AaABAg,6W4u8sGEnGM,UCFybmWapGvBKcQod7cPPH9w,UC-ZtFBHzgkYFh7whZkuR_Ag,@vitalianochavez8382,@vitalianochavez8382,False,,1,0,hace 5 días,Que bien que cambio de nombre,cambio nombre,[],[],[],[]
Ugw5E402-fn52PLXFIJ4AaABAg,n8iP75gIpmw,UCh5ESQvtzyHDhCA7XyekCFA,UCE4rsXcgDb6e1-a9iTbWzfg,@andyB5280,@andyB5280,False,,0,0,hace 2 años,Tiene un poquito de oro y no habla como resolver los problemas .,poquito oro resolver problema,[],[],[],[]
Ugw5URsiAF9QVoniY-l4AaABAg,n8iP75gIpmw,UCWIZUtKJ636y-4TYrNvok0g,UCE4rsXcgDb6e1-a9iTbWzfg,@cesarandreas7824,@cesarandreas7824,False,,5,0,hace 2 años,"Si a los diputados no les alcanza el sueldo que se busquen otro trabajo,  ya sea de los departamentos o de la capital.",diputado alcanzar sueldo buscar trabajo departamento capital,[],[],[],[]
Ugw5xMAuDaygo77ynI94AaABAg,n8iP75gIpmw,UCzoL2l5H5eVlorWGH8AZfAg,UCE4rsXcgDb6e1-a9iTbWzfg,@jor77cas,@jor77cas,False,,6,0,hace 2 años (editado),"Lamentable son las EXCUSAS,  reclama que porque no se ve el trabajo que realizan, sueldon para que se costeen sus propios alimentos, pero tienen que ir a restaurantes de lujo y el PUEBLO luchando para llevar un pan a su mesa, muchos ni a eso llegan  ...",lamentable excusas reclamar trabajo sueldon costear alimento restaurante lujo pueblo luchar pan mesa llegar,[],[],[],[]
Ugw6cfXYfV4H-asKlDR4AaABAg,TT4qJ5FXHYE,UCKVzDUqbtdSMBcexaEtMmzQ,UCE4rsXcgDb6e1-a9iTbWzfg,@rotorairgroup8409,@rotorairgroup8409,False,,0,0,hace 2 años,No se ve un deporte dinamico ni entretenido. El trasfondo de este juego era bastante macabro y refleja la oscuridad de las culturas pre colombinas en America. No le encuentro sentido a recrear algo tan negativo y arcaico.,deporte dinamico entretenido trasfondo juego macabro reflejar oscuridad cultura pre colombina america encontrar sentido recrear negativo arcaico,[],[],[],[]
Ugw74asIfir0_SVC6OB4AaABAg,j43HgwYFKfk,UCNpt5CQlTzNjlAKY6CJtClQ,UCE4rsXcgDb6e1-a9iTbWzfg,@eustaquiogomez9975,@eustaquiogomez9975,False,,0,0,hace 1 año,Denle golpe universitario (de estado). Lo puede hacer el CSU?,denle golpe universitario csu,[],[],[],[]
Ugw86zOgTwKzYotlT9l4AaABAg,n8iP75gIpmw,UCut6b9S98nv84cVX89PmKzA,UCE4rsXcgDb6e1-a9iTbWzfg,@yeniferaguirre4498,@yeniferaguirre4498,False,,1,0,hace 2 años,Y el pueblo muriéndose de hambre muchas madres de familia ganando 50 quetzales al día y en algunos departamentos solo ganan 30 te voy a dar mención una aldea llamada el jabalí 30 quetzales al día gana algunas personas ganan 300 quetzales a la semana fiestas sanguijuelas se los comieron en un almuerzo,pueblo morir hambre madre familia ganar quetzal departamento ganar mención aldea llamado jabalí quetzal ganar persona ganar quetzal semana fiesta sanguijuela comer almuerzo,[],[],[],[]
Ugw8iZ_G2Cwq-9ZYctt4AaABAg,j43HgwYFKfk,UCQyOePccUP-fIJYzchAgZYw,UCE4rsXcgDb6e1-a9iTbWzfg,@aguilar4254,@aguilar4254,False,,0,0,hace 6 meses,"Pues son muchos los alumnos hay que unirse se han quedado con la pata del Walter en el cuello, fuera hay que sacarlos",alumno unir quedar pata walter cuello sacar,[],[],[],[]
Ugw8pyxscJNUQpfoKuF4AaABAg,n8iP75gIpmw,UCOLGv5Pf6BF2wFcwUzgcvHg,UCE4rsXcgDb6e1-a9iTbWzfg,@welfrealdana5559,@welfrealdana5559,False,,4,0,hace 2 años,Todos lis que trabajan en la capital pagamos apartamento y no tenemos carro y gasolina gratis,li trabajar capital pagar apartamento carro gasolina gratis,[],[],[],[]
Ugw9_Qw_QaSdggWuKJt4AaABAg,06mFNPU0aB8,UCAxvOOHQk7dYPOajzFEVtbA,UCVpSRoZgngfSL03Nlbjtq9A,@ruddydepaz322,@ruddydepaz322,False,,0,0,hace 2 semanas,Las dos se ubieran vestido de rosita con tacones y medias.Dia y noche no les ba faltar de todos calibres .delen una bolsa de pintalabios también .,ubeír vestido rosita tacón media noche ba faltar calibre .delen bolsa pintalabio,[],[],[],[]
Ugw9eye2GML6RHRSu-14AaABAg,n8iP75gIpmw,UCQ_-LPP8JAbfkc-b1Q6NvWw,UCE4rsXcgDb6e1-a9iTbWzfg,@MegaKristenstewart,@MegaKristenstewart,False,,31,0,hace 2 años,La gente muriendose de hambre y esos ladrones comiendo de maravilla que verguenza...,gente morir hambre ladrón comer maravilla verguenzar,[],[],[],[]
UgwA5aTmgACLCuTUT494AaABAg,lj983NWyAQY,UCXmrpc6Li0spcKxtS0Q_ptg,UCXa6LVjBzUtmcM3cwbd9e2w,@melvinperez6710,@melvinperez6710,False,,10,0,hace 6 años,Guatemala nunca se tube que llamar guatemala dino guatebella guatehermosa guatelinda la eterna primavera es guatebella abrazos hnos de un salvadoreno que viva el amor y la armonia,guatemala tubar llamar guatemala dino guatebella guatehermós guatelinda eterno primavera guatebello abrazo hno salvadoreño vivir amor armonia,[],[],[],[]
UgwARHTnVAzzPrHbNox4AaABAg,n8iP75gIpmw,UCZ51R_9Q9C0c8I3pAWhtmjQ,UCE4rsXcgDb6e1-a9iTbWzfg,@belvettzapeta1251,@belvettzapeta1251,False,,8,0,hace 2 años,Me parece excelente esta entrevista,excelente entrevista,[],[],[],[]
UgwBIwUPLGxEWAu3Mh14AaABAg,X_FAIef8qlE,UCPLW0HE3siElqCgXfgWxMqg,UCE4rsXcgDb6e1-a9iTbWzfg,@elizabethmonterroso7719,@elizabethmonterroso7719,False,,0,0,hace 5 meses,"¿Como se subscribe uno al boletín informativo? 
Yo intenté desde la pagina web pero  los teléfonos que tienen colocados  dice telgua que no existen. Y WhatsApp igual dice que ese teléfono no existe.",subscribir boletín informativo intentar pagina web teléfono colocado telguo whatsapp teléfono,[],[],[],[]
UgwCW5PErySUmwse3bZ4AaABAg,OkXlHx0hx-8,UCxhtlxPV8AYWaNNyU6S9H8Q,UCRwA1NUcUnwsly35ikGhp0A,@WilR-s8r,@WilR-s8r,False,,0,0,hace 1 día,Pero hay que ver el lado bueno si los deportan por la Frontera los carteles los secuestran para sacar dinero a los familiares en USA,deportar frontera cartel secuestrar sacar dinero familiar,[],[],[],[]
UgwCfRlzeiXz172UQQV4AaABAg,yLZS3JiEBg8,UCvcu1kR8xMYy_I1Ty-2mV2Q,UCE4rsXcgDb6e1-a9iTbWzfg,@hashojea7348,@hashojea7348,False,,0,0,hace 2 años,"Este video debe llegar a muchas personas, es muy buena información",video llegar persona información,[],[],[],[]
UgwCw9bhAw6suYQfCWx4AaABAg,j43HgwYFKfk,UCaKAjTW9MVub_clgr4DRYjQ,UCE4rsXcgDb6e1-a9iTbWzfg,@josecastillo4390,@josecastillo4390,False,,6,0,hace 1 año,Qué lujooo de contenidooooo 🔥,lujooo contenidooooo 🔥,[],[],[],['🔥']
UgwEOUk-ofXNqkHW5Cx4AaABAg,n8iP75gIpmw,UCxff05WuyvwELNITi7bj7UA,UCE4rsXcgDb6e1-a9iTbWzfg,@markoherrera,@markoherrera,False,,3,0,hace 2 años,"Desde que dijo que qué hacían los periodistas por el país lo deje de escuchar, no me quiero picar el hígado",periodista país dejar escuchar querer picar hígado,[],[],[],[]
UgwEQHx8Ik7SbxBTQ914AaABAg,n8iP75gIpmw,UCZLG9qH0tUjNhEGFIUt0CYw,UCE4rsXcgDb6e1-a9iTbWzfg,@SoniaMarroquin-y6e,@SoniaMarroquin-y6e,False,,1,0,hace 2 años,Otros nuevos corruptos,corrupto,[],[],[],[]
UgwEjfj5ueeimHg-Hbt4AaABAg,j43HgwYFKfk,UCwgCc9Jd_gG-uLE_SY-FfPg,UCE4rsXcgDb6e1-a9iTbWzfg,@armindapenados2841,@armindapenados2841,False,,0,0,hace 1 año,¡¡¡La USAC NO tiene rector sólo un usurpador!!!,usac rector usurpador,[],[],[],[]
UgwG3XiEgFlHKtrtTqd4AaABAg,n8iP75gIpmw,UCXSkL3ejZ8qWYyF_M7s_QKA,UCE4rsXcgDb6e1-a9iTbWzfg,@JacintaTzoy,@JacintaTzoy,False,,0,0,hace 2 años,"Entoces las mismas 💩😡 Junta Directiva haciéndose de las suyas con el dinero del Estado. Ya basta de tanto robo, barriles sin fondos..💩😡",entoces 💩 😡 junta directiva dinero bastar robo barril fondo 💩 😡,[],[],[],"['💩', '😡', '💩', '😡']"
UgwGm1V-_GN1ZPcijdl4AaABAg,n8iP75gIpmw,UChs3tU2BcKOT0CezykvAsGw,UCE4rsXcgDb6e1-a9iTbWzfg,@byronpontaza,@byronpontaza,False,,2,0,hace 2 años,"Eso es lo que yo no entiendo de los periodistas, porque ahora atacan con tanto entusiasmo estas cosas, en el gobierno anterior estuvieron callados, o en ese tiempo también ellos recibían sus pagos",entender periodista atacar entusiasmo cosa gobierno callado tiempo recibir pago,[],[],[],[]
UgwHY5LtTiQ0lBONp8N4AaABAg,n8iP75gIpmw,UC6PvO1_k5lHKGdAPo5_C6TA,UCE4rsXcgDb6e1-a9iTbWzfg,@johnmejia992,@johnmejia992,False,,1,0,hace 2 años,"Tanto mierda este programa... tiene razón pero 
Y porque no le tira así a los corruptos",mierdar programa razón tirar corrupto,[],[],[],[]
UgwIB06iEQnFOFLc9et4AaABAg,6W4u8sGEnGM,UCwxoKK59nGCeBqB2sXfDBIw,UC-ZtFBHzgkYFh7whZkuR_Ag,@vic-bonivideos,@vic-bonivideos,False,,0,1,hace 6 días,"Indignante COMO EXISTEN unos GUATEMALTECOS ESTÚPIDOS , los PROYECTOS, SON PROYECTOS DE ESTADOS no de PARTIDOS POLÍTICOS, lo que hubiera estado HACIENDO EL ZURDO PRESIDENTE era INAURANDO su CONSTRUCCIÓN no reempezar lo que hace 3 años empezó así como el el puente Roosevelt no tuvo ningún cambio fue lo que ya estaba expuesto, lo que sucede que siempre llega otro delincuente y quiere su mordida ese PROSUPUESTO YA ESTABA ECHO ..",indignante guatemaltecos estúpidos proyectos proyecto partidos políticos zurdo presidente inaurando construcción reempezar año empezar puente roosevelt cambio expuesto suceder llegar delincuente mordida prosupuesto echo,[],[],[],[]
UgwIB06iEQnFOFLc9et4AaABAg.Aa-0m2jDJt2Aa42DVzs9Zy,6W4u8sGEnGM,UCWaRixDdpgllTBf4V0jPnKQ,UC-ZtFBHzgkYFh7whZkuR_Ag,@hectormaaz5523,@hectormaaz5523,True,UgwIB06iEQnFOFLc9et4AaABAg,0,0,hace 4 días (editado),Tantos.que empezaron y no llegaron ni siquiera a la mitad puentes donde no hay Rio para robar el dinero y este presidente llegó para hacer algo diferente y eso que no vote por el pues tampoco he cotado por los corruptos pero a este presente si votaría por el si fuera posible,tantos.que empezar llegar siquiera mitad puente rio robar dinero presidente votar cotar corrupto presente votar,[],[],[],[]
UgwIBBqN6fh6MURkwkN4AaABAg,j43HgwYFKfk,UCkVtmkK07b2zaVVNssX4lOg,UCE4rsXcgDb6e1-a9iTbWzfg,@HectorElias-u2l,@HectorElias-u2l,False,,0,0,hace 6 meses,"Mucha importancia le dan a éste ladrón maldito,",importancia ladrón maldito,[],[],[],[]
UgwIiqrp6EYNoFmnBAR4AaABAg,n8iP75gIpmw,UCN6qbfPSzFtjhqUDZ3Cv3CQ,UCE4rsXcgDb6e1-a9iTbWzfg,@carlosmedranovelasquez6380,@carlosmedranovelasquez6380,False,,2,0,hace 2 años,"O sea que si es válido que se den sus gustos con el dinero de los guatemaltecos, es una sinverguenzada, para eso tienen jugosos salarios no le roben al pueblo",válido gusto dinero guatemalteco sinverguenzado jugoso salario robir pueblo,[],[],[],[]
UgwIlv8gtF3WKYfHSJJ4AaABAg,j43HgwYFKfk,UC95PSMouTx2N5CbSq0hIyrQ,UCE4rsXcgDb6e1-a9iTbWzfg,@lisss1908,@lisss1908,False,,0,0,hace 1 año,😮,😮,[],[],[],['😮']
UgwJ4UehO5E4j0niJU14AaABAg,n8iP75gIpmw,UCueV9cTyTDwgQSec1x2dYgA,UCE4rsXcgDb6e1-a9iTbWzfg,@fredydomingo7062,@fredydomingo7062,False,,0,0,hace 1 año,😂😂😂😂solo pajas😅😅que político gasta su dinero por el país,😂 😂 😂 😂 paja 😅 😅 político gastar dinero país,[],[],[],"['😂', '😂', '😂', '😂', '😅', '😅']"
UgwJMFYT7I9czw_oa0V4AaABAg,n8iP75gIpmw,UC5H8ASmMC9WrURmzeB4ySog,UCE4rsXcgDb6e1-a9iTbWzfg,@ManuelEdran,@ManuelEdran,False,,1,0,hace 2 años,No es el tema centrese y aclare...,tema centrese aclare,[],[],[],[]
UgwJN55EmMcKPRb_AfB4AaABAg,n8iP75gIpmw,UCHhHUjaMAZ8SiXdCUCj9DkQ,UCE4rsXcgDb6e1-a9iTbWzfg,@fredymendez1786,@fredymendez1786,False,,1,0,hace 2 años,hay cosas que yo no entiendo de Guatemala que a mi suena ilogico. Dandole almuerzos gratis a funcionarios publico? a poco no es suficiente con todos los robos que hacen aparte de los salarios incontables que tienen. Porque no crean un fondo mas para las escuelas para que los niños desnutridos que seria de gran ayuda para los padres.,cosa entender guatemala suena ilogico dandole almuerzo gratis funcionario público suficiente robo aparte salario incontabl crear fondo escuela niño desnutrido seriar ayuda padre,[],[],[],[]
UgwKjHT5lyjLiqR9ym94AaABAg,n8iP75gIpmw,UCgvw7xIdGFupzpt1Y_BFkEA,UCE4rsXcgDb6e1-a9iTbWzfg,@fredygarcia9151,@fredygarcia9151,False,,1,0,hace 2 años,Si hacen algo bueno para guate es por eso que se les paga.,guate pagar,[],[],[],[]
UgwL_UlN82zRUeNgVDh4AaABAg,j43HgwYFKfk,UCeDNEtI8_a42bZ47wJiJMwQ,UCE4rsXcgDb6e1-a9iTbWzfg,@EdgarcalderonCalderong,@EdgarcalderonCalderong,False,,0,0,hace 1 año,SECUESTRADOR DE LA U DE SAN CARLOS,secuestrador san carlos,[],[],[],[]
UgwMfCTNaiukOxMqfON4AaABAg,6W4u8sGEnGM,UCiOZX__1gahg1ypIj0_XG_w,UC-ZtFBHzgkYFh7whZkuR_Ag,@mariogonzalezorellana8956,@mariogonzalezorellana8956,False,,1,0,hace 6 días,Pero ya enseña,enseño,[],[],[],[]
UgwNvErOoJ_qRYF6TB94AaABAg,j43HgwYFKfk,UCqCrvuoJpC-aVb0f4logQRQ,UCE4rsXcgDb6e1-a9iTbWzfg,@Lyrics_GT,@Lyrics_GT,False,,0,0,hace 1 año,"Es una buena universidad, ahí estudio mi hermano, sin embargo es una universidad manchada por los malditos rojos, los asquerosos Comunistas que salen a manifestar en la huelga.",universidad estudiar hermano universidad manchado maldito rojo asqueroso comunista salir manifestar huelga,[],[],[],[]
UgwO8kzHC551ofxNYCV4AaABAg,TT4qJ5FXHYE,UCld2stqxaVSk0QdGncM224A,UCE4rsXcgDb6e1-a9iTbWzfg,@sarahernandez3873,@sarahernandez3873,False,,4,0,hace 4 años,¡Que excelente iniciativa y equipo de emprendimeitno por rescatar las tradiciones de Guatemala! Esperamos que puedan seguir avanzando y que este juego se vuelva algo mucho más popular entre las nuevas generaciones. ¡Bravo!,excelente iniciativa equipo emprendimeitno rescatar tradición guatemala esperar seguir avanzar juego volver popular generación bravo,[],[],[],[]
UgwPCZZx2gI444cg2AV4AaABAg,n8iP75gIpmw,UCpIdtvoFHVLGASGB5ySqIEA,UCE4rsXcgDb6e1-a9iTbWzfg,@VidalVillatoro-p4w,@VidalVillatoro-p4w,False,,1,0,hace 2 años,Este diputado no deja  hablar a los periodistas  y trata de confundir a la población con sus respuestas justificando las armadas que se da con el dinero del pu3blo,diputado dejar hablar periodista confundir población respuesta justificar armada dinero pu3blo,[],[],[],[]
UgwRLgDGrh-_TEVNOYh4AaABAg,OkXlHx0hx-8,UCtiHFjFu7d5v2XxHnKFUYig,UCRwA1NUcUnwsly35ikGhp0A,@Paul-gf7ec,@Paul-gf7ec,False,,0,0,hace 1 día,También hay personas que se hacen pasar por mexicanos para que los deporté a México y regresar más rápido a Usa,persona pasar mexicano deportar méxico regresar rápido,[],[],[],[]
UgwSDn5aIUEZwOlx9c94AaABAg,zweosulrwA8,UCQM2tCKRRytVDRxNUfCDqQQ,UCE4rsXcgDb6e1-a9iTbWzfg,@elioelias7267,@elioelias7267,False,,0,0,hace 2 meses,❤🎉,❤ 🎉,[],[],[],"['❤', '🎉']"
UgwSt406Q1HWBWCewI14AaABAg,6W4u8sGEnGM,UCWvntqPQx99k_Z_skWKqNSA,UC-ZtFBHzgkYFh7whZkuR_Ag,@AntonioChiyal-x5s,@AntonioChiyal-x5s,False,,2,1,hace 5 días,5 anos mas precidente,ano precidente,[],[],[],[]
UgwSt406Q1HWBWCewI14AaABAg.Aa-KmSVE5UgAa-M7iXQwik,6W4u8sGEnGM,UCoGdCoJg2Lh0OX_jv6cG16g,UC-ZtFBHzgkYFh7whZkuR_Ag,@Israel-u5i7i,@Israel-u5i7i,True,UgwSt406Q1HWBWCewI14AaABAg,0,0,hace 5 días,Ojalá se pudiera,ojalá,[],[],[],[]
UgwTyYcT2aNvGA5DK4J4AaABAg,n8iP75gIpmw,UChgkn5Jt5tWKYMoEOuCjz3Q,UCE4rsXcgDb6e1-a9iTbWzfg,@pablochitay46,@pablochitay46,False,,2,0,hace 2 años,Por primera vez deacuerdo con pedro.,deacuerdo pedro,[],[],[],[]
UgwUZL4XYbr2lbEi1r94AaABAg,j43HgwYFKfk,UCiC-Jn7wdgyQV4_Urk0DkWQ,UCE4rsXcgDb6e1-a9iTbWzfg,@pedroros6358,@pedroros6358,False,,1,0,hace 1 año,"En julio de 2022 al haber asumido como Rector de Facto, eligieron a Héctor Hugo Pérez Aguilera como representante Titular de la USAC ante la Corte de Constitucionalidad.",julio asumir rector facto elegir héctor hugo pérez aguilera representante titular usac corte constitucionalidad,[],[],[],[]
UgwXm2HjtCzRKiDHflJ4AaABAg,JkpVO1hx2f8,UCQIdKuZ-OzuFqy0KjGrgesg,UCE4rsXcgDb6e1-a9iTbWzfg,@lyacausa,@lyacausa,False,,1,0,hace 1 año,Guatemala solo cambia de dictadura cada 4 años,guatemala cambiar dictadura año,[],[],[],[]
UgwY0wdDJRzHsTCnLbN4AaABAg,n8iP75gIpmw,UCXr8_5WtGeipe4haOoQDgyQ,UCE4rsXcgDb6e1-a9iTbWzfg,@amyherrera7352,@amyherrera7352,False,,0,0,hace 2 años,"Ala! Que tipo necio y descarado!  Hipócrita!
Comen y después hablan de desnutrición! Que colmo!
Gracias por cumplir con el mandato periodístico!",ala tipo necio descarado hipócrita comen desnutrición colmar gracias cumplir mandato periodístico,[],[],[],[]
UgwY2FW-3sBGV2CGxaJ4AaABAg,06mFNPU0aB8,UC_3xuTXvMIWU5MYP9HkJ3vQ,UCVpSRoZgngfSL03Nlbjtq9A,@Historia-wm4os,@Historia-wm4os,False,,4,0,hace 2 semanas,Excelente trabajo señores agentes que Dios me los cuide mucho,excelente trabajo señor agente dios cuidir,[],[],[],[]
UgwYTL5-XYvmQxsC3Bt4AaABAg,n8iP75gIpmw,UCFjudnPLoaSL1BaRuLahyHg,UCE4rsXcgDb6e1-a9iTbWzfg,@HaroldoCastillo-rh9iw,@HaroldoCastillo-rh9iw,False,,1,0,hace 2 años,"Estos siempre andan viendo como comen del pueblo. Si no les basta el sueldo, busquen otro trabajo y por qué lugares tan caros, porque no es su dinero...",andar comen pueblo bastar sueldo busquen trabajo lugar caro dinero,[],[],[],[]
UgwYaHf9EYIl5Pf-y514AaABAg,n8iP75gIpmw,UC-pNP6RMFuLg_-x7Ah_0kEA,UCE4rsXcgDb6e1-a9iTbWzfg,@almacatalan2717,@almacatalan2717,False,,5,0,hace 2 años,"Bien mentirosito ese diputado Nery Rodas, si tanto quiere a Guatemala que ellos paguen su almuerzo, porque el pueblo?",mentirosito diputado nery rodas guatemala pagar almuerzo pueblo,[],[],[],[]
UgwZw9X6DpxCIJ6YkXZ4AaABAg,PjmxCj-a9Hg,UC1Y7x3h0c95Z8kUhi-Tzaeg,UC-ZtFBHzgkYFh7whZkuR_Ag,@rosadiaz9235,@rosadiaz9235,False,,0,0,hace 1 año,Siii por tanta corrupción;; ay mucha muerte como en colombia ;; y en Guatemala;; todo porque no ay personas con un corazón;; dispuesto a cuidar del país y sacar adelante;;;,siii corrupción ay muerte colombia guatemala ay persona corazón dispuesto cuidar país sacar,[],[],[],[]
Ugw_g00Bv3m-cnSxhMp4AaABAg,OkXlHx0hx-8,UC1WlJfQmaIskYhP4gmWoamw,UCRwA1NUcUnwsly35ikGhp0A,@marthareiss5434,@marthareiss5434,False,,2,1,hace 1 día,Que pena! Que la administración de Trump no ofrezca AMNISTÍA a los mexicanos u otros grupos de personas trabajadoras que ayudan a la mejora de este país. 😢,penar administración trump ofrecer amnistía mexicano grupo persona trabajador ayudar mejora país 😢,[],[],[],['😢']
Ugw_wfk-1nUcdyG3muZ4AaABAg,n8iP75gIpmw,UC3MYTqpQqlWBuCB7Th0e0PA,UCE4rsXcgDb6e1-a9iTbWzfg,@isaaclopez7220,@isaaclopez7220,False,,4,0,hace 2 años,"Me llega que saquen videos cortos porque el vídeo del programa de Con criterio es muy largo, pero vaya que es bueno",llegar sacar video corto video programa criterio,[],[],[],[]
UgwaGYcI3FekgL1PZct4AaABAg,j43HgwYFKfk,UCOcUI5XkTYNMSFhZNMIPpGg,UCE4rsXcgDb6e1-a9iTbWzfg,@hendersonlopez3864,@hendersonlopez3864,False,,3,0,hace 1 año (editado),"Urge convocar elecciones, los estudiantes estamos sufriendo con cada vez mas deficientes instalaciones, laboratorios y aulas. Ademas del abandono de Rectoria a las Facultades que siguen luchando contra su oposicion, o que se muestran renuentes a seguir sus ordenes, afectan directamente a los estudiantes, catedraticos, personal de servicios y limita su capacidad de brindar una educacion de calidad, y atender a la poblacion guatemalteca a travez de EPS y otros que ofrecen estas unidades academicas.",urge convocar elección estudiante sufrir deficiente instalación laboratorio aula abandono rectoria facultades seguir luchar oposición mostrar renuent seguir orden afectar directamente estudiante catedrático personal servicio limitar capacidad brindar educación calidad atender población guatemaltecar travez eps ofrecer unidad academica,[],[],[],[]
UgwaokeDKlLgSdqHpW94AaABAg,n8iP75gIpmw,UCOS8ViEkccrTZx2w2ccxotA,UCE4rsXcgDb6e1-a9iTbWzfg,@OscarHernandez-q8y,@OscarHernandez-q8y,False,,4,0,hace 2 años,"Pero porque un desayuno de 250.00,  no habrá uno de 75.00?",desayuno,[],[],[],[]
Ugwbnz3tRoBa7Vs3A3d4AaABAg,b_Hkrkl3adA,UC3iIU62XKUOWuqL8BqBzj9A,UCEepOY2svuxbsJ-zsAPT9Fg,@antonioduarte2288,@antonioduarte2288,False,,0,0,hace 49 minutos,Puro show esto solo para que los diputranzas les den su parte y autorizar subsidios al gas,puro show diputranza autorizar subsidio gas,[],[],[],[]
Ugwc0TMrFYylioxh_Sh4AaABAg,6W4u8sGEnGM,UCV3fr-YOixFKCZBbJP1-X4w,UC-ZtFBHzgkYFh7whZkuR_Ag,@albertoshernandez5251,@albertoshernandez5251,False,,3,0,hace 6 días,Que viva viva el Presidente Bernardo Arevalo 🎉🎉👏🎉🎉,vivir vivir presidente bernardo arévalo 🎉 🎉 👏 🎉 🎉,[],[],[],"['🎉', '🎉', '👏', '🎉', '🎉']"
UgwcF8V3__81jxC8Eh14AaABAg,n8iP75gIpmw,UCmjppp6ujz3SAnULvP3sZMw,UCE4rsXcgDb6e1-a9iTbWzfg,@marcomendez7509,@marcomendez7509,False,,0,0,hace 2 años,pues quien le pidió que la guesiara para Diputado si será descarado seve que son unos Corruptos mientras el pueblo no tiene ni un Cinco u con eso le pagan a los Electores si serán Comen Cuando hay,pedir guesiara diputado descarar seve corrupto pueblo pagar electores comen,[],[],[],[]
UgwdC_aDdYB1wpgGNAt4AaABAg,lj983NWyAQY,UC5PyGvSfFM--OVKmQ3COu6g,UCXa6LVjBzUtmcM3cwbd9e2w,@FreddyGmez,@FreddyGmez,False,,3,0,hace 7 años,Que belleza si se llegara a construir todos esos proyectos 💙👌,belleza llegar construir proyecto 💙 👌,[],[],[],"['💙', '👌']"
Ugwe0V0ssRP-r167Lzh4AaABAg,n8iP75gIpmw,UCQqetiwzzmRNTM5OWuXarGQ,UCE4rsXcgDb6e1-a9iTbWzfg,@isaiaslopezvelasquez1539,@isaiaslopezvelasquez1539,False,,1,0,hace 2 años,si no les gusta  renuncie,gustar renuncie,[],[],[],[]
UgwgSP2G2qKwGGl5CSp4AaABAg,6W4u8sGEnGM,UCV3fr-YOixFKCZBbJP1-X4w,UC-ZtFBHzgkYFh7whZkuR_Ag,@albertoshernandez5251,@albertoshernandez5251,False,,3,0,hace 6 días,EL PRESIDENTE BERNARDO AREVALO SI ES UN PRESIDENTE QUE QUIERE A SU PUEBLO Y AL PAIS DE GUATEMALA 👍 EL NO ES COMO LOS RATAS  PRESIDENTES ANTERIORES 🐭🐭ASI QUE TODO EL APOYO PARA EL PRESIDENTE BERNARDO AREVALO 👍 🎉👍🎉👍🎉👍🎉👍🎉👍,presidente bernardo arévalo presidente pueblo país guatemala 👍 rata presidente 🐭 🐭 apoyo presidente bernardo arévalo 👍 🎉 👍 🎉 👍 🎉 👍 🎉 👍 🎉 👍,[],[],[],"['👍', '🐭', '🐭', '👍', '🎉', '👍', '🎉', '👍', '🎉', '👍', '🎉', '👍', '🎉', '👍']"
UgwgoKatyznihVvDVVd4AaABAg,n8iP75gIpmw,UCCaYwkkbQGcvFoUmothVdQQ,UCE4rsXcgDb6e1-a9iTbWzfg,@OsvaldoAguirre-l3i,@OsvaldoAguirre-l3i,False,,0,0,hace 2 años,Cuando los agarran con la manos en la masa ya ni Allan que decir estos buenos para nada! Solo para comer de gratis son buenos a que hijos de la gran patria! De Guatemala. Mantenidos estos corruptos solo para wuabiar son bueno.,agarrar mano masa allan comer gratis hijo patria guatemala mantenido corrupto wuabiar,[],[],[],[]
UgwguqWom06c5opgpiF4AaABAg,n8iP75gIpmw,UCQgYjVngJRfPHDLGB5X6ZjA,UCE4rsXcgDb6e1-a9iTbWzfg,@oscarnavas9996,@oscarnavas9996,False,,0,0,hace 2 años,Sin vergüenza. Que no se vuelva a lanzar para diputado ladrón,vergüenza volver lanzar diputado ladrón,[],[],[],[]
UgwhphOY9n46ofElDut4AaABAg,PjmxCj-a9Hg,UCN2N_wYOw6fMwCeSzdXLPIw,UC-ZtFBHzgkYFh7whZkuR_Ag,@danielantoniogonzalezflore4901,@danielantoniogonzalezflore4901,False,,0,0,hace 1 año,Mejor saque a guatemala del parlacen y dejen de hablar de tsnta babosadas o ustedes van s ir avrefujiase al parlacen cuando salgan ese dinero que pagamos invertirlo en meducina sehan realustas por sus acciones nadie cree ya en nadie de ver que los gobiernos solo sirven para enriqueserse ya vasta,saque guatemala parlacen dejen hablar tsnta babosada avrefujiar parlacir salir dinero pagar invertir meducina sehaber realusta acción creer gobierno servir enriqueser vasta,[],[],[],[]
UgwiGxmosawIyTVTjnB4AaABAg,n8iP75gIpmw,UC9vMq1YF-e7C-VO0SHkbUTA,UCE4rsXcgDb6e1-a9iTbWzfg,@ErvinLeonardoCarreraLatín,@ErvinLeonardoCarreraLatín,False,,0,0,hace 2 años (editado),19:27 Basuras de diputados  artense  porque los que sufrieron  hambre serán saciados y los que se saciaron a costillas de los demás tendrán hambre y sed  de todo,19:27 basuras diputado artense sufrir hambre saciar saciar costilla hambre sed,[],[],[],[]
Ugwih8O9PeaJ_zd7FWV4AaABAg,n8iP75gIpmw,UC8F2V63KZ4ZEay6opX2hAQw,UCE4rsXcgDb6e1-a9iTbWzfg,@carmenr6311,@carmenr6311,False,,0,0,hace 2 años,"Los alimentos tienen k pagarlos d su sueldo como cualquier otro ciudadano k a pesar de el salario miserable pagan sus alimentos, segun entiendo ese señor  kiere k el pueblo le siga pagando ,si el trabaja haciéndose el pendejo como muchos otros k solo llegan a ocupar la silla y a bla bla hasta el momento no se ve k se trabaje en algo bueno para el pueblo a ese fulano k no esta contento con el alto sueldo k tienen por hacer nada ,k renuncie y k empleen a personas k realmente kieren hacer algo por el hambriento pueblo, braaavo seño por recordarle a ese inepto.,ellos ganan Q25,000 0 mas cuanto gana un médico, una enfermera,una profesora y esos siii trabajan especialmente los médicos.","alimento pagarlo sueldo ciudadano salario miserable pagar alimento enteir señor kiere pueblo seguir pagar trabajar pendejo llegar ocupar silla bla bla momento trabaje pueblo fulano contento alto sueldo renuncie emplear persona realmente kierir hambriento pueblo braaavo seño recordar inepto ,ello ganar q25.000 ganar médico enfermera profesora siii trabajar especialmente médico",[],[],[],[]
Ugwije36G_n35mshRfp4AaABAg,6W4u8sGEnGM,UCheEJ5GZuIvV0fj-nXyVwXw,UC-ZtFBHzgkYFh7whZkuR_Ag,@rosaoliva9389,@rosaoliva9389,False,,0,0,hace 2 días,Gracias por concluir lo q otros empiezan y no terminan,gracia concluir empezar terminar,[],[],[],[]
UgwjKxflp7TiD0e7_494AaABAg,n8iP75gIpmw,UCujPF2nBgsTD62nWE3lcpIg,UCE4rsXcgDb6e1-a9iTbWzfg,@victorarturoruanobautista7588,@victorarturoruanobautista7588,False,,0,0,hace 1 año,Que se les quite todos los privilegios lo que pasa no les gusta,quitar privilegio pasar gustar,[],[],[],[]
Ugwjtq_DUb6ISU-ppsh4AaABAg,n8iP75gIpmw,UChs3tU2BcKOT0CezykvAsGw,UCE4rsXcgDb6e1-a9iTbWzfg,@byronpontaza,@byronpontaza,False,,1,0,hace 2 años,"Estoy seguro que si a los conductores los envían a hacer un trabajo a un departamento y les dan viáticos, buscan Buenos restaurantes para ir a comer y no se van al mercado",seguro conductor envir trabajo departamento viático buscar restaurante comer mercado,[],[],[],[]
UgwkiP4fW1xfpXbZcV14AaABAg,n8iP75gIpmw,UCV0iizTBoOfdAFX_thfI9BA,UCE4rsXcgDb6e1-a9iTbWzfg,@BenjaminLarios-jd8nk,@BenjaminLarios-jd8nk,False,,0,0,hace 2 años,Lo que este diputado ase por el paiz es robarle  al paiz   porque otro beneficio que tiene el paiz  con ellos nada,diputado ar paiz robar paiz beneficio paiz,[],[],[],[]
Ugwm9VajlW3ydbsf-BJ4AaABAg,6W4u8sGEnGM,UCp29O_C7cchZV8IxV7Crdag,UC-ZtFBHzgkYFh7whZkuR_Ag,@robertoescobar5507,@robertoescobar5507,False,,0,0,hace 3 días,Excelente.,excelente,[],[],[],[]
UgwmvtMMEFg5rWbrmtV4AaABAg,yLZS3JiEBg8,UCkxdJ_yGN2gghOMo2ybQtXQ,UCE4rsXcgDb6e1-a9iTbWzfg,@11223344An,@11223344An,False,,1,0,hace 2 años,Y no olvidemos y quizá el más cruel. Las farmacéuticas con las medicinas,olvidar cruel farmacéutico medicina,[],[],[],[]
UgwnCwptihjhFCfQK_l4AaABAg,6W4u8sGEnGM,UCjZgFEowMBrsjodqfovzdKw,UC-ZtFBHzgkYFh7whZkuR_Ag,@franciscoflores3120,@franciscoflores3120,False,,0,0,hace 4 días,Pero  sería bueno que  le cambien  nombre,cambiar nombre,[],[],[],[]
UgwopmNYOXxE5kyT7fF4AaABAg,n8iP75gIpmw,UC4wq3DcbfaG6dtCqn8Oyu3w,UCE4rsXcgDb6e1-a9iTbWzfg,@hugoasencio7764,@hugoasencio7764,False,,1,0,hace 2 años,Ya viste Nery más de lo mismo.,viste nery,[],[],[],[]
UgwovhZaCiV0r6XOH_R4AaABAg,ndAZjHqzzT8,UCVC2QugcI1G4RvlCiUqd1aQ,UCE4rsXcgDb6e1-a9iTbWzfg,@rwdm76,@rwdm76,False,,0,0,hace 1 año,excelente,excelente,[],[],[],[]
UgwoyDvqZ6NlBCvXB7t4AaABAg,yLZS3JiEBg8,UCXVLc8CmAO813ubM-fLvCDw,UCE4rsXcgDb6e1-a9iTbWzfg,@herminiasaquimux7565,@herminiasaquimux7565,False,,7,0,hace 2 años,"Ahora comprendí porque los cañeros y grupo cacif, estan contra la ley de competencia y siguen tratando de impedir su discusión en el legislativo.",comprender cañero grupo cacif ley competencia seguir tratar impedir discusión legislativo,[],[],[],[]
Ugwp1SacIqA0qS_netd4AaABAg,n8iP75gIpmw,UCwW2OFy95P7ZBkOPxWkpvYg,UCE4rsXcgDb6e1-a9iTbWzfg,@TeresaLucero-b5o,@TeresaLucero-b5o,False,,1,0,hace 2 años,No se justifica nada... es su obligación trabajar...,justificar obligación trabajar,[],[],[],[]
UgwpY9PE_PBfwa2_g_N4AaABAg,n8iP75gIpmw,UC3XTwHxygNCgjndsg-UiCQA,UCE4rsXcgDb6e1-a9iTbWzfg,@marioajset4283,@marioajset4283,False,,1,0,hace 2 años,"Repito como siempre, cuantas horas hombre de trabajo se pagan por el cansancio y fatiga del pueblo que hacen productivo al país y que generan renta gravada para los contribuyentes, solo para que estos infelices se den estos gustos.",repito hora hombre trabajo pagar cansancio fatiga pueblo productivo país generar renta gravado contribuyente infeliz gusto,[],[],[],[]
Ugwqsca_nj4eGguiyTJ4AaABAg,j43HgwYFKfk,UCgQw_Sbq3ugruDUKsq1e0-A,UCE4rsXcgDb6e1-a9iTbWzfg,@marlenareano-h4t,@marlenareano-h4t,False,,0,0,hace 6 meses,"buen reportaje, tristeza da q la USAC este coptada por esos corruptos.",reportaje tristeza usac coptado corrupto,[],[],[],[]
UgwrIvqGid-S983oU9J4AaABAg,n8iP75gIpmw,UCL13XhnRzbGokEkCkEOb0-g,UCE4rsXcgDb6e1-a9iTbWzfg,@raquelprado3643,@raquelprado3643,False,,1,0,hace 2 años,Por querer justificarse le sacaron a luz sus artadas a costillas del pobre pueblo de Guatemala,querer justificar sacar luz artada costilla pobre pueblo guatemala,[],[],[],[]
UgwsCWap2Jq1pNrLOWl4AaABAg,n8iP75gIpmw,UCQtSFINs1h6GHkpg9o5kMvg,UCE4rsXcgDb6e1-a9iTbWzfg,@MacarioMartinezruiz,@MacarioMartinezruiz,False,,12,0,hace 2 años,Lo felicito  periodista de alto valor por decirle la verdad al diputado Rodas,felicito periodista alto valor diputado rodas,[],[],[],[]
UgwtcR5U0FAkeZsiVVt4AaABAg,06mFNPU0aB8,UC2ngpd8UBQu4gcUYy0goAtg,UCVpSRoZgngfSL03Nlbjtq9A,@juliohernandez7438,@juliohernandez7438,False,,0,0,hace 2 semanas,Metanlos a la carcel y como se bisten de mujer que les echen chuso por maricones,metan cárcel bistar mujer echar chuso maricón,[],[],[],[]
Ugwvm2HYh08HI1HkcXV4AaABAg,PjmxCj-a9Hg,UC7IMsCxfZyWN7YQo8-JYa6Q,UC-ZtFBHzgkYFh7whZkuR_Ag,@Burgos68,@Burgos68,False,,1,0,hace 1 año (editado),"Muchísimas gracias Sr. y excelentísimo Presidente Constitucional de la República de Guatemala,  por trabajar enormemente por todos los ciudadanos y también por unir sus esfuerzos con el Gobierno de los Estados Unidos Mexicanos,  porque el Turismo va hacer el mejor puente para incrementar la economía de todas aquellas personas al rededor del mundo, que quieran conocer más de esta cultura Maya compartida y la cual nos hace sentirnos hermanos con ese gran país. MÉXICO Y GUATEMALA UNIDOS POR SIEMPRE 💕",muchísimas gracias sr. excelentísimo presidente constitucional república guatemala trabajar enormemente ciudadano unir esfuerzo gobierno unidos mexicanos turismo puente incrementar economía persona rededor mundo querer cultura maya compartido sentir hermano país méxico guatemala unidos 💕,[],[],[],['💕']
UgwvvK1L0aLOhCMUzfN4AaABAg,n8iP75gIpmw,UCzSfZlOVxBSs5ObD25ywxDQ,UCE4rsXcgDb6e1-a9iTbWzfg,@GilmarMaldonado-q9m,@GilmarMaldonado-q9m,False,,0,0,hace 2 años,Y haci vienen corriéndo para que él pueblo voté por ustedes no piensan en él pueblo que está sufriendo por un sueldo minusioso partida de ladrones corruptos hijos de la fiscal nietos de giamatey hijastros de Miguel Martínez sinó gana en el congreso renuncien también aprueben la ley para sacar ala fiscal aganlo,venir corriéndo pueblo voté pensar pueblo sufrir sueldo minusioso partida ladrón corrupto hijo fiscal nieto giamatey hijastro miguel martínez sinar ganar congreso renuncien apruebir ley sacar ala fiscal aganlo,[],[],[],[]
UgwwH4OIcVCCN6SbBX14AaABAg,n8iP75gIpmw,UCLFdHr9BEbXHkoJopbEPLZw,UCE4rsXcgDb6e1-a9iTbWzfg,@kanterra4584,@kanterra4584,False,,13,0,hace 2 años,"Deberían ir a comer al mercado central les queda cerca, llegan a pie y contribuyen con la pequeña empresa.
Ir a donde van y pagar con dinero de los tributos es lujurioso e insulta al pueblo soberano.",deber comer mercado central quedar cerca llegar pie contribuir pequeño empresa pagar dinero tributo lujurioso insulta pueblo soberano,[],[],[],[]
UgwwKfLmhHVU-Oxzqtl4AaABAg,n8iP75gIpmw,UCNkcuy42zEwddwEcOd_HpnA,UCE4rsXcgDb6e1-a9iTbWzfg,@vanigomez492,@vanigomez492,False,,3,0,hace 2 años,"No justifico lo del diputado, pero quisiera ver una entrevista similar en la administración anterior, ahí no! Porq tambien a los d con criterio les salpicaba la corrupción",justifico diputado querer entrevista similar administración porqir criterio salpicar corrupción,[],[],[],[]
UgwwPrhCy2levkb6TRd4AaABAg,ndAZjHqzzT8,UCJp3OrVYcBorC94sKwdch_A,UCE4rsXcgDb6e1-a9iTbWzfg,@ULJoshmg2011,@ULJoshmg2011,False,,0,0,hace 1 año,"Otro detalle muy interesante es para la mayoría que usamos líneas prepago; hay muchos abusos por parte de las empresas, una de ellas por ejemplo te roba el saldo cuando haces una recarga sin haberte asignado ningún paquete; aluden a que sino te asignas un paquete el consumo del saldo corre si usas internet; una recarga de Q100 se consume en 5 min.  Esto no está regulado  la verdad en Guate; la otra compañía es más legal en esto; almenos no te permite navegar sino has asignado paquete. El monopolio nunca será nada bueno, en mi caso opté por quitar cable y servicios asociados tuve demasiados abusos, cobros anticipados,  costos  muy altos y final quedas indefenso. Solo opté por un prepago para Internet lo mínimo necesario, para poder ver YouTube. No consumimos nada más, dejamos de ver TV desde la pandemia, es mejor leer y escuchar la radio, no hay que darles gusto a estas empresas que abusan y roban.  Los que puedan tener internet satelital los felicito es mejor que la corrupcion de las dos empresas  actuales.",detalle interesante mayoría línea prepago abuso empresa ejemplo robar saldo recarga haberte asignar paquete aludir asignar paquete consumo saldo correr internet recarga q100 consumir min regulado guate compañía legal almeno permitir navegar asignar paquete monopolio caso optar quitar cable servicio asociado abuso cobro anticipado costo alto queda indefenso optar prepago internet mínimo necesario youtube consumir dejar tv pandemia leer escuchar radio gusto empresa abusar robar internet satelital felicito corrupción empresa actual,[],[],[],[]
UgwxjmtBoAozs0ZUAcd4AaABAg,is3Mk5oC19g,UCdFlugHJJa4l3YqWuNRmvXw,UCt5Dw7ePnn0AqPqRF8Xpjkw,@MarcosCarillo-b1r,@MarcosCarillo-b1r,False,,0,1,hace 1 día,Al que tienen que enjuiciar es al comparator por comparator obgwtos robados,enjuiciar comparator comparator obgwto robado,[],[],[],[]
UgwxjmtBoAozs0ZUAcd4AaABAg.AaAbqoGVGipAaAjNG9oPRN,is3Mk5oC19g,UCLh1Kde4_vI1sTZBkTNP7RQ,UCt5Dw7ePnn0AqPqRF8Xpjkw,@JoelReynoso-d4r,@JoelReynoso-d4r,True,UgwxjmtBoAozs0ZUAcd4AaABAg,0,0,hace 1 día,que?,,[],[],[],[]
UgwypjUeZBU45DrrW0d4AaABAg,n8iP75gIpmw,UCThW2XNsAaBKme5PUt7n-Zg,UCE4rsXcgDb6e1-a9iTbWzfg,@thelmamoran8565,@thelmamoran8565,False,,0,0,hace 2 años,Yo no entiendo por qué están ahorita con todas estas cosas por qué no lo hacían cuando estaban los corruptos Alvaro Arzú Alan Rodríguez. La señora está evangélica que acaba de salir no entiendo por qué no les decían eso a ellos porque tiene que ser hasta ahora es tonto,entender ahoritar cosa corrupto alvaro arzú alan rodríguez señora evangélico acabar salir entender tonto,[],[],[],[]
Ugwz_6qtdDTbTWEUQQ94AaABAg,n8iP75gIpmw,UC6YSZqL0vEcI-niPKIMUGfw,UCE4rsXcgDb6e1-a9iTbWzfg,@maxwellsales885,@maxwellsales885,False,,2,0,hace 2 años,"Ni el mismo lo cree, estos son sinverguenzas y se pasan de pija, cómo se sentirá la familia tener a alguien mañoso, mafioso, sin vergüenza como marido y como padre, es triste",creer sinvergüenza pasar pija sentir familia alguien mañoso mafioso vergüenza marido padre triste,[],[],[],[]
Ugx-G2kCu5aSwh3IR5l4AaABAg,n8iP75gIpmw,UCNBnKqWf4d-rS4HwJRQljmQ,UCE4rsXcgDb6e1-a9iTbWzfg,@LE_A22,@LE_A22,False,,1,0,hace 2 años,"Y CUANDO VAN HABLAR DE LOS GASTOS DEL PRESIDENTE? La carne la bomba de la piscina los salarios exagerados,los aumentos incluso el nepotismo? ó a él no? De él no se puede hablar? Los regañan?",hablar gasto presidente carne bomba piscina salario exagerado aumento nepotismo hablar regañar,[],[],[],[]
Ugx-cQ3Wf3whk_hssDR4AaABAg,06mFNPU0aB8,UCO0zwwLWGyDgQmWPJ5Qrr1w,UCVpSRoZgngfSL03Nlbjtq9A,@elsalvador3605,@elsalvador3605,False,,3,0,hace 2 semanas,Por qué siempre tapan la cara de los delincuentes,tapar cara delincuente,[],[],[],[]
Ugx-hH6Ysw9sdv3kHPN4AaABAg,j43HgwYFKfk,UCwjUvRseNtJoItylIyIez7Q,UCE4rsXcgDb6e1-a9iTbWzfg,@Silviazea,@Silviazea,False,,0,0,hace 1 año,¡Fuera esa basura de mazariegos!,basura mazariego,[],[],[],[]
Ugx1reCoIQcnK3ii2GR4AaABAg,n8iP75gIpmw,UCTwSut16JyAg3mX6LVUNGqA,UCE4rsXcgDb6e1-a9iTbWzfg,@SuperVictor2005,@SuperVictor2005,False,,0,0,hace 2 años,"Que gasten todo lo que les pegue la regalada gana, siempre y cuando que lo paguen con su mismo sueldo o dinero como cualquier empleado público, lo que no es admisible es  que estas ratas solo se recetan estos mega gastos por un almuerzo, porque ellos mismos se los permiten.
Ya basta!!! Asi como estos diputados, PNC de la capital, entre otros empleados públicos selectos tengan privilegios de esta naturaleza, mientras que otros tienen que costear transporte, alimentación, internet, entre otras cosas con su propio sueldo o dinero.",gastar pegar regalada ganar pagar sueldo dinero empleado público admisible rata recetar megar gasto almuerzo permitir bastar diputado pnc capital empleado público selecto privilegio naturaleza costear transporte alimentación internet cosa sueldo dinero,[],[],[],[]
Ugx2ApaAMqe4ca4SCYx4AaABAg,n8iP75gIpmw,UCLggDc_a5HriXv7I1h02sOA,UCE4rsXcgDb6e1-a9iTbWzfg,@guillermogonzalez5153,@guillermogonzalez5153,False,,3,0,hace 2 años,"Hablemos de cosas relevantes,,,,y No de lo irrelevantes......jajajajaja","habler cosa relevantes,,,,y irrelevante jajajajajar",[],[],[],[]
Ugx2LwWBVc3mFGJAinB4AaABAg,n8iP75gIpmw,UC5H8ASmMC9WrURmzeB4ySog,UCE4rsXcgDb6e1-a9iTbWzfg,@ManuelEdran,@ManuelEdran,False,,2,0,hace 2 años,Ya es calor...jejej,calor jejej,[],[],[],[]
Ugx2byJzZBZkDMQMUqV4AaABAg,n8iP75gIpmw,UCwO2SXr0ggzwg6QWWrr01nQ,UCE4rsXcgDb6e1-a9iTbWzfg,@ricardofigueroa5720,@ricardofigueroa5720,False,,11,0,hace 2 años,No se le cree nada a ese diputransa,creer diputransa,[],[],[],[]
Ugx3uDgmZQhx3Z3VOzt4AaABAg,j43HgwYFKfk,UC816IGbFCZinfYS1LRDaaHg,UCE4rsXcgDb6e1-a9iTbWzfg,@ingenieroar,@ingenieroar,False,,1,0,hace 1 año,mapa de poder USAC,mapa usac,[],[],[],[]
Ugx3yIUZXGeiOVESIEl4AaABAg,n8iP75gIpmw,UC3qn1yJA5PeW9rkGPatQxiw,UCE4rsXcgDb6e1-a9iTbWzfg,@VICTOREST19,@VICTOREST19,False,,7,0,hace 2 años,Que ese diputado que muestre la factura donde diga que de su bolsillo fue pagado??,diputado mostrar factura bolsillo pagar,[],[],[],[]
Ugx4dn4xlUl9Jp9QJeJ4AaABAg,6W4u8sGEnGM,UCaT4saRcyqCLE657Rq2hhZQ,UC-ZtFBHzgkYFh7whZkuR_Ag,@elmilenial4064,@elmilenial4064,False,,0,0,hace 5 días (editado),Tio berny presidente 2032😁,tio berny presidente 😁,[],[],[],['😁']
Ugx6Wjc02tqpQUBf4NJ4AaABAg,yLZS3JiEBg8,UCc_F88PzGWtA1OPNUEASulA,UCE4rsXcgDb6e1-a9iTbWzfg,@rockyscarlet,@rockyscarlet,False,,0,0,hace 2 años,Los hipócritas de la ufm todavía alaban a Milei. Lo primero que haría sería quitar todas las trabas que impiden el libre mercado.,hipócrita ufm alar milei quitar traba impedir libre mercado,[],[],[],[]
Ugx74OPnWkWaFjpFuA94AaABAg,n8iP75gIpmw,UCErZPJpHmLCsXs8ZWkAUupQ,UCE4rsXcgDb6e1-a9iTbWzfg,@dorisl.garciaroche7763,@dorisl.garciaroche7763,False,,2,1,hace 2 años,"Y será que si ya no se diera esa facilidad de efectivo para gastos de ese tipo, les interesaría seguir siendo diputados. O es por ese estilo de vida lo que les llama la atención ser diputados.",facilidad efectivo gasto tipo interesar seguir diputado estilo vida llamar atención diputado,[],[],[],[]
Ugx74OPnWkWaFjpFuA94AaABAg.A7ki-1ED5b2A7nIcG2_svP,n8iP75gIpmw,UCFjudnPLoaSL1BaRuLahyHg,UCE4rsXcgDb6e1-a9iTbWzfg,@HaroldoCastillo-rh9iw,@HaroldoCastillo-rh9iw,True,Ugx74OPnWkWaFjpFuA94AaABAg,1,0,hace 2 años,Cierto.,,[],[],[],[]
Ugx7Gvgflw7nQKqoR094AaABAg,lj983NWyAQY,UCFOxCyF926Y9eHhMeVoWLzw,UCXa6LVjBzUtmcM3cwbd9e2w,@arielsarc09,@arielsarc09,False,,3,0,hace 6 años (editado),"De todo corazon espero que se cumplan todos estos proyectos por el bien de mi gente linda, Dios bendiga a Guatemala.",corazón esperar cumplir proyecto gente lindo dios bendigar guatemala,[],[],[],[]
Ugx7ezRwB-DpY3VQt754AaABAg,n8iP75gIpmw,UC5H8ASmMC9WrURmzeB4ySog,UCE4rsXcgDb6e1-a9iTbWzfg,@ManuelEdran,@ManuelEdran,False,,1,0,hace 2 años,Minusiosas pero a la larga se vuelve millonarios. . Paguen sus almuerzos no se aprovechen del pueblo... casaka.,minusiosa larga volver millonario paguir almuerzo aprovechar pueblo casaka,[],[],[],[]
Ugx7j6oWhgfonHPJCdR4AaABAg,n8iP75gIpmw,UC72gBAtyb_VXQlYDcFrh6oQ,UCE4rsXcgDb6e1-a9iTbWzfg,@osmanmorales3012,@osmanmorales3012,False,,3,0,hace 2 años,Para que participo si el reclama y que a echo por el pais nada,participar reclama echo país,[],[],[],[]
Ugx8FxDKPAY-M_JhRgd4AaABAg,n8iP75gIpmw,UCi1b_TRQfgO1Z9O2gNGGWNA,UCE4rsXcgDb6e1-a9iTbWzfg,@davidisraelesquitsaquil,@davidisraelesquitsaquil,False,,0,0,hace 2 años,"Ahora se destapo la CORRUPCION Q EXISTIA Y AHORA SE CONTAMINO despues de ampliacion ahora DEUDAS a la Comunidad Internacional por PRESTAMOS para carreteras, ademas CONCESIONES A AEROPUERTOS, PUERTOS, LAS MISMAS CARRETERAS, todos millonario, EUROBONOS, vender al pais y CANASTA BASICA A Q10,000 todo lo van hacer PERO ESE DINERO QUE OBTENGAN SERA REGALO DEL 👹👹👹 Xq DIOS dara justicia en su momento la JUSTICIA DE DIOS con sus hijitos sera IMPLACABLE y omnipotente🇬🇹🇬🇹🇬🇹🇬🇹","destapo corrupción existia contamino ampliacion deudas comunidad internacional prestamos carretera concesión aeropuertos puertos carreteras millonario eurobonos vender país canasta basica q10,000 dinero obtengar regalo 👹 👹 👹 xq dios justicia momento justicia dios hijito implacable omnipotente 🇬🇹 🇬🇹 🇬🇹 🇬🇹",[],[],[],"['👹', '👹', '👹', '🇬🇹', '🇬🇹', '🇬🇹', '🇬🇹']"
Ugx8vuWdqsWZslsS9R14AaABAg,WIUZtitfLRw,UCvcu1kR8xMYy_I1Ty-2mV2Q,UCE4rsXcgDb6e1-a9iTbWzfg,@hashojea7348,@hashojea7348,False,,0,0,hace 1 año,Excelente nota,excelente nota,[],[],[],[]
Ugx90cmhNaRBNDou1BR4AaABAg,OkXlHx0hx-8,UCBlm80VQ4YoV3bUJR_XhkaQ,UCRwA1NUcUnwsly35ikGhp0A,@rosadiaz6945,@rosadiaz6945,False,,0,3,hace 1 día,Miserables el departamento de seguridad de USA,miserables departamento seguridad,[],[],[],[]
Ugx90cmhNaRBNDou1BR4AaABAg.AaA5Ej9IqgQAaBaWPRQg7K,OkXlHx0hx-8,UCi2KiZq63sRq8Mfbcp-MelQ,UCRwA1NUcUnwsly35ikGhp0A,@eugeneramirez4405,@eugeneramirez4405,True,Ugx90cmhNaRBNDou1BR4AaABAg,0,0,hace 20 horas,"There tired of fraud and corruption and lethal drugs. 
We AMERICANS HAVE VOTED!
you don't like our LAWS lezve!",there tired of fraud and corrupción and lethal drugs we americans have voted you don't like our laws lezve,[],[],[],[]
Ugx90cmhNaRBNDou1BR4AaABAg.AaA5Ej9IqgQAaCnVqXU5cy,OkXlHx0hx-8,UCBlm80VQ4YoV3bUJR_XhkaQ,UCRwA1NUcUnwsly35ikGhp0A,@rosadiaz6945,@rosadiaz6945,True,Ugx90cmhNaRBNDou1BR4AaABAg,0,0,hace 9 horas,"​ @eugeneramirez4405 
Go away, there's no way to prove you're American.",go away there's way to prove you'rir american,[],[],['@eugeneramirez4405'],[]
Ugx90cmhNaRBNDou1BR4AaABAg.AaA5Ej9IqgQAaCz3GqqPAJ,OkXlHx0hx-8,UCi2KiZq63sRq8Mfbcp-MelQ,UCRwA1NUcUnwsly35ikGhp0A,@eugeneramirez4405,@eugeneramirez4405,True,Ugx90cmhNaRBNDou1BR4AaABAg,0,0,hace 7 horas,"​ @rosadiaz6945 
Sure 👌 
Whatever you say!",sure 👌 whatever you say,[],[],['@rosadiaz6945'],['👌']
UgxCKgaQSm13r2z9hFd4AaABAg,j43HgwYFKfk,UColMq7LmaoY3MT6aIDGrGvA,UCE4rsXcgDb6e1-a9iTbWzfg,@quijotachapina1,@quijotachapina1,False,,0,0,hace 1 año,"Escuché que solo fingen que las reuniones son virtuales, pero las hacen en un hôtel y encima liquidan los gastos generados 😡",escuché fingen reunión virtual hôtel liquidar gasto generado 😡,[],[],[],['😡']
UgxCT5F3jO763e2aO-t4AaABAg,OkXlHx0hx-8,UCat2qkYvqmtDNEmo2PVuhXw,UCRwA1NUcUnwsly35ikGhp0A,@DoraSalas-j5o,@DoraSalas-j5o,False,,1,0,hace 1 día,Dicen quelos van a mandar a africa cuidao paisas,quelo mandar áfrica cuidao paisa,[],[],[],[]
UgxCjFHfuFk1jUGvoIB4AaABAg,lj983NWyAQY,UCSTAUWVc1_82DHYeqOsqEFA,UCXa6LVjBzUtmcM3cwbd9e2w,@TheAlexX_C,@TheAlexX_C,False,,191,2,hace 7 años,"Que bella es la Ciudad de Guatemala, unica en su clase. 
Saludos desde El Salvador 😸",bella ciudad guatemala único clase saludo salvador 😸,[],[],[],['😸']
UgxD16VX3BhREOtsuhJ4AaABAg,yLZS3JiEBg8,UCcFIBN-rtC3d3hXeuN5TfWw,UCE4rsXcgDb6e1-a9iTbWzfg,@DenisRMC,@DenisRMC,False,,0,0,hace 2 años,"Excelente explicación 
Te falto incluir la harina que al final es el mismo dueño de las pastas...eso se llama MONOPOLIO...y tiene nombre
Contra ellos no se puede..hasta este dueño del monopolio hasta apoyo al actual presidente..
Raro..??",excelente explicación faltar incluir harina dueño pasta llamar monopolio nombre dueño monopolio apoyo actual presidente raro,[],[],[],[]
UgxDBhcq11EK83DqrSZ4AaABAg,j43HgwYFKfk,UCV0lM03g5fg5pbPj97-sAtA,UCE4rsXcgDb6e1-a9iTbWzfg,@genarodelgado3929,@genarodelgado3929,False,,1,0,hace 1 año,"Excelente nota prensa!!
Compartan esta información para esos estudiantes ineptos y puedan conocer la realidad!!",excelente noto prensa compartar información estudiante inepto realidad,[],[],[],[]
UgxDFo35bUo0APtZcd94AaABAg,lj983NWyAQY,UC_ljZ1hZXR9pzexFz87P5ZA,UCXa6LVjBzUtmcM3cwbd9e2w,@ChRiStOpHeR7969,@ChRiStOpHeR7969,False,,0,0,hace 4 años,"balgame  DIOS   QUE  TAN  ATRASADOS  ESTAN   Y  CUANTO  TIEMPO  PARA  ESTAR  EN  LA  MODERNIDAD OJALA  Y  LO  LOGREN  ,  POR  CUANTOS  PRECIDENTES  TIENE  QUE  PASAR  Y  CONVENSER  PARA  QUE  ESTO  SEA  UNA  REALIDAD",balgame dios atrasados tiempo modernidad ojalá logren precidentes pasar convenser realidad,[],[],[],[]
UgxEE17R1iQyuDZebVF4AaABAg,06mFNPU0aB8,UCLXYp1Cvc5DLtq5UQL5D9vw,UCVpSRoZgngfSL03Nlbjtq9A,@jorgecifuentes-m5g,@jorgecifuentes-m5g,False,,3,1,hace 2 semanas,TransLadrones ?,transladrón,[],[],[],[]
UgxEE17R1iQyuDZebVF4AaABAg.A_UFk_pMAbMA_VZ_0Vdu89,06mFNPU0aB8,UCfjhejO7LZy4doXURa7LZCQ,UCVpSRoZgngfSL03Nlbjtq9A,@HonwayLee-z5g,@HonwayLee-z5g,True,UgxEE17R1iQyuDZebVF4AaABAg,0,0,hace 2 semanas,😂😂,😂 😂,[],[],[],"['😂', '😂']"
UgxE_8DGgJmaHaV_WLJ4AaABAg,n8iP75gIpmw,UCplrIQtaPj6au60_f2-mOYw,UCE4rsXcgDb6e1-a9iTbWzfg,@romeolopezherrarte799,@romeolopezherrarte799,False,,0,0,hace 2 años,JAJAJAJA  SE METEN A HACER UN PROYECTO DE FERROCARRIL  A GUATEMALA LA DEJAN COMO ÁFRICA,jajajaja meten proyecto ferrocarril guatemala dejan áfrica,[],[],[],[]
UgxEsAK7q3l34wFdZ414AaABAg,6W4u8sGEnGM,UCql1n3Ey6ULMSOACjMe-fxQ,UC-ZtFBHzgkYFh7whZkuR_Ag,@RolandoGonzalez-o7g,@RolandoGonzalez-o7g,False,,6,7,hace 6 días,"El Salvador que es un país tan pequeño está haciendo maravillas en su estructura su presidente.
  Y Guatemala que es un mega país, va tan atrasado como la  tortuga.",salvador país pequeño maravilla estructura presidente guatemala mega país atrasado tortuga,[],[],[],[]
UgxEsAK7q3l34wFdZ414AaABAg.A_zCnf5bSajA_zKDdWQaaO,6W4u8sGEnGM,UCZFQwqh90apuL8eFhvRBkUg,UC-ZtFBHzgkYFh7whZkuR_Ag,@luisricardo9671,@luisricardo9671,True,UgxEsAK7q3l34wFdZ414AaABAg,9,0,hace 6 días,"Nayib Bukele lleva 7 años como presidente de El Salvador teniendo todos los poderes del estado a su favor, y el de Guate con todas las trabas que le pusieron los 2 primeros años, y queres un mega pais en 3 años no jodas, ni un edificio de 15 niveles lo terminan en 4 años, no esperes que la corrupcion de 30 años la solucionen en un periodo de gobierno estan dejando simientos pero si seguimos poniendo presidentes como los antecesores de este olvidate que ese puente lo terminen y seguiras viendo el pais en ruinas.",nayib bukele año presidente salvador favor guate traba año quer mega país año joda edificio nivel terminar año esper corrupción año solucionar periodo gobierno dejar simiento seguir presidente antecesor olvidate puente terminir seguira país ruina,[],[],[],[]
UgxEsAK7q3l34wFdZ414AaABAg.A_zCnf5bSajA_zMcZPgoSk,6W4u8sGEnGM,UCoGdCoJg2Lh0OX_jv6cG16g,UC-ZtFBHzgkYFh7whZkuR_Ag,@Israel-u5i7i,@Israel-u5i7i,True,UgxEsAK7q3l34wFdZ414AaABAg,2,0,hace 6 días,​ @luisricardo9671 comentario bien acertado saludos amigo🧐🧐🧐,comentario acertado saludo amigo 🧐 🧐 🧐,[],[],['@luisricardo9671'],"['🧐', '🧐', '🧐']"
UgxEsAK7q3l34wFdZ414AaABAg.A_zCnf5bSajA_zX0eQk5DZ,6W4u8sGEnGM,UCyJhqmMbsvjpoarBBStA2kg,UC-ZtFBHzgkYFh7whZkuR_Ag,@Murmullodelbarrio,@Murmullodelbarrio,True,UgxEsAK7q3l34wFdZ414AaABAg,0,0,hace 6 días,"Vos risa das lagarto h..... e p....... a
Ya quisieras que esto lo tuvieras en el Salvador 
A chngr a su madre a su país agrandado de m.....",vos risar lagarto quisiera tuvierar salvador chngr madre país agrandado,[],[],[],[]
UgxEsAK7q3l34wFdZ414AaABAg.A_zCnf5bSajA_zXHoAX3hj,6W4u8sGEnGM,UCyJhqmMbsvjpoarBBStA2kg,UC-ZtFBHzgkYFh7whZkuR_Ag,@Murmullodelbarrio,@Murmullodelbarrio,True,UgxEsAK7q3l34wFdZ414AaABAg,3,0,hace 6 días,"​ @luisricardo9671 
Y ni así ha hecho algo similar el Bujele
Solo en seguridad ya se terminó toda la economía de el Pulgarcito y ya no tiene ni quien le preste más dinero",similar bujele seguridad terminar economía pulgarcito prestir dinero,[],[],['@luisricardo9671'],[]
UgxEsAK7q3l34wFdZ414AaABAg.A_zCnf5bSajA_zXUuRIq0q,6W4u8sGEnGM,UCyJhqmMbsvjpoarBBStA2kg,UC-ZtFBHzgkYFh7whZkuR_Ag,@Murmullodelbarrio,@Murmullodelbarrio,True,UgxEsAK7q3l34wFdZ414AaABAg,4,0,hace 6 días,"Vos Rolando
Tu Bujele lleva 7 años con la cuesta los chorros y ni eso puede terminar
Ja jaaaaaaaaa viva Guatemala",vos rolando bujele año cuesta chorro terminar ja jaaaaaaaaa vivo guatemala,[],[],[],[]
UgxEsAK7q3l34wFdZ414AaABAg.A_zCnf5bSajA_znUL05zze,6W4u8sGEnGM,UC63tFvbQ_hJhGDi2nbjssjw,UC-ZtFBHzgkYFh7whZkuR_Ag,@AbigailRodas-w2r,@AbigailRodas-w2r,True,UgxEsAK7q3l34wFdZ414AaABAg,2,0,hace 6 días,Que fácil te dejas engañar al parecer todas se las crees a Bukeli,fácil dejar engañar parecer crees bukeli,[],[],[],[]
UgxEsAK7q3l34wFdZ414AaABAg.A_zCnf5bSajAa0q77b9a3F,6W4u8sGEnGM,UCtCtts20bW6F9CSohau51Iw,UC-ZtFBHzgkYFh7whZkuR_Ag,@carlosgranados9875,@carlosgranados9875,True,UgxEsAK7q3l34wFdZ414AaABAg,0,0,hace 5 días,"Y cual mega maravillas de guanacolandia, un estadio chino, un metro cable de 3 kilometros de distancia y un via llamada los chorros que lleva como 5 años y nunca lo terminan. Por favor investiga un poco antes de abrir la bocota. Haaa¡ y se me olvidaba  la gran deuda externa que tienen.☝️🧐🇬🇹🇬🇹🇬🇹🇬🇹",megar maravilla guanacolandia estadio chino metro cable kilometro distancia via llamado chorro año terminar favor investigar abrir bocota haaa olvidar deuda externo ☝️ 🧐 🇬🇹 🇬🇹 🇬🇹 🇬🇹,[],[],[],"['☝️', '🧐', '🇬🇹', '🇬🇹', '🇬🇹', '🇬🇹']"
UgxEsAK7q3l34wFdZ414AaABAg.A_zCnf5bSajAa0qEPC8tJc,6W4u8sGEnGM,UCtCtts20bW6F9CSohau51Iw,UC-ZtFBHzgkYFh7whZkuR_Ag,@carlosgranados9875,@carlosgranados9875,True,UgxEsAK7q3l34wFdZ414AaABAg,0,0,hace 5 días,​ @Murmullodelbarrio 👍🇬🇹,👍 🇬🇹,[],[],['@Murmullodelbarrio'],"['👍', '🇬🇹']"
UgxEsAK7q3l34wFdZ414AaABAg.A_zCnf5bSajAa41uU3Anhg,6W4u8sGEnGM,UCWaRixDdpgllTBf4V0jPnKQ,UC-ZtFBHzgkYFh7whZkuR_Ag,@hectormaaz5523,@hectormaaz5523,True,UgxEsAK7q3l34wFdZ414AaABAg,0,0,hace 4 días,Por que votas por los payasos ledrones pollo roncos que han robado el pais trata de arrepentirte y no volver apoyar a sus amigos que ae estan preparando para buscar y pagar votantes,vota payaso ledrón pollo ronco robar país arrepentirte volver apoyar amigo ae preparar buscar pagar votante,[],[],[],[]
UgxFOJmnMHqi2dpDaZd4AaABAg,n8iP75gIpmw,UCcfdg8crmMJwEuLUsAhV7yg,UCE4rsXcgDb6e1-a9iTbWzfg,@RolandoRaguay,@RolandoRaguay,False,,1,0,hace 2 años,"Creo que no entienden los Sres periodistas, la comida de trabajo que se hace con personas ajenas del congreso se debe de pagar con dinero del pueblo, más no como antes que en las reuniones del congreso comían gratis todos los diputados",entender sres periodista comida trabajo persona ajeno congreso pagar dinero pueblo reunión congreso comer gratis diputado,[],[],[],[]
UgxFzCyhju6zPSl4zwZ4AaABAg,j43HgwYFKfk,UC6Uj1FT5JjDSF8vudvDxPAA,UCE4rsXcgDb6e1-a9iTbWzfg,@alfredoortega9264,@alfredoortega9264,False,,1,0,hace 1 año,Bendiciones a la licenciada periodista Vásquez que Dios proteja su camino y la guarde siempre durante su trabajo en pos de la universidad 🙏,bendiciones licenciada periodista vásquez dios protejar camino guarde trabajo pos universidad 🙏,[],[],[],['🙏']
UgxHqBlwo8Dpvv-2P5d4AaABAg,n8iP75gIpmw,UCj-LL25XJnjxepPKCc3NGog,UCE4rsXcgDb6e1-a9iTbWzfg,@anaaguirre8985,@anaaguirre8985,False,,1,0,hace 2 años,"Es claro nesecitan fondos=caja chica estos recursos deben ser canalizados e implementado  material utilizado las comidas podría ser en fondo general si tuviesen invitados en una sesión extendida, tener un piso por persona. (No comprar lujos)
Esperemos ver otras facturas de diferentes bancadas.
Y apoyo toda fiscalización",nesecitar fondo caja chico recurso canalizar implementar material utilizado comida fondo general invitado sesión extendido piso persona comprar lujos esperer factura bancada apoyo fiscalización,[],[],[],[]
UgxJQfg5iHA6vRWS0El4AaABAg,j43HgwYFKfk,UC1DpqK6vaPEkBOMNvypsKYg,UCE4rsXcgDb6e1-a9iTbWzfg,@HectorCarranza-u4j4o,@HectorCarranza-u4j4o,False,,0,0,hace 6 meses,se tiene unir el pueblo y zacar a este corrupto y.criminal xq el pueblo manda no es este mafioso xq este wualter masariego esta sin visa x tramposo es aliado al.pacto de.corruptos y.fe todos los terriristas,unir pueblo zacar corrupto y.criminal xq pueblo manda mafioso xq wualter masariego visa tramposo aliar al.pacto de.corrupto y.fe terrirista,[],[],[],[]
UgxK5IJwWigmJ56Xp7p4AaABAg,ndAZjHqzzT8,UCpsKOkt5iWTbenzeuq7dsmQ,UCE4rsXcgDb6e1-a9iTbWzfg,@inge_vergueta,@inge_vergueta,False,,1,0,hace 2 años,Magistral información. Que debería ser viral y llegar a toda la población...,magistral información deber viral llegar población,[],[],[],[]
UgxKfM_nJMsGTkKkM8V4AaABAg,n8iP75gIpmw,UCDftMWXQoJ6nONfY7GVOVjg,UCE4rsXcgDb6e1-a9iTbWzfg,@luisgpacheco5858,@luisgpacheco5858,False,,0,0,hace 2 años,"Diga hasta misa diputado hambriento, cualquier justificación es pretexto y deje de buscar protagonismo en un trabajo que no hace eficientemente, ojalá la gente sensata nunca más vuelva a dar un voto en una planilla en donde figuren tipos de esta vil calaña.",misa diputado hambriento justificación pretexto deje buscar protagonismo trabajo eficientemente ojalá gente sensato volver voto planilla figurir tipo vil calaño,[],[],[],[]
UgxLNf6Xy3xngPFLs594AaABAg,n8iP75gIpmw,UCYwpX26TrCxq8TvbKGRYLXA,UCE4rsXcgDb6e1-a9iTbWzfg,@beneficioelcaminovillacana8540,@beneficioelcaminovillacana8540,False,,3,0,hace 2 años,Sr diputado si ud sabe cuales son las condiciones del funcionamiento y sus consecuencias de ser diputado. Por qué se mete a ser diputado cual es su objetivo q le motiva  ser funcionario político. O acaso lo obligaron ?,sr diputado ud condición funcionamiento consecuencia diputado meter diputado objetivo motivar funcionario político acaso obligar,[],[],[],[]
UgxLSZD8ZrNFmd10RKR4AaABAg,n8iP75gIpmw,UCUIIIPTVDVHAXqhC_5V6lPA,UCE4rsXcgDb6e1-a9iTbWzfg,@gorrarota,@gorrarota,False,,0,0,hace 2 años,"Que desgraciado ese dipurrata, justificando lo injustificable... no sólo se reunen para planear sus transas si no que además pagamos la factura de esas reuniones y cuidado que menciona a Arévago con una de las transas que pretende hacer con lo de ""tecnología"" que dice es su trabajo como legislador.",desgraciar dipurrata justificar injustificable reunir planear transa pagar factura reunión cuidado mencionar arévago transa pretender tecnología trabajo legislador,[],[],[],[]
UgxNSGVebHMGSFI8zX94AaABAg,6W4u8sGEnGM,UCzZ6dDCEsLMXbc5pCFXIprw,UC-ZtFBHzgkYFh7whZkuR_Ag,@josegil3813,@josegil3813,False,,0,0,hace 6 días,"tendra' una vista maravillosa , pero lo feo sera' la vista del rio aguas negras muy negativo para el turismo internacional.-",tendra vista maravilloso feo vista rio agua negro negativo turismo internacional.-,[],[],[],[]
UgxNgFkGSE6nct4PF3V4AaABAg,PjmxCj-a9Hg,UCNIeXbV_mEwpa412h1aqUWw,UC-ZtFBHzgkYFh7whZkuR_Ag,@juandeleon9060,@juandeleon9060,False,,0,0,hace 1 año,Regresa. Y. Bas de buelta. Ala carsel....,regresa y. bas buelta alar carsel,[],[],[],[]
UgxOO0LIkZP1WvhR1U54AaABAg,ndAZjHqzzT8,UC_6KbBY1bsYXz9fwFS0eQRg,UCE4rsXcgDb6e1-a9iTbWzfg,@imrcp5694,@imrcp5694,False,,0,0,hace 2 años,Exelente 👌,excelente 👌,[],[],[],['👌']
UgxPHo503SIH-EmlR-t4AaABAg,6W4u8sGEnGM,UCV3fr-YOixFKCZBbJP1-X4w,UC-ZtFBHzgkYFh7whZkuR_Ag,@albertoshernandez5251,@albertoshernandez5251,False,,2,0,hace 6 días,"EL PRESIDENTE BERNARDO AREVALO TIENE QUE DAR SEGUNDA BUELTA COMO PRESIDENTE PARA QUE TERMINE TODOS LOS PROYECTOS QUE LOS ANTERIORES PRESINTES LADRONES NO FINALISARON .,EL PRESIDENTE BERNARDO AREVALO TIENE QUE DAR SEGUNDA BUELTA PORQUE SE VE MUY BIÉN QUE SI ESTA HACIENDO MUCHAS COSAS BUENAS EN GUATEMALA 👍.","presidente bernardo arévalo buelta presidente termine proyecto presint ladronser finalisaron .,el presidente bernardo arévalo buelta bién cosa guatemala 👍",[],[],[],['👍']
UgxPRaGm9MdlK4U6VPt4AaABAg,n8iP75gIpmw,UCDQaQv0hr2SS_PO-CMEwVHg,UCE4rsXcgDb6e1-a9iTbWzfg,@federicosaquimux1933,@federicosaquimux1933,False,,1,0,hace 2 años (editado),"Bueno, si lo tienen más que ""merecido"" por el trabajo por la patria, hay menús más baratos. Aunque lo justifica y lo rejustifica, no es merecido con tanta desnutrición y costo de la canasta básica.

Por honestidad, se puede reintegrar.",merecido trabajo patria menú barato justificar rejustifico merecer desnutrición costo canasta básico honestidad reintegrar,[],[],[],[]
UgxQC-ejR063rkAb1VB4AaABAg,yLZS3JiEBg8,UCefAH1MbvADWUjE9WVcB9EQ,UCE4rsXcgDb6e1-a9iTbWzfg,@jabriz8152,@jabriz8152,False,,0,0,hace 2 años (editado),"Y no hay manera de aprobar la ley de libre competencia, Guatepeor, aranceles, trabas a importaciones, suministros, hasta cuando",aprobar ley libre competencia guatepeor arancel trar importación suministro,[],[],[],[]
UgxR0AXNH_3DGn-T1494AaABAg,n8iP75gIpmw,UC72gBAtyb_VXQlYDcFrh6oQ,UCE4rsXcgDb6e1-a9iTbWzfg,@osmanmorales3012,@osmanmorales3012,False,,15,0,hace 2 años,Y para que participan si por el sueldo no es sino por robar,participar sueldo robar,[],[],[],[]
UgxR1eqvFSEtPNShD8x4AaABAg,6W4u8sGEnGM,UCEHXl4VvvVpq-_4xC5tsbhg,UC-ZtFBHzgkYFh7whZkuR_Ag,@anibalg47,@anibalg47,False,,7,0,hace 6 días,SEÑORES ESTE ES UN MEGA PROYECTO. DEBEMOS TRABAJAR Y PENSAR EN EL FUTURO DE GUATEMALA.AVANCEMOS HACIA ADELANTE.  DELANTE...,señores mega proyecto debemos trabajar pensar futuro guatemala.avancemos,[],[],[],[]
UgxS0pN-vg0fjeNSLeJ4AaABAg,6W4u8sGEnGM,UCeQk-WfEA-cJRq4EKeE7TOw,UC-ZtFBHzgkYFh7whZkuR_Ag,@franciscojuarez9223,@franciscojuarez9223,False,,0,0,hace 6 días,lamento arruinarles la fiesta pero dudo que esto logren materializarlo y si se logra que soporte un fuerte sismo... lo dudo... desde ya es un reto para el nivel de corrupción en el que vivimos y que se termine esta obra que si beneficiara a miles,lamento arruinarl fiesta dudo lograr materializar lograr soporte fuerte sismo dudo reto nivel corrupción vivir terminar obra beneficiar mil,[],[],[],[]
UgxTjz0jSJkZW5dGnSp4AaABAg,n8iP75gIpmw,UCkd9W714-947dEE6ZOEBATA,UCE4rsXcgDb6e1-a9iTbWzfg,@ARGELIATELON,@ARGELIATELON,False,,0,0,hace 2 años,"Nomás se sientan en el cargo de diputados y ministros y....les crecen ""los cachetes"" hasta les brillan y la barriga. Ej. Benito (tamaletas), Sinibaldi y otros. Y nuestros niños desnutridos....les viene del aire.",nomás sentar cargo diputado ministro crecer cachet brillan barriga ej benito tamaleta sinibaldi niño desnutrido venir aire,[],[],[],[]
UgxVUS-jkZU2DAjmNjR4AaABAg,n8iP75gIpmw,UCljDbleJul41G1TzOjOZAVA,UCE4rsXcgDb6e1-a9iTbWzfg,@hectorcarranza3777,@hectorcarranza3777,False,,1,0,hace 2 años,x eso es que estan bravos todos esos sinverguenzas xq ya no pueden hacer sus cochinadas ahora con don vernardo arevalo antes asian amedia noche a escondidas del pueblo ahora seles termino todo que verguenza que el pueblo sufriendo muchos problemas y eyos gosando de buenas dietas,bravo sinvergüenza xq cochinada don vernardo arévalo asiar amediar noche escondidas pueblo sel termino verguenzar pueblo sufrir problema eyo gosar dieta,[],[],[],[]
UgxW0ZnTohConSPgOpp4AaABAg,j43HgwYFKfk,UCGGHbtfbbe0o68etrOf0qxw,UCE4rsXcgDb6e1-a9iTbWzfg,@karensussetteleonvargas9794,@karensussetteleonvargas9794,False,,0,0,hace 6 meses,Exelente,excelente,[],[],[],[]
UgxWzoHDeFfVC7jrjzF4AaABAg,OkXlHx0hx-8,UCVdjCrh4tQoX3haNAZv-n5A,UCRwA1NUcUnwsly35ikGhp0A,@aurahernandez5646,@aurahernandez5646,False,,3,1,hace 1 día,Dios los bendiga y disfruten su familia Dios sabe lo que hace bendiciones para todos.,dios bendiga disfrutir familia dios bendición,[],[],[],[]
UgxWzoHDeFfVC7jrjzF4AaABAg.Aa9DdH5avRRAaB_gLYRAuw,OkXlHx0hx-8,UCi2KiZq63sRq8Mfbcp-MelQ,UCRwA1NUcUnwsly35ikGhp0A,@eugeneramirez4405,@eugeneramirez4405,True,UgxWzoHDeFfVC7jrjzF4AaABAg,0,0,hace 20 horas,If you're not a citizen you cannot stay!,if you'rir not citizen you cannot stay,[],[],[],[]
UgxXGkvxY-TdtPROWcV4AaABAg,j43HgwYFKfk,UCZeIIQrGAedW8tCbKWmGY-A,UCE4rsXcgDb6e1-a9iTbWzfg,@mariocordon8873,@mariocordon8873,False,,9,0,hace 1 año,No cabe duda que es el reflejo de la cooptacion que el pacto de corruptos a echo en todas las instituciones del pais.,caber duda reflejo cooptacion pacto corrupto echo institución país,[],[],[],[]
UgxXy9CurqMBEjFnVwF4AaABAg,ndAZjHqzzT8,UCvcu1kR8xMYy_I1Ty-2mV2Q,UCE4rsXcgDb6e1-a9iTbWzfg,@hashojea7348,@hashojea7348,False,,0,0,hace 2 años,"Excelente video, me acabo de suscribir al canal y ahora a ver los demás videos.",excelente video acabar suscribir canal video,[],[],[],[]
UgxZFzh6jzOX7Avhk1h4AaABAg,n8iP75gIpmw,UCFUuDARXdmmIrLppEqf-rFg,UCE4rsXcgDb6e1-a9iTbWzfg,@allanmunoz7410,@allanmunoz7410,False,,0,0,hace 2 años,"Es con criterio, no le podemos exigir mucho.",criterio exigir,[],[],[],[]
Ugx_gjcVH5SlIKBNTGh4AaABAg,yLZS3JiEBg8,UCCUmP4PlbwgikVFpYwbtRTg,UCE4rsXcgDb6e1-a9iTbWzfg,@alhvi,@alhvi,False,,3,0,hace 2 años,"Excelente trabajo. Sigan haciendo más vídeos así, explicando con lenguaje sencillo. Quisiera apoyarles más, pero les dejo mi like, comentario y comparto.",excelente trabajo sigar video explicar lenguaje sencillo querer apoyarl dejar like comentario comparto,[],[],[],[]
Ugxb-sknzjBr3wecCw94AaABAg,06mFNPU0aB8,UCfXykdbSU97rj987LDUGfvg,UCVpSRoZgngfSL03Nlbjtq9A,@MariaSantos-c8y3h,@MariaSantos-c8y3h,False,,1,0,hace 2 semanas,Por q no dan la cara,cara,[],[],[],[]
Ugxb1xcC9SSJ_5vSArF4AaABAg,j43HgwYFKfk,UC4Avya4kmR4Q0FrfFdBozSQ,UCE4rsXcgDb6e1-a9iTbWzfg,@davidlima1348,@davidlima1348,False,,11,0,hace 1 año,"Urge estudiantes y catedráticos con lucha social,en recuperar la autonomía universitaria,es urgente fiscalizar los bienes de quienes estuvieron apoyando a este rector,revisar viajesitos a muchos estudiantes que se vendieron urge una A.E.U. que ame la sancarlos y nuestro bendito país,urgente fiscalizarlos",urge estudiante catedrático lucha social recuperar autonomía universitario urgente fiscalizar apoyar rector revisar viajesito estudiante vendar urge a.e.u. amir sancar bendito país urgente fiscalizar,[],[],[],[]
Ugxbz7-04jLwadBMK_p4AaABAg,n8iP75gIpmw,UChep9kVb5gQmpodEEl10Xlg,UCE4rsXcgDb6e1-a9iTbWzfg,@carlosaguilar-kz7ml,@carlosaguilar-kz7ml,False,,0,0,hace 2 años,2000 quetzales todo una quincena se hartaron en un solo dia. Que joyitas estas que no piensan en el pueblo.,quetzale quincena hartar joyita pensar pueblo,[],[],[],[]
UgxcBa2IQb3I0JZcFax4AaABAg,6W4u8sGEnGM,UCtsxPYw8VUsH_FfnKg-0lmw,UC-ZtFBHzgkYFh7whZkuR_Ag,@AlejandroPérez-b6r,@AlejandroPérez-b6r,False,,2,0,hace 6 días,Lo del nombre es lo de menos ojala que si lo terminen esta vez,nombre ojalá terminir,[],[],[],[]
UgxcGV8-rD83ACvM0954AaABAg,n8iP75gIpmw,UCRlCV9zSn7avAWh-9_XFWqQ,UCE4rsXcgDb6e1-a9iTbWzfg,@ronyarana8849,@ronyarana8849,False,,1,0,hace 2 años,"No es un buen salario 25,000.00 quetzales dice entonces q puedo hacer yo con 3,000.00 tristes quetzales",salario quetzale trist quetzal,[],[],[],[]
UgxctiUZJriWwsE0a6J4AaABAg,n8iP75gIpmw,UCut6b9S98nv84cVX89PmKzA,UCE4rsXcgDb6e1-a9iTbWzfg,@yeniferaguirre4498,@yeniferaguirre4498,False,,0,0,hace 2 años,Échale un cuento completo este diputado y toda la bola de inservibles que fueron a comerse dinero del pueblo hasta sanguijuelas Oiga bien Dice que Cómo en el erario público y el gobierno como empresa donde una empresa produce dinero ellos gastan dinero desde una empresa no le da un bocado de comida a nadie si no produce ellos no producen ellos son los gastan,échalir cuento completo diputado bola inservibl comer dinero pueblo sanguijue oiga erario público gobierno empresa empresa producir dinero gastar dinero empresa bocado comida producir producir gastar,[],[],[],[]
Ugxd8fn-MEnc3SKPtid4AaABAg,6W4u8sGEnGM,UCfo_yUPzy1f1POwwZxhZ06Q,UC-ZtFBHzgkYFh7whZkuR_Ag,@lara11roberto,@lara11roberto,False,,1,0,hace 6 días,"Otto Pérez Leal dejó tirado un paso a desnivel en Molino Las Flores y Neto Bran ni se ha molestado en retomar. 
Hay diferencias de políticos. Arévalo, el tiempo le dará la razón.
La paciencia es una virtud.",otto pérez leal tirado paso desnivel molino flores neto bran molestar retomar diferencia político arévalo tiempo razón paciencia virtud,[],[],[],[]
UgxdfjiT5_VBaeADj7h4AaABAg,6W4u8sGEnGM,UCV3fr-YOixFKCZBbJP1-X4w,UC-ZtFBHzgkYFh7whZkuR_Ag,@albertoshernandez5251,@albertoshernandez5251,False,,4,0,hace 6 días,TODO EL APOYO PARA EL PRESIDENTE BERNARDO AREVALO 👏🎉👏🎉👏🎉👏,apoyo presidente bernardo arévalo 👏 🎉 👏 🎉 👏 🎉 👏,[],[],[],"['👏', '🎉', '👏', '🎉', '👏', '🎉', '👏']"
Ugxe0MXeW4ziwUMTfF54AaABAg,n8iP75gIpmw,UCTylKrsqkrBKIqubMu_5N0Q,UCE4rsXcgDb6e1-a9iTbWzfg,@edwingeovanymarroquinmarro6684,@edwingeovanymarroquinmarro6684,False,,1,0,hace 2 años,Jejejejejkee porque nosotros vivos con el minimo jejeje,jejejejejkee vivo mínimo jejeje,[],[],[],[]
UgxeJQgzDc124jVv7Fx4AaABAg,j43HgwYFKfk,UC5hvEnRUzI4Kfvwnyi4QxqQ,UCE4rsXcgDb6e1-a9iTbWzfg,@leonelsantizo5281,@leonelsantizo5281,False,,2,0,hace 1 año,Más claro imposible! Usac sigan en su lucha! Mientras comparto su video para que más personas se informen,imposible usac seguir lucha compartir video persona informar,[],[],[],[]
Ugxf6gnAtXKqV1Q_zRd4AaABAg,WIUZtitfLRw,UCVhif9eV0f8plICen2DnpKA,UCE4rsXcgDb6e1-a9iTbWzfg,@blogarteplus,@blogarteplus,False,,0,0,hace 1 año,"Excelente reportaje. Les comparto algo que escribí en mi blog sobre mi experiencia siendo peatón en la cabecera departamental de Jutiapa, acá en Guatemala. 
https://mrmannoticias.blogspot.com/2018/04/el-indomito-peaton-de-jutiapa.html",excelente reportaje compartir escribir blog experiencia peatón cabecera departamental jutiapa acá guatemala,['https://mrmannoticias.blogspot.com/2018/04/el-indomito-peaton-de-jutiapa.html'],[],[],[]
UgxfUxJfY_pjvu9318Z4AaABAg,n8iP75gIpmw,UC1vr9aaMI2crB0NvwFHUeoQ,UCE4rsXcgDb6e1-a9iTbWzfg,@JoseSimilox-p6e,@JoseSimilox-p6e,False,,0,0,hace 1 año,Ese diputado es mañoso y abusivo como todos solo de artar no hacen nada bueno por el pueblo ladrones el pueblo le paga de Ai tiene que pagar su almuerzo,diputado mañoso abusivo artar pueblo ladronser pueblo pagar ai pagar almuerzo,[],[],[],[]
UgxfnbtuhVQuDILnXj14AaABAg,n8iP75gIpmw,UCEgEQmRbtL5fwr9_DqAC--g,UCE4rsXcgDb6e1-a9iTbWzfg,@ArielRodas-g5y,@ArielRodas-g5y,False,,2,0,hace 2 años,Que no justifique. Trabajo es trabajo y tiene que haser algo,justificar trabajo trabajo haser,[],[],[],[]
Ugxgxziq7k4s9WwmauB4AaABAg,lj983NWyAQY,UCIUhbSCy3-SGRe5UtqM4fzQ,UCXa6LVjBzUtmcM3cwbd9e2w,@jeanmorales1677,@jeanmorales1677,False,,1,0,hace 4 años,Es problema es el exceso de vehículos y eso nadie lo podrá resolver sin contar la falta de educación vial que genera bastante tráfico ya q todos quieren pasar al mismo tiempo. Pero son buenos proyectos.,problema exceso vehículo resolver contar falta educación vial generar tráfico querer pasar tiempo proyecto,[],[],[],[]
UgxiEgXuexKPtHEwAQJ4AaABAg,OkXlHx0hx-8,UCozFYHN0e_-vlQbX3wQGOug,UCRwA1NUcUnwsly35ikGhp0A,@jesusguzman2321,@jesusguzman2321,False,,5,2,hace 1 día,Esa son la noticia de univision y Telemundo  no dan otra positiva al gobierno  ya lo estamos desenmascarando  su manipulación,noticia univision telemundo positiva gobierno desenmascarar manipulación,[],[],[],[]
UgxiEgXuexKPtHEwAQJ4AaABAg.Aa9HLCNywwKAa9OgyseDes,OkXlHx0hx-8,UCQMMuADgqWUOcJpLwHOzC-g,UCRwA1NUcUnwsly35ikGhp0A,@Ripped-Yoda,@Ripped-Yoda,True,UgxiEgXuexKPtHEwAQJ4AaABAg,0,0,hace 1 día,Bajo el crimen y la oferta de casas crecio en Texas…..lastima por tamto ilegal,crimen oferta casa crecio texas lastima tamto ilegal,[],[],[],[]
UgxiEgXuexKPtHEwAQJ4AaABAg.Aa9HLCNywwKAa9ZeEQh7n7,OkXlHx0hx-8,UC-QOpE7GOxlXcHZ8b7HbQKA,UCRwA1NUcUnwsly35ikGhp0A,@mariaalexander427,@mariaalexander427,True,UgxiEgXuexKPtHEwAQJ4AaABAg,0,0,hace 1 día,💯Correcto.  Unicoyote y Telementiras ya jartan con la misma novela y teatro todos los dias.,💯 correcto unicoyote telementiras jartar novela teatrir,[],[],[],['💯']
Ugxj76_NAyOnh_vsgMV4AaABAg,lj983NWyAQY,UC0RpuMwkDKJYqgKHtsJRuWQ,UCXa6LVjBzUtmcM3cwbd9e2w,@sabinamarinaguerra3248,@sabinamarinaguerra3248,False,,113,1,hace 7 años,Se ve moderna Y bella la ciudad de Guatemala .......Saludos desde Ecuador,moderno bello ciudad guatemala saludo ecuador,[],[],[],[]
UgxkcFai5KbeHyhGbnF4AaABAg,6W4u8sGEnGM,UC-HeUTT6_g-VoiWds2a4H-w,UC-ZtFBHzgkYFh7whZkuR_Ag,@JorgeMunoz-gd9et,@JorgeMunoz-gd9et,False,,0,0,hace 6 días,Señor presidente enfoque se en combatir la delincuencia y usted será recordado como el mejor presidente de Guatemala,señor presidente enfoque combatir delincuencia recordar presidente guatemala,[],[],[],[]
Ugxl5bLZ1llR9fV0V0l4AaABAg,n8iP75gIpmw,UC2Y_EHWQKevubk4vOEBBFxw,UCE4rsXcgDb6e1-a9iTbWzfg,@alfonsomorales2653,@alfonsomorales2653,False,,1,0,hace 2 años,"Demos Like y comentemos en este tipo de contenido, asi mas gente se entera de estos tranzas 
Risa dá que pida que hanlen de lo que ""hace bien""..... Es su trabajo pedazo de M",demos like coment tipo contenido gente entera tranzas risa dá pedir hanlar trabajo pedazo,[],[],[],[]
UgxoLjEjkngSVGZvO1N4AaABAg,j43HgwYFKfk,UCpsKOkt5iWTbenzeuq7dsmQ,UCE4rsXcgDb6e1-a9iTbWzfg,@inge_vergueta,@inge_vergueta,False,,2,0,hace 1 año,👏👏👏👏👏👏,👏 👏 👏 👏 👏 👏,[],[],[],"['👏', '👏', '👏', '👏', '👏', '👏']"
Ugxoc10_rBva4f6IW2N4AaABAg,n8iP75gIpmw,UCwW2OFy95P7ZBkOPxWkpvYg,UCE4rsXcgDb6e1-a9iTbWzfg,@TeresaLucero-b5o,@TeresaLucero-b5o,False,,1,0,hace 2 años,Que devuelvan el pisto ...,devolver pisto,[],[],[],[]
UgxovP0Yh3_qrKdrKrp4AaABAg,yLZS3JiEBg8,UCwEe1RKlEv1UpNWmWYfSh4w,UCE4rsXcgDb6e1-a9iTbWzfg,@marioramirez299,@marioramirez299,False,,0,0,hace 2 años,"Primera contradicción ¿Cómo le van a poner un conjunto de reglas a un ""libre mercado"". Al hacer la ley ya no será un libre mercado.

El problema no es la falta de ley. El problema es el sistema capitalista. No hay que darle tanta vuelta",contradicción conjunto regla libre mercado ley libre mercado problema falta ley problema sistema capitalista vuelta,[],[],[],[]
UgxpFKbiejsVGSNIcTh4AaABAg,n8iP75gIpmw,UCQtICyzWmhC5woCtbNgaSmg,UCE4rsXcgDb6e1-a9iTbWzfg,@nestormendez6216,@nestormendez6216,False,,0,0,hace 2 años,Esa bancada Cabal y otros siguen en la terquedad de gastar en comida. A nadie le deben pagar su comida. A nadie. NADIE.,bancado cabal seguir terquedad gastar comida pagar comida,[],[],[],[]
UgxqEChOyWebtVaqy-V4AaABAg,n8iP75gIpmw,UCDlr1VadSucIZgZ171pRBjQ,UCE4rsXcgDb6e1-a9iTbWzfg,@cuabatzjj5924,@cuabatzjj5924,False,,0,0,hace 2 años,Soy yo vi Cua Batz,cua batz,[],[],[],[]
UgxqSfWMWvqMX8tiC5x4AaABAg,n8iP75gIpmw,UCHhHUjaMAZ8SiXdCUCj9DkQ,UCE4rsXcgDb6e1-a9iTbWzfg,@fredymendez1786,@fredymendez1786,False,,2,0,hace 2 años,"me imagino que en los horarios que deberian de estar trabajando estan durmiendo por eso aparecen , dicen que trabajando pero es es solamente haciendo carnitas asadas y cerveciando.",imaginar horario deberiar trabajar dormir aparecer trabajar carnita asada cerveciar,[],[],[],[]
UgxrZBO3MtEqcgXAIEN4AaABAg,lj983NWyAQY,UCxKR3RA8T-kxMgq_2WWhRcQ,UCXa6LVjBzUtmcM3cwbd9e2w,@elenaluarca9377,@elenaluarca9377,False,,329,5,hace 7 años,"Que bueno que Guatemala sea una cuidad bonita y ojalá todos los proyectos sean realidad. Se los deseo con todo corazón de una salvadoreña que gusta mucho de la cuidad de Guatemala , donde me crie y viví por mucho tiempo y la considero mi segundo país, viva Guatemala y viva todo Centroamérica.",guatemala ciudad bonito ojalá proyecto realidad desear corazón salvadoreño gustar ciudad guatemala crie viví tiempo considero país vivo guatemala vivir centroamérica,[],[],[],[]
UgxswojCyw1a0RuHVEp4AaABAg,3Nfp9h5avBI,UCJxJC56BSAX-ArD0NAb9qnQ,UCdSVqHGHzyMTXSafUHY-e-w,@alfonsowilian9157,@alfonsowilian9157,False,,0,0,hace 22 horas,La persona encargada del ecosistema que ayude a este problema.,persona encargado ecosistema ayudar problema,[],[],[],[]
UgxuO_1lX_-jTQfAzZx4AaABAg,lj983NWyAQY,UCqilIa8r7iek5sGYg_q6ofA,UCXa6LVjBzUtmcM3cwbd9e2w,@rolandojuchuna484,@rolandojuchuna484,False,,52,1,hace 7 años,Sería  muy bueno construir el tren a nivel departamentales hacia la ciudad de Guatemala,construir tren nivel departamental ciudad guatemala,[],[],[],[]
UgxudaO35O8XcM9Wu4t4AaABAg,3Nfp9h5avBI,UCyor0Mmm0ivLX2jIdyGp84Q,UCdSVqHGHzyMTXSafUHY-e-w,@MiguelJordan-n3g,@MiguelJordan-n3g,False,,0,0,hace 23 horas,Q  recuerdos esta dejando semiya se pierden armas del estado la delincuencia no reduse,recuerdo dejar semiya perder arma delincuencia reduse,[],[],[],[]
UgxvgdNqovIhqUZDxUx4AaABAg,j43HgwYFKfk,UCpe5jW3MIqkgTJ-PgkzvM6Q,UCE4rsXcgDb6e1-a9iTbWzfg,@carloslam5333,@carloslam5333,False,,1,0,hace 1 año,Y los estudiantes de la usac que han echo?,estudiante usac acer,[],[],[],[]
UgxvmbFNm6tYRX6yfLN4AaABAg,n8iP75gIpmw,UCz3gu01bmjNv0DpRq-K3XYg,UCE4rsXcgDb6e1-a9iTbWzfg,@eusebiovasquez4385,@eusebiovasquez4385,False,,1,0,hace 2 años,Pero que trabajo ase este delincuente si sólo robar,trabajar ar delincuente robar,[],[],[],[]
Ugxvt0tvqY4UlDS2hoh4AaABAg,j43HgwYFKfk,UCuXmOjxC-htcprLgeVXz6Tg,UCE4rsXcgDb6e1-a9iTbWzfg,@jorgeaguilar-bq3uj,@jorgeaguilar-bq3uj,False,,1,0,hace 1 año,"FUERA MAZARIEGOS DE LA USAC, TÍTERE DEL PACTO DE CORRUPTOS!!!
Guatemala necesita que CICIG vuelva y reinicie la lucha anti corrupción, el pacto de corruptos encabezado por la fundación contra el terrorismo ya tiene cooptadas todas las instituciones de justicia, especialmente el MP. 👍⚖️",mazariegos usac títere pacto corrupto guatemala necesitar cicig volver reinicie lucha anti corrupción pacto corrupto encabezado fundación terrorismo cooptada institución justicia especialmente mp 👍 ⚖️,[],[],[],"['👍', '⚖️']"
UgxvxNmPMdRuRDptJQN4AaABAg,PjmxCj-a9Hg,UCNIeXbV_mEwpa412h1aqUWw,UC-ZtFBHzgkYFh7whZkuR_Ag,@juandeleon9060,@juandeleon9060,False,,2,0,hace 1 año,Porque. No salen. Acombatir LA seguridad. En las calles. Acombatir LA corruption. Policiacas...,salir acombatir seguridad calle acombatir corrupción policiacas,[],[],[],[]
Ugxw_1trnd8loD3302V4AaABAg,n8iP75gIpmw,UCySYJU5kUh7X8gVt9la2ISA,UCE4rsXcgDb6e1-a9iTbWzfg,@dantesarti4351,@dantesarti4351,False,,0,0,hace 1 año,"Porque no hacen sus reuniones de ''trabajo'' en el comedor de doña Chonita, como dijo giammattei, almuerzos de Q25.00 y pagados con sus sueldos.",reunión trabajo comedor doña chonita giammattei almuerzo q25.00 pagado sueldo,[],[],[],[]
UgxxNu7QTJHuAgFaEYN4AaABAg,n8iP75gIpmw,UCHTGCgY2l-DQJIvlA_cpa_Q,UCE4rsXcgDb6e1-a9iTbWzfg,@virgiliogarcia3039,@virgiliogarcia3039,False,,0,0,hace 2 años,El pueblo ya estaba trankilo ya que segun decian les habian quitado el almuerzo a esos ladronasos pero me estoy dando cuenta que no el pueblo les estamos pagando un sueldo jugoso y todabia pagando sus comidas que desgracia que hase ese presidente del congreso y el del pais bernardo arebalo engañadores al pueblo que pasa Nery Ramos,pueblo trankilo deciar habiar quitar almuerzo ladronaso pueblo pagar sueldo jugoso todabio pagar comida desgraciar har presidente congreso país bernardo arebalo engañador pueblo pasar nery ramos,[],[],[],[]
UgxxdDS3FUc53KWN3KF4AaABAg,OkXlHx0hx-8,UCPNXmbOBVeC4HS-xemvcPtQ,UCRwA1NUcUnwsly35ikGhp0A,@BelkisRodriguezRamirez,@BelkisRodriguezRamirez,False,,2,3,hace 1 día,"Si alguien viene a mi casa sin invitación yo no lo dejo entrar y si entra a la fuerza se busca un problema,eso pasa con los inmigrantes que entraron ilegalmente.",alguien venir casa invitación dejar entrar entrar fuerza buscar problema pasar inmigrante entrar ilegalmente,[],[],[],[]
Ugxy4k7pO6jFtwyDyFp4AaABAg,n8iP75gIpmw,UCtUR3_CAiE7fCoZHM6cMfyQ,UCE4rsXcgDb6e1-a9iTbWzfg,@mdelcid01,@mdelcid01,False,,10,0,hace 2 años,Rodas se le olvida que reciven un jugoso salario por el trabajo que hacen.,rodas olvidar recivar jugoso salario trabajo,[],[],[],[]
Ugxz9vnSvQJNt4YNbYV4AaABAg,WIUZtitfLRw,UCGj2v6Gl5bN8NSrzJMXS-CA,UCE4rsXcgDb6e1-a9iTbWzfg,@juliogutierrez492,@juliogutierrez492,False,,0,0,hace 1 año,El respeto paso peatonal no existe en ningún lado y las personas tienen que esquivar a los carros por qué no respetan y las motos se pasan en rojo se lo pasan llevando a uno,respeto paso peatonal persona esquivar carro respetar moto pasar rojo pasar,[],[],[],[]
UgxzETIqBajjXFTGd_R4AaABAg,yLZS3JiEBg8,UCbrtvygfRT6QXqWDNrOf-cA,UCE4rsXcgDb6e1-a9iTbWzfg,@Alejandro00710,@Alejandro00710,False,,0,0,hace 2 años,"Y solo con esta información nos damos con la realidad del CACIF y sus intereses, estamos jodidos si no hacemos algo.",información realidad cacif interés jodido,[],[],[],[]
UgxzN9_I9vkDCdX_8dN4AaABAg,n8iP75gIpmw,UCOh6DaZC_x9HASnlRylEMfw,UCE4rsXcgDb6e1-a9iTbWzfg,@AndresMedina-v1s,@AndresMedina-v1s,False,,0,0,hace 2 años,Si se reformarla ley de partidos políticos esos infelices jamás en la historia pondrian un pie En el congreso y muy probablemente terminarían en la carcel,reformar ley partido político infeliz jamás historia pondriar pie congreso probablemente terminarir cárcel,[],[],[],[]
Ugy0LbKWrqUFhWPRoKN4AaABAg,n8iP75gIpmw,UCL1MT278vSaQ83ZDkVWn1gw,UCE4rsXcgDb6e1-a9iTbWzfg,@elmorodriguez6978,@elmorodriguez6978,False,,20,0,hace 2 años,"Que estos diputados no se rían y burlen del pueblo desnutrido y muriéndose de hambre. Llegará el momento y no será muy tarde para nosotros que los pusimos los tengamos que sacar de su caja de oro y cuando el pueblo se levante y los saque de su chiquero van a arrepentirse de lo mal de sus acciones. Así será para los miembros de la CC,MP,CONGRESO,CSJ,OJ y otros que han apañado las burlas al pueblo. 48 cantones también vendrán a salvar al pueblo. Estamos artos de tanta corrupción.",diputado rir burlen pueblo desnutrido morir hambre llegar momento sacar caja oro pueblo levantar saque chiquero arrepentir acción miembro cc mp congreso csj oj apañar burla pueblo cantón venir salvar pueblo arto corrupción,[],[],[],[]
Ugy0LbKWrqUFhWPRoKN4AaABAg.A7epXgDRFjZA7f-Z-rKQOV,n8iP75gIpmw,UC8G5cJONY8L9voMyBW8Eoug,UCE4rsXcgDb6e1-a9iTbWzfg,@luisparedes-pw6qt,@luisparedes-pw6qt,True,Ugy0LbKWrqUFhWPRoKN4AaABAg,0,0,hace 2 años,Ni en su casa habían comido esas viandas. Son unos sinverguenzas,casa comer vianda sinvergüenza,[],[],[],[]
Ugy0dVAcWghuyCdAVS54AaABAg,n8iP75gIpmw,UC7VUuJr9cGh845CmTvf7TlQ,UCE4rsXcgDb6e1-a9iTbWzfg,@LuisCastillo-oz4df,@LuisCastillo-oz4df,False,,1,0,hace 2 años,Está bien que se Arten asta ya no y los más pobres  muriendo de hambre pero si dices comes fuera de la hora es tu problema para que la  huesiaste pues,artar asta pobre morir hambre com hora problema huesiaste,[],[],[],[]
Ugy1neHHTJYO0umhgLt4AaABAg,n8iP75gIpmw,UCFhxtoeARHPnXXPcDrOU3Xg,UCE4rsXcgDb6e1-a9iTbWzfg,@diegoalejandrolopezmendez205,@diegoalejandrolopezmendez205,False,,2,0,hace 2 años,"Yo trabajé en joya negra 
Sandra jovel también llega mucho 
Y el profe Luis Fernando tena",trabajer joya negro sandra jovel llegar profe luis fernando tenar,[],[],[],[]
Ugy2FaeBadbmVJj7F714AaABAg,n8iP75gIpmw,UCAlzM_N6xBlMYmM8EBzX86Q,UCE4rsXcgDb6e1-a9iTbWzfg,@carlossoto3252,@carlossoto3252,False,,3,0,hace 2 años,"😂Que disculpe el diputado Rodas. Cuando uno decide trabajar o ser trabajador del Estado y ser un funcionario de ese nivel no hay horarios. Si no le gusta y no está contento que renuncié. Los diputados son unos abusivos y son mediocres. Tantos asesores, para que? Lo que dice éste diputado es estúpido. Su trabajo  debe ser para el pueblo. Y comparto la investigación respecto a esto. Estos diputados cómo corderitos asistieron a la orden de la Fiscal del MP.",😂 disculpar diputado rodas decidir trabajar trabajador funcionario nivel horario gustar contento renuncié diputado abusivo mediocre tantos asesor diputado estúpido trabajo pueblo compartir investigación diputado corderito asistir orden fiscal mp,[],[],[],['😂']
Ugy4JA9MR8l_gkTNgWh4AaABAg,j43HgwYFKfk,UClqA491Xa5fQcXcJJa-vTWw,UCE4rsXcgDb6e1-a9iTbWzfg,@AndresLemus-k2d,@AndresLemus-k2d,False,,0,0,hace 4 meses,"Ya saquen A Ese corrupto 
Y Es un montón de políticos corruptos que 
Andan allí en todas las instituciones 
Montón de corruptos",saquen corrupto montón político corrupto andar institución montón corrupto,[],[],[],[]
Ugy4ex02KEXL5UFGjw14AaABAg,n8iP75gIpmw,UCHTGCgY2l-DQJIvlA_cpa_Q,UCE4rsXcgDb6e1-a9iTbWzfg,@virgiliogarcia3039,@virgiliogarcia3039,False,,13,0,hace 2 años,Que trabajo hasen esos corruptos,trabajar har corrupto,[],[],[],[]
Ugy4utoHlyokVSeSi5h4AaABAg,n8iP75gIpmw,UC3XTwHxygNCgjndsg-UiCQA,UCE4rsXcgDb6e1-a9iTbWzfg,@marioajset4283,@marioajset4283,False,,0,0,hace 2 años,los niños guatemaltecos con Desnutrición crónica serán sus verdugos.,niño guatemalteco desnutrición crónico verdugo,[],[],[],[]
Ugy4x4u9e1_xRoppaMF4AaABAg,6W4u8sGEnGM,UCvDwJBBY1mHK70aTEYl6rsA,UC-ZtFBHzgkYFh7whZkuR_Ag,@cristianescobedo8296,@cristianescobedo8296,False,,1,0,hace 6 días,"se espera que la obra se finalice en plazo de acuerdo a la programación del proyecto, de acuerdo a normas internacionales de construcción, que la contraloría audite  mes a mes y sobre todo que el proyecto no sea sobrevalorado o que tenga costos adicionales a lo ya pactado.",esperar obra finalizar plazo programación proyecto norma internacional construcción contraloer audite mes mes proyecto sobrevalorar costo adicional pactado,[],[],[],[]
Ugy5j8gzaawBk-mw5et4AaABAg,n8iP75gIpmw,UCkd9W714-947dEE6ZOEBATA,UCE4rsXcgDb6e1-a9iTbWzfg,@ARGELIATELON,@ARGELIATELON,False,,3,0,hace 2 años (editado),Me pregunto si antes de ser diputados les alcanzaba su dinero para comer esos almuercitos y en esos lugares? Pero como don pueblo paga....vengase el almuercito. La historia ni él se la cree. O sea.... la 3a. parte de su salario para un almuerzo???,preguntar diputado alcanzar dinero comer almuercito lugar don pueblo pagar vengar almuercito historia creer 3a salario almuerzo,[],[],[],[]
Ugy5lmf3RzzeJDUeqQd4AaABAg,ndAZjHqzzT8,UCbrtvygfRT6QXqWDNrOf-cA,UCE4rsXcgDb6e1-a9iTbWzfg,@Alejandro00710,@Alejandro00710,False,,0,0,hace 2 años,"Eso sin mencionar el costo de sus servicios, la mala calidad del mismo, mientras no haya una ley de competencia nos van a seguir jodiendo, urge.",mencionar costo servicio malo calidad ley competencia seguir jodeir urge,[],[],[],[]
Ugy6Qii72nfxIpYyuCR4AaABAg,6W4u8sGEnGM,UCV3fr-YOixFKCZBbJP1-X4w,UC-ZtFBHzgkYFh7whZkuR_Ag,@albertoshernandez5251,@albertoshernandez5251,False,,5,0,hace 6 días,TODO EL APOYO PARA EL PRESIDENTE BERNARDO AREVALO 👍🇬🇹👍,apoyo presidente bernardo arévalo 👍 🇬🇹 👍,[],[],[],"['👍', '🇬🇹', '👍']"
Ugy6isIL3n6cvYbJG-94AaABAg,JkpVO1hx2f8,UCWWkebAekppaL5b5CNlppuw,UCE4rsXcgDb6e1-a9iTbWzfg,@ninettmartinez425,@ninettmartinez425,False,,3,0,hace 1 año,Yo vi en  Semilla y Bernardo Arévalo  una oportunidad para que Guatemala saliera de la corrupción.,semilla bernardo arévalo oportunidad guatemala salir corrupción,[],[],[],[]
Ugy6y6DL1AgyNzNpfMZ4AaABAg,n8iP75gIpmw,UCjmPuazZJzscrwvk0QR9RVw,UCE4rsXcgDb6e1-a9iTbWzfg,@mynorrodas8591,@mynorrodas8591,False,,2,0,hace 2 años,"😢que desgraciados estos sinvergüenzas porque no piden un almuerzo de Q30.00 no que  almuerzos  de millonarios  con la plata  del pueblo , si les gusta lo bueno que lo paguen con su dinero",😢 desgraciado sinvergüenza pedir almuerzo q30.00 almuerzo millonario plata pueblo gustar pagar dinero,[],[],[],['😢']
Ugy7-QbaMzLjAO_vJMB4AaABAg,n8iP75gIpmw,UCipetjeiWj4CZB6EbyYziZg,UCE4rsXcgDb6e1-a9iTbWzfg,@OseasSamayoa-ol5rz,@OseasSamayoa-ol5rz,False,,0,0,hace 2 años,Que paguen de su sueldo sus alimentos si el pueblo de la miseria que  las empresas nos pagan lo pagamos,pagar sueldo alimento pueblo miseria empresa pagar pagar,[],[],[],[]
Ugy7Dk5SDB_d3RFlHU94AaABAg,n8iP75gIpmw,UCh5ESQvtzyHDhCA7XyekCFA,UCE4rsXcgDb6e1-a9iTbWzfg,@andyB5280,@andyB5280,False,,1,0,hace 2 años,No quiere hablar de sus almuerzos se molesta . No le creo . que,hablar almuerzo molestar,[],[],[],[]
Ugy7b0JTkHodE4sTU_54AaABAg,WIUZtitfLRw,UCZIQnb1fkwe39Iw2TAu-bGA,UCE4rsXcgDb6e1-a9iTbWzfg,@jorgegomez2237,@jorgegomez2237,False,,1,0,hace 1 año,"Como dijo pia, casi no existen banquetas, solo hay un pedazo donde se puede medio caminar... Y aun quiere que le demos gracias... #IneptoBran",pia banqueta pedazo caminar gracias,[],['#IneptoBran'],[],[]
Ugy8csktFvR0eUZN4cp4AaABAg,n8iP75gIpmw,UCTP3O0rMnc8z8v8jaDQwL0w,UCE4rsXcgDb6e1-a9iTbWzfg,@RobertoZelaya-x1v,@RobertoZelaya-x1v,False,,1,0,hace 2 años,Señor Nery Ramos una empresa trabaja con capital propio con dinero del dueño de la empresa que le costado ganarcelo  usted  con el dinero del pueblo o cree que el estado es su empresa trabaje esfuersece  trabajen para tener una empresa no se coman lo del pueblo,señor nery ramos empresa trabajar capital dinero dueño empresa costado ganarcelo dinero pueblo creer empresa trabaje esfuersecir trabajen empresa comar pueblo,[],[],[],[]
UgyAcWsNSqIPesdI3nF4AaABAg,n8iP75gIpmw,UCsUCN0Yq_UyTvKjOJLmNrnQ,UCE4rsXcgDb6e1-a9iTbWzfg,@moisesvaldez4043,@moisesvaldez4043,False,,0,0,hace 2 años,"para los Guatemaltecos mejor si no hacen nada, poque cuando los hacen es en contra del pueblo Guatemlateco",guatemaltecos pocar pueblo guatemlateco,[],[],[],[]
UgyB52GZe4-PXJ2TqYB4AaABAg,j43HgwYFKfk,UC3UVO7pTbeYvZ3ILEyRDskQ,UCE4rsXcgDb6e1-a9iTbWzfg,@rosaelenaargueta79,@rosaelenaargueta79,False,,1,0,hace 1 año,Así debe informarse al pueblo sobre esta red de mafiosos!,informar pueblo red mafioso,[],[],[],[]
UgyBhR2qUXgMe2NJjRN4AaABAg,PjmxCj-a9Hg,UCuP4UK33HKtJE_S39ksmaTw,UC-ZtFBHzgkYFh7whZkuR_Ag,@herbertaguilar1387,@herbertaguilar1387,False,,0,0,hace 1 año,Con la corrupcion y narco gobierno de Morena en Mexico  Arevalo no deberia de hacer asociacion alguna . El pueblo de Mexico esta sufriendo .,corrupción narco gobierno morena méxico arévalo deberio asociacion pueblo méxico sufrir,[],[],[],[]
UgyC45vItnUiq1QrUtd4AaABAg,PjmxCj-a9Hg,UClsrFGJKWPxxw7MiaEdKLXw,UC-ZtFBHzgkYFh7whZkuR_Ag,@ericapaz5406,@ericapaz5406,False,,3,2,hace 1 año,Señor presidente? Enfóquese  en el crimen que está destrozado al país y también al turismo aga uso de su poder para implementar leyes que combatan el crimen en general por favor  mire a su país vecino como un joven si pudo terminar con el crimen.,señor presidente enfóquese crimen destrozado país turismo agar implementar ley combatar crimen general favor mire país vecino joven terminar crimen,[],[],[],[]
UgyC45vItnUiq1QrUtd4AaABAg.ALgn-KZ7p47ALgvLAMzZ1A,PjmxCj-a9Hg,UCg3eIfd7BrsLEqS0BLkftHA,UC-ZtFBHzgkYFh7whZkuR_Ag,@ErmePérez-q4s,@ErmePérez-q4s,True,UgyC45vItnUiq1QrUtd4AaABAg,0,0,hace 1 año,Ni te equivoques ni a terminado siguen siendo Salvatruchas y mareros.,equivoquser terminado seguir salvatruchas marero,[],[],[],[]
UgyC45vItnUiq1QrUtd4AaABAg.ALgn-KZ7p47ALgwtbYMM1u,PjmxCj-a9Hg,UCg3eIfd7BrsLEqS0BLkftHA,UC-ZtFBHzgkYFh7whZkuR_Ag,@ErmePérez-q4s,@ErmePérez-q4s,True,UgyC45vItnUiq1QrUtd4AaABAg,0,0,hace 1 año,"Y los  que fueron hacer los pandilleros del salvador en antigua que, siguen haviendo maras en el salvador y eso es un país de maras",pandillero salvador antiguo seguir haveir mara salvador país mara,[],[],[],[]
UgyC45vItnUiq1QrUtd4AaABAg.ALgn-KZ7p47ALgx6SmnMen,PjmxCj-a9Hg,UCg3eIfd7BrsLEqS0BLkftHA,UC-ZtFBHzgkYFh7whZkuR_Ag,@ErmePérez-q4s,@ErmePérez-q4s,True,UgyC45vItnUiq1QrUtd4AaABAg,0,0,hace 1 año,Y todo los que tienen tatuajes del salvador son pandilleros eso su dictador lo dijo. Así que no te venden humo 💨 todo lo que dicen del salvador.,tatuaj salvador pandillero dictador vender humo 💨 salvador,[],[],[],['💨']
UgyC9HUMcvW-e_nFJK14AaABAg,06mFNPU0aB8,UCAxvOOHQk7dYPOajzFEVtbA,UCVpSRoZgngfSL03Nlbjtq9A,@ruddydepaz322,@ruddydepaz322,False,,0,0,hace 2 semanas,Así metan los al tambo con minifaldas allí no les ba a faltar la moronga.,metar tambo minifalda bar faltar moronga,[],[],[],[]
UgyCFEFtEmhDbi91yCF4AaABAg,06mFNPU0aB8,UCq3mDTTRZnUybct5M9OSXbg,UCVpSRoZgngfSL03Nlbjtq9A,@MacoMorales-i2i2d,@MacoMorales-i2i2d,False,,1,0,hace 2 semanas,Destreza dise😅,destreza disar 😅,[],[],[],['😅']
UgyCoulSuwV8jBnjbtN4AaABAg,n8iP75gIpmw,UCGzXwyCzMzGmjmCbH3Hg01Q,UCE4rsXcgDb6e1-a9iTbWzfg,@FidelZacarias-ph7dy,@FidelZacarias-ph7dy,False,,2,0,hace 2 años,Ése señor entrevistador pertenece al PACTO DE CORRUPTOS....ATACA LA TRANSPARENCIA Y DEFIENDE A LOS CORRUPTOS.,señor entrevistador pertenecer pacto corrupto ataca transparencia defender corrupto,[],[],[],[]
UgyD5CIXnbXNiM-a4VF4AaABAg,6W4u8sGEnGM,UC0HvfEWozTHbwl_iEmJNvVA,UC-ZtFBHzgkYFh7whZkuR_Ag,@OttoPalencia-b7r,@OttoPalencia-b7r,False,,3,0,hace 5 días,Si el presidente ha sido un buen presidente pues hay que botar por el hay muchos que han hablado mal de él pero ellos no hacen nada por gustemala,presidente presidente botar hablar gustemala,[],[],[],[]
UgyE6hk1g9jR7zB67lV4AaABAg,6W4u8sGEnGM,UC14qlobYKqD-DO0j6b75lcA,UC-ZtFBHzgkYFh7whZkuR_Ag,@megavision4488,@megavision4488,False,,0,0,hace 3 días,seria bueno tambien hecharle mano a la ejecucion del puente  del rio la pasion que todoavia se esta utilizando ferry hay que hacer un puente rapido.,seriar hechar mano ejecucion puente rio pasion todoavia utilizar ferry puente rápido,[],[],[],[]
UgyEM7_iOGkWV0SbNuB4AaABAg,n8iP75gIpmw,UCiGRBf2RNF0WRKhRVT7zFoA,UCE4rsXcgDb6e1-a9iTbWzfg,@edwinavila4876,@edwinavila4876,False,,0,0,hace 2 años,"Lamentablemente en nuestro país sigue la misma sinverguenzada. Este diputado quiere tapar el sol con un dedo. Qué pasaría si un profesor quisiera que le pagaran su comida aparte de su sueldo porque le está enseñando a
 dibujar a un niño.",lamentablemente país sinverguenzado diputado tapar sol dedo pasar profesor quisiero pagar comida aparte sueldo enseñar dibujar niño,[],[],[],[]
UgyFSrjeDvPsB0fKUdp4AaABAg,6W4u8sGEnGM,UCa36MjQLoPAmgJo-R3G8WQA,UC-ZtFBHzgkYFh7whZkuR_Ag,@elsasalguero6914,@elsasalguero6914,False,,3,0,hace 6 días,Que Dios bendiga al gobierno de Guatemala,dios bendigar gobierno guatemala,[],[],[],[]
UgyHHYcKhbzXr6xEjth4AaABAg,06mFNPU0aB8,UCjZgFEowMBrsjodqfovzdKw,UCVpSRoZgngfSL03Nlbjtq9A,@franciscoflores3120,@franciscoflores3120,False,,0,0,hace 2 semanas,Ay que  usarlos  como  mujeres,ay mujer,[],[],[],[]
UgyHIuxG8A2lYDRB6vh4AaABAg,6W4u8sGEnGM,UC3YpzAr7pcdKC7BVFEpYzog,UC-ZtFBHzgkYFh7whZkuR_Ag,@carmenfigueroa1232,@carmenfigueroa1232,False,,4,1,hace 6 días (editado),"Pues como no si a Guatemala desbancaron lo anteriores presidentes han barrido con todo 
Primero Dios puedan terminar este proyecto antes que entre otr@ ladron y después busquen culpables",guatemala desbancar presidente barrer dios terminar proyecto otr@ ladrón buscar culpable,[],[],[],[]
UgyHIuxG8A2lYDRB6vh4AaABAg.A_zEyCTHfWFA_zWovudn2B,6W4u8sGEnGM,UCyJhqmMbsvjpoarBBStA2kg,UC-ZtFBHzgkYFh7whZkuR_Ag,@Murmullodelbarrio,@Murmullodelbarrio,True,UgyHIuxG8A2lYDRB6vh4AaABAg,1,0,hace 6 días,"Por eso mismo
No permítanos otro partido corrupto de los mismos de antes para salvar todo lo que hoy estamos mirando",permita partido corrupto salvar mirar,[],[],[],[]
UgyHcSyWHx2SKCg6db14AaABAg,j43HgwYFKfk,UCQqlPPUGqAfWjd-FSh_qn7Q,UCE4rsXcgDb6e1-a9iTbWzfg,@estuardoargueta137,@estuardoargueta137,False,,0,0,hace 1 año,"Esa universidad se debe privatizar, es la universidad mas cara de Guatemala por estudiante egresado, es una carga tributaria innecesaria.",universidad privatizar universidad cara guatemala estudiante egresado carga tributario innecesario,[],[],[],[]
UgyIX1zx3bbc9DsK8VR4AaABAg,n8iP75gIpmw,UC8r11yOugM2NuRfitQOxLLg,UCE4rsXcgDb6e1-a9iTbWzfg,@cesaraugustomoralesmonroy6907,@cesaraugustomoralesmonroy6907,False,,1,0,hace 2 años,"Qué tristeza que extranjeros que vinieron como policías a una institución internacional impuesta por la ""comunidad internacional"" supuestamente para combatir la impunidad, se hayan quedado como ""analistas"" y periodistas en Guatemala, comentando temas nacionales. Es la nueva conquista.",tristeza extranjero venir policía institución internacional impuesto comunidad internacional supuestamente combatir impunidad quedar analista periodista guatemala comentar tema nacional conquista,[],[],[],[]
UgyIfQ-oDt0uVFZIq9d4AaABAg,PjmxCj-a9Hg,UCusjriFsDHEc2AOjqk-p5ig,UC-ZtFBHzgkYFh7whZkuR_Ag,@pablobarrios7931,@pablobarrios7931,False,,2,0,hace 1 año,"Guate tambien tiene gobierno PROGRE, LOS Y LAS DIPUTADAS,  JAJAJA
CIUDADANOS Y CIUDADANAS JAJAJA
CHIQUILLOS Y CHIQUILLOS JAJAJA
Los gobiernos PROGRES son los que estan llevando  a la ruina auchoa paises,  principalmente en occidente.  
Estos PROGRESS que se pongan a trabajar de manera mas activa por el Pais y no solo bla bla bla.   Se nesesita tomar.accion YA y no bla bla bla.",guate gobierno progre diputadas jajaja ciudadanos ciudadana jajaja chiquillos chiquillos jajaja gobierno progres ruina auchoo país principalmente occidente progres trabajar activo país bla bla bla nesesitar tomar.accion bla bla bla,[],[],[],[]
UgyIteBIiYe7DjUN3554AaABAg,ndAZjHqzzT8,UCVC2QugcI1G4RvlCiUqd1aQ,UCE4rsXcgDb6e1-a9iTbWzfg,@rwdm76,@rwdm76,False,,0,0,hace 11 meses,EXCELENTE,excelente,[],[],[],[]
UgyJ7QRY-X3DsJC-t-p4AaABAg,lj983NWyAQY,UC5fvhAfm89JH8eDFdvc0xYw,UCXa6LVjBzUtmcM3cwbd9e2w,@isaidiaz2388,@isaidiaz2388,False,,0,0,hace 5 años,Guate es Classic 👍💯,guate classic 👍 💯,[],[],[],"['👍', '💯']"
UgyJnStLEHxVNbAfd0p4AaABAg,PjmxCj-a9Hg,UCAV7QIjYhbDJaycQycM_0eQ,UC-ZtFBHzgkYFh7whZkuR_Ag,@mariavail8998,@mariavail8998,False,,3,0,hace 1 año,No dejen que nuestros hermanos Guatemalatecos qué esten encerrados en esse lugar pir favor 🙏 Autoridades sun  nuestros prójimos gracias señores 🙏 🙌 👏,dejar hermano guatemalatecos estir encerrado esse lugar pir favor 🙏 autoridades sun prójir gracias señor 🙏 🙌 👏,[],[],[],"['🙏', '🙏', '🙌', '👏']"
UgyMRj1sNq6Xkrqepst4AaABAg,n8iP75gIpmw,UC3E9mAgP7VoAE5mZoAexl5g,UCE4rsXcgDb6e1-a9iTbWzfg,@EnnioAroche,@EnnioAroche,False,,0,0,hace 1 año,"Son realmente estos diputados unos aprovechados, mientras los jubilados del igss  ,algunos reciben 300.00 quetzales al mes y no los an apoyado.",realmente diputado aprovechado jubilado igss recibir quetzal mes an apoyado,[],[],[],[]
UgyN-BmjI1Qyr5moi-x4AaABAg,n8iP75gIpmw,UCB5p8a5gklc80jJItP6xTHg,UCE4rsXcgDb6e1-a9iTbWzfg,@ernestogamboa8737,@ernestogamboa8737,False,,6,0,hace 2 años,"Aunqué contradiga, ellos están acostumbrados a hacer esto, comiendo a costillas del pueblo,",aunqué contradigar acostumbrado comer costilla pueblo,[],[],[],[]
UgyNuIQ1W1M3g8ut6314AaABAg,6W4u8sGEnGM,UC1NiEdJ7gk6FlDexIalWnGg,UC-ZtFBHzgkYFh7whZkuR_Ag,@BorisTebalán,@BorisTebalán,False,,0,0,hace 5 días,"Las verdad si ya es un hecho si el presidente se merece mucho respeto porque está haciendo en tristes 4 años ese proyecto.
MIENTRAS LOS CORRUPTOS HDP SOLO SE HAN HUEVIADO LAS MILLONADAS DE DINERO EN MAS DE 60 AÑOS NO HICIERON
 NI PURA MIERDA. 😡
Pero la gente burra aun así pienso que vamos a regresar con los corruptos hdpm a ser gobernados. 
ESPERO EQUIVOCARME",presidente merecer respeto tristes año proyecto corrupto hdp hueviar millonadas dinero años pura mierda 😡 gente burra pensar regresar corrupto hdpm gobernado esperar equivocarme,[],[],[],['😡']
UgyOyo4VyMiMOhqOkGd4AaABAg,yLZS3JiEBg8,UCdQAuWwyC99MB7Y02Umj26Q,UCE4rsXcgDb6e1-a9iTbWzfg,@miguelbran1268,@miguelbran1268,False,,0,0,hace 2 años,"Y todo se resume en la letra pequeña, suena bonito pero no es así de fácil, vos crees realmente que Dionisio va a estar de acuerdo con dejar que otros vendan pollo y huevos, lo siento mucho pero tenes que detallar más en la letra pequeña.
Dionisio nunca va a dejar que eso pase, y si el está de acuerdo entonces perdemos los consumidores. El león no es como lo pintan.",resumir letra pequeño sonar bonito fácil vo crees realmente dionisio dejar vender pollo huevo sentir tén detallar letra pequeño dionisio dejar pasar perder consumidor león pintir,[],[],[],[]
UgyPm-2rnRLPav43Bt14AaABAg,TT4qJ5FXHYE,UCtowGNY2lnlg6O2CkwDgkLg,UCE4rsXcgDb6e1-a9iTbWzfg,@taniagabrielacelis8434,@taniagabrielacelis8434,False,,2,0,hace 3 años,"¡Aplaudo y celebro su iniciativa! Desde Puebla, me enorgullece conocer un grupo femenino de Ulama 😊❤️.",aplaudo celebro iniciativa puebla enorgullecer grupo femenino ulama 😊 ❤️,[],[],[],"['😊', '❤️']"
UgyQQbXS_Q_JYcSefap4AaABAg,OkXlHx0hx-8,UCp_dAUfv8i3LW3zWc24dLaQ,UCRwA1NUcUnwsly35ikGhp0A,@MarioCortez-o6v,@MarioCortez-o6v,False,,1,0,hace 1 día,Regresaron sin nada 😂😂,regresar 😂 😂,[],[],[],"['😂', '😂']"
UgyQxncw9dtHgZFgp014AaABAg,UhL9y3KUl8E,UC_NRVt2UP88ZNTwzrZ66JSg,UCE4rsXcgDb6e1-a9iTbWzfg,@aditalissethevasquezrojas8039,@aditalissethevasquezrojas8039,False,,2,0,hace 3 años,"Gracias por este video, que importante conocer este tipo de espacios.",gracias video importante tipo espacio,[],[],[],[]
UgyRmKHMG-ygpot6nY14AaABAg,j43HgwYFKfk,UCylqlpsh8ENNM1LqgQ1KbxA,UCE4rsXcgDb6e1-a9iTbWzfg,@Jel.Awesh.M,@Jel.Awesh.M,False,,1,0,hace 1 año,"Triste la realidad de la USAC, y buen video, ojalá saque más frecuentemente.",triste realidad usac video ojalá saque frecuentemente,[],[],[],[]
UgyS31-ujtXB5VmjBRV4AaABAg,j43HgwYFKfk,UCRvPToDkkumha7WJAfCDk1A,UCE4rsXcgDb6e1-a9iTbWzfg,@ligiaguerra3057,@ligiaguerra3057,False,,0,0,hace 1 año,Que asco,asco,[],[],[],[]
UgySlQlmZmrLAq5JsLx4AaABAg,PjmxCj-a9Hg,UCPZueDLrCS4BmTBRMA4q0fA,UC-ZtFBHzgkYFh7whZkuR_Ag,@kevinochoa3695,@kevinochoa3695,False,,1,1,hace 1 año,"Bienvenido el tren maya 🎉 como hay ineptos que se oponen a esta gran colaboración estamos hablando de desarrollo para nuestra frontera, desarrollo para el país en general acaso no saben cuantos turistas genera al año? imagínense de aquí a 10 años ya con el tren maya y todo nuestro país conectado logísticamente con trenes",bienvenido tren maya 🎉 inepto oponer colaboración hablar desarrollo frontera desarrollo país general acaso turista generar año imagínense año tren maya país conectado logísticamente tren,[],[],[],['🎉']
UgySlQlmZmrLAq5JsLx4AaABAg.ALh5XYlqNufALhOuUP3UYB,PjmxCj-a9Hg,UC7IMsCxfZyWN7YQo8-JYa6Q,UC-ZtFBHzgkYFh7whZkuR_Ag,@Burgos68,@Burgos68,True,UgySlQlmZmrLAq5JsLx4AaABAg,0,0,hace 1 año,"Me agrado lo que usted a dicho, es cierto hay muchas personas que no piensan en el desarrollo mutuo y en el lugar de hacer comentarios de felicitaciones al Gobierno por éste desarrollo solidario,  se ponen hablar estupideces.",agrar persona pensar desarrollo mutuo lugar comentario felicitación gobierno desarrollo solidario hablar estupidez,[],[],[],[]
UgySttznhywvGXZyF-N4AaABAg,lj983NWyAQY,UCHMQ_lDhibZ-XZ_3fo6oxwg,UCXa6LVjBzUtmcM3cwbd9e2w,@crislexrubi4387,@crislexrubi4387,False,,16,0,hace 7 años,Muy bello Guatemala. Saludos desde Honduras,bello guatemala saludo honduras,[],[],[],[]
UgyVLVHQ4zNBKTTDxtp4AaABAg,n8iP75gIpmw,UCpsKOkt5iWTbenzeuq7dsmQ,UCE4rsXcgDb6e1-a9iTbWzfg,@inge_vergueta,@inge_vergueta,False,,1,0,hace 2 años,Que se podía esperar de ese diputado que estuvo con Manuel Baldizon es otro delincuente. La gente tiene que aprender a votar por el congreso también porque solo meten lacras en el congreso 😷😷,esperar diputado manuel baldizón delincuente gente aprender votar congreso metar lacra congreso 😷 😷,[],[],[],"['😷', '😷']"
UgyWzgDknElvfn9oFJZ4AaABAg,j43HgwYFKfk,UC7dadZG7kkGYnsNu6td0FbA,UCE4rsXcgDb6e1-a9iTbWzfg,@lesolorzano,@lesolorzano,False,,18,0,hace 1 año,Nubes negras sobre el CSU. Empieza a oler a democracia.,nubes negro csu empezar oler democracia,[],[],[],[]
UgyX06qZFc3cNK6223J4AaABAg,n8iP75gIpmw,UCrJn_rbo_ENAdeqneS-RmRw,UCE4rsXcgDb6e1-a9iTbWzfg,@josecarrera9623,@josecarrera9623,False,,0,0,hace 2 años,"q mira el presidente Ramos
seguir .anteniendo esos.mantenidos y mucha jente con ambre q yeben su almuerzo d su casa esos simverguenzas y no asen nada bueno por guatemala solo cobrar el finde.mes y comor",mirar presidente ramos seguir .anteneir esos.mantenido gente hambre yebir almuerzo casa simverguenza ar guatemala cobrar finde.mes comor,[],[],[],[]
UgyXTA5oFwzI70TKCUd4AaABAg,is3Mk5oC19g,UCFFrEmn6lPYiWyElpfzTy5Q,UCt5Dw7ePnn0AqPqRF8Xpjkw,@denilsonlopez4083,@denilsonlopez4083,False,,0,0,hace 21 horas,El humano la misma 💩💩💩,humano 💩 💩 💩,[],[],[],"['💩', '💩', '💩']"
UgyYPJkzW5rbOUI_vcd4AaABAg,TT4qJ5FXHYE,UCNiMNUJvaRJb0_QLClqwVnA,UCE4rsXcgDb6e1-a9iTbWzfg,@Santiago.Nolasco,@Santiago.Nolasco,False,,2,0,hace 3 años,Excelente iniciativa,excelente iniciativo,[],[],[],[]
UgyYRHeJlfB9VF69LSp4AaABAg,lj983NWyAQY,UCs_5qeqdku9tGAq22y3OcuQ,UCXa6LVjBzUtmcM3cwbd9e2w,@alexandrevasquez4135,@alexandrevasquez4135,False,,4,0,hace 7 años,Me da mucha emoción q la ciudad de guatemala va prosperando algún día vamos hacer una de las ciudades mas famosas del mundo con alta tecnologia q china me gusta mucho este proyecto y ojalay q se cumpla..,emoción ciudad guatemala prosperar ciudad famoso mundo alto tecnología chino gustar proyecto ojalay cumplir,[],[],[],[]
UgyYaWYhDStGYWDGkb94AaABAg,j43HgwYFKfk,UCCBYcToQ2dwkd6TJh0FSyDg,UCE4rsXcgDb6e1-a9iTbWzfg,@lidiarodriguez3493,@lidiarodriguez3493,False,,0,0,hace 1 año,"Importante información la. Usac de ser oposición se volvió servil, se va recuperar 👍",importante información usac oposición volver servil recuperar 👍,[],[],[],['👍']
UgyYh5BUgByoCy2qNBR4AaABAg,yLZS3JiEBg8,UCxcoDvP-g2_KTZDmVZtvb3w,UCE4rsXcgDb6e1-a9iTbWzfg,@angelmartinez9523,@angelmartinez9523,False,,0,0,hace 2 años,"En resumen son periodistas patéticos y poco profesionales. Si van a dar información, no la den a medias. 
1. Existe inflación, la cual fue más alta que los datos que están proporcionado, esto afecta a las empresas o el propósito es que ahora las empresas subsidien lo que venden? 
2. Los precios internacionales aplican cuando una empresa o persona oferta o compra en bolsas de valores. Existen diferentes calidades. 
3. Existen aranceles que pagan las importaciones al menos que vayan a ser procesados y exportados (ej. beneficio 2989), el DAI en la mayoría de casos es de 10%  más IVA de 12%, más ISR y otros. Esto va desde carros a cebolla a frijoles y arroz. 
No se quejan de todos los carros importados pero aún así las agencias venden más y está en manos de pocos grupos. 
4. Los margenes netos de las industrias mencionadas a disminuido. Expliquen porque.
5. Estas empresas siguen porque han conseguido la manera de hacerlo rentable, pero cualquiera puede producir, vender, importar o exportar. La diferencia es que no saben cómo hacerlo y no tienen el dinero (la verdadera barrera de entrada). 
6. El ingenio que hablan no está en otro país por las condiciones que mencionan, lo cual desacredita que todo lo que digan sea cierto.",resumen periodista patético profesional información medias inflación alto dato proporcionado afectar empresa propósito empresa subsidiar vender precio internacional aplicar empresa persona oferta compra bolsa valor calidad arancel pagar importación procesar exportado ej. beneficio dai mayoría caso 10% iva 12% isr carro cebolla frijol arroz quejar carro importado agencia vender manos grupo margen neto industria mencionado disminuido expliquir empresa seguir rentable cualquiera producir vender importar exportar diferencia dinero barrera entrada ingenio país condición mencionar desacreditar,[],[],[],[]
UgyZ2zEvW_CClk8k15F4AaABAg,j43HgwYFKfk,UCW-JC6lebVmf2P1dmY_L94g,UCE4rsXcgDb6e1-a9iTbWzfg,@dinoraoroxon5771,@dinoraoroxon5771,False,,0,0,hace 4 meses,"Felicitaciones,muy buena información sobre  ese caso ni los medios informan la veracidad de todo esto,en verdad felicitaciones ojala todos los universitarios fieran como usted,sigan peleando sus derechos",felicitaciones información caso informar veracidad felicitación ojalá universitario feír seguir pelear derecho,[],[],[],[]
Ugy_6i8lJAd2eVIRNjx4AaABAg,j43HgwYFKfk,UCgJNFj5dnxXpcMvmuhZDPxA,UCE4rsXcgDb6e1-a9iTbWzfg,@NataliaRodriguez-rx5mr,@NataliaRodriguez-rx5mr,False,,1,0,hace 1 año,Excelente vídeo!,excelente video,[],[],[],[]
Ugy__nsWCBggw9EzOUd4AaABAg,n8iP75gIpmw,UCFoIAE8k82D6AV-8gjjKaNg,UCE4rsXcgDb6e1-a9iTbWzfg,@eddymunoz9789,@eddymunoz9789,False,,1,1,hace 2 años,"Lo que sucede señor diputado es que por trabajar en favor de la población es su trabajo y se le paga por eso, no le podemos quemar cuetes por cada dis que logro, asi que si es justo que los Respetables Periodistas investiguen las anomalías, no quiera darle vuelta a la tortilla😅😅😅😅 pues usted lobdice de forma tan fantaciosa como si a usted se le debiera celebrar el que trabaja!",suceder señor diputado trabajar favor población trabajo pagar quemar cuet dis lograr justo respetables periodistas investigar anomalía querer vuelta tortilla 😅 😅 😅 😅 lobdizar forma fantaciós deber celebrar trabajar,[],[],[],"['😅', '😅', '😅', '😅']"
Ugy__nsWCBggw9EzOUd4AaABAg.A7lbRpGUZoHA7nJxaD37u-,n8iP75gIpmw,UCFjudnPLoaSL1BaRuLahyHg,UCE4rsXcgDb6e1-a9iTbWzfg,@HaroldoCastillo-rh9iw,@HaroldoCastillo-rh9iw,True,Ugy__nsWCBggw9EzOUd4AaABAg,1,0,hace 2 años,Cierto.,,[],[],[],[]
Ugy_ejYOfCK6ERWL_dt4AaABAg,j43HgwYFKfk,UCe8JZoYkX5oKUZyivHYdXhw,UCE4rsXcgDb6e1-a9iTbWzfg,@FernandoGarcia-jg1fj,@FernandoGarcia-jg1fj,False,,0,0,hace 2 meses,"Entiendo lo grave de mi alma mater, ahora decir puchica, simon ya vas no hace más cercano el mensaje aleja la gravedad de este, esta hablando con universitarios no con sus cuates, los del barrio o perdón  la mara, por esa eterna adolescencia es que nadie lo trata con seriedad",entender grave alma mater puchico simon vas cercano mensaje alejar gravedad hablar universitario cuat barrio perdón mara eterno adolescencia seriedad,[],[],[],[]
Ugy_hCCLd8GwWbnIbsd4AaABAg,ndAZjHqzzT8,UCnU8wO1OurAmGstDw6VGjgQ,UCE4rsXcgDb6e1-a9iTbWzfg,@cmorera21,@cmorera21,False,,0,0,hace 2 años,"Excelente video, gracias por contarnos cómo son este par de empresas cuando están solitas en un pais. Y pensar que aquí en Costa Rica nos quejamos por mucho menos. Le cuento como es aquí:
Yo soy cliente de Claro en el celular y la verdad, aunque la cobertura ha mejorado mucho, aún le falta. Eso si, la velocidad de internet y claridad al llamar son excelentes y las facturas muy claras.
Tengo Tigo residencial y no me puedo quejar, la velocidad es estable y falla muy poco dónde vivo. Y eso que no vivo para nada en la capital ni una cabecera de provincia, como les decimos aquí. A veces ha pasado que hasta hay huracanes y el internet como si nada. Aquí la ley indica que un cliente de servicio celular puede cambiarse hasta 5 veces de operador/plan por año y seguir con su número, el cuál es un derecho del cliente y cuyo dueño legal es la Sutel, la superintendencia de aquí.
El 3er competidor es el estatal ICE que también tiene aún buena cuota de mercado.
Hay muchas cableras regionales aparte de las 4 grandes nacionales (Tigo, Liberty (antes Movistar), Telecable y Kolbi que es del ICE).
Claro como proveedor de tv satelital está por todo el país, pero en fibra óptica apenas en algunos distritos de San José, la capital del país. El problema para los que tenemos Tigo (único proveedor en mi barrio) es que no hay servicio de fibra, solo cobre aún, y eso que hasta el ICE ya está reemplazado sus viejas líneas de par de cobre por fibra en todo el país.
En fin, solo quería contarle cómo funciona en otro país del área.",excelente video gracias contarno par empresa solito país pensar costa rica quejar contar cliente celular cobertura mejorar faltar velocidad internet claridad llamar excelente factura tigo residencial quejar velocidad estable fallar vivo vivir capital cabecera provincia huracán internet ley indicar cliente servicio celular cambiar operador plan año seguir número derecho cliente cuyo dueño legal sutel superintendencia 3er competidor estatal ice cuota mercado cablera regional aparte nacional tigo liberty movistar telecable kolbi ice proveedor tv satelital país fibra óptico distrito san josé capital país problema tigo único proveedor barrio servicio fibra cobre ice reemplazado vieja línea par cobre fibra país querer contar funcionar país área,[],[],[],[]
Ugyav8Au2cT8yVfYgp54AaABAg,PjmxCj-a9Hg,UCf5lnNZF7Qrtli9v4N_23WQ,UC-ZtFBHzgkYFh7whZkuR_Ag,@CarlosCortez-v5r,@CarlosCortez-v5r,False,,0,0,hace 1 año,Platiquen de petróleo  y del hospital de rabinal que paso,platiquen petróleo hospital rabinal pasar,[],[],[],[]
Ugyb2uIeZGcNljNqap94AaABAg,j43HgwYFKfk,UCW80DaMjQlEUibC98Cot-Dg,UCE4rsXcgDb6e1-a9iTbWzfg,@rogeraldana4289,@rogeraldana4289,False,,0,0,hace 1 año,"Que pena que estos pusilánimes muertos de hambre de poder estén llevando a la Universidad a denigrar la democracia en Guatemala empezando con sus elecciones fraudulentas. 
Pero si bien es cierto todo lo mal habido se acaba.",penar pusilánim muerto hambre universidad denigrar democracia guatemala empezar elección fraudulento acabar,[],[],[],[]
UgycKHbiLBi0WcSs8sh4AaABAg,n8iP75gIpmw,UCL13XhnRzbGokEkCkEOb0-g,UCE4rsXcgDb6e1-a9iTbWzfg,@raquelprado3643,@raquelprado3643,False,,7,0,hace 2 años,Nunca trabajan para el pueblo si no para si mismos,trabajar pueblo,[],[],[],[]
UgyciTatiqHr2BpFTqJ4AaABAg,j43HgwYFKfk,UCDrmf9y9nLgFY5wnA2hTuGA,UCE4rsXcgDb6e1-a9iTbWzfg,@laboratorio5528,@laboratorio5528,False,,1,0,hace 1 año (editado),Excelente vídeo!! Sería bueno extender este video y mencionar los nombres y facultades a los representantes que ya estan ilegalmente en su cargo,excelente video extender video mencionar nombre facultad representante ilegalmente cargo,[],[],[],[]
UgydkbyzemdvsBJrYxt4AaABAg,n8iP75gIpmw,UCTD6q1nyIe3Y7HhqjaMj72w,UCE4rsXcgDb6e1-a9iTbWzfg,@JuanChang-r6k,@JuanChang-r6k,False,,8,0,hace 2 años,"Entonces, no se postulen para diputados si dicen que no alcanza el dinero",postular diputado alcanzar dinero,[],[],[],[]
UgyeTw07aydjDqK4crN4AaABAg,lj983NWyAQY,UC0aEyakBPqcBkVJiErfSupQ,UCXa6LVjBzUtmcM3cwbd9e2w,@jhonymanuel9891,@jhonymanuel9891,False,,70,0,hace 7 años,Wow una ciudad de futuro,wow ciudad futuro,[],[],[],[]
Ugyeb8_nptWKXnFXH8F4AaABAg,n8iP75gIpmw,UChs3tU2BcKOT0CezykvAsGw,UCE4rsXcgDb6e1-a9iTbWzfg,@byronpontaza,@byronpontaza,False,,1,0,hace 2 años,"Porque este programa no habla de la corrupción, de los negocios de Miguelito y Giamatei, o será que ellos les pagan",programa corrupción negocio miguelito giamatei pagar,[],[],[],[]
Ugyejets0FNr0Zh-VuZ4AaABAg,n8iP75gIpmw,UC650pRT-OYzny3GwOH8Cgfw,UCE4rsXcgDb6e1-a9iTbWzfg,@edvinparedesherrera7632,@edvinparedesherrera7632,False,,1,0,hace 2 años,Que indignante saber como se artan estos coches y finalmente el pueblo esta ciendo dañado,indignante artar coche finalmente pueblo ceir dañado,[],[],[],[]
UgyfMf4MkQsDKavjbLV4AaABAg,n8iP75gIpmw,UC9vMq1YF-e7C-VO0SHkbUTA,UCE4rsXcgDb6e1-a9iTbWzfg,@ErvinLeonardoCarreraLatín,@ErvinLeonardoCarreraLatín,False,,0,0,hace 2 años,P..... Como no es su dinero  les vale v....,dinero valer,[],[],[],[]
UgyhYgz2ilvm1-T5IW94AaABAg,j43HgwYFKfk,UCWoAVGVqCn4xtINCMOTM4jg,UCE4rsXcgDb6e1-a9iTbWzfg,@OmarMartinez-vv8re,@OmarMartinez-vv8re,False,,0,0,hace 1 año (editado),"Esto es lo que los poderosos quieren esconder, sacan noticias a medias que confunden, si no acatan una orden para reinstalar a uno de sus miembros, que podemos esperar??? Entonces?? La ley es para unos y no para todos??...La San  Carlos ya no le pertenece ni representan al pueblo, "" Las ratas hacen fiesta en casa del gato""..😢",poderoso querer esconder sacar noticia media confundir acatar orden reinstalar miembro esperar ley todos?? san carlos pertenecer representar pueblo rata fiesta casa gato 😢,[],[],[],['😢']
UgyiGiWPuiTR2hkzmVd4AaABAg,n8iP75gIpmw,UCDPWkUX3sNNaCx-m1dV4glA,UCE4rsXcgDb6e1-a9iTbWzfg,@hectoroliva949,@hectoroliva949,False,,0,0,hace 1 año,Solo giamagyey penso en grandes proyectos la coaptacion total del estado y el gran proyecto de corrupcion,giamagyey pensar proyecto coaptacion proyecto corrupción,[],[],[],[]
UgyiegHTZAVz8J4Ogvt4AaABAg,j43HgwYFKfk,UCsGoJEvb-cFPZ2rWoJcXzEQ,UCE4rsXcgDb6e1-a9iTbWzfg,@sergiohinestroza9709,@sergiohinestroza9709,False,,10,0,hace 1 año,La felicito señorita; al rin hubo una valiente. Dios con usted  !!!,felicito señoritar rin valiente dios,[],[],[],[]
UgyihMW-pXKI2cEDqWx4AaABAg,n8iP75gIpmw,UCXXh7yg5KUFIWylTiKVEFKQ,UCE4rsXcgDb6e1-a9iTbWzfg,@MrDuenderojo,@MrDuenderojo,False,,1,0,hace 2 años,Siguen con las mismas mañas....los diputados acostumbrados a estar de gorriones....,seguir maña diputado acostumbrado gorrión,[],[],[],[]
UgyisqlInC7oBNbU95Z4AaABAg,n8iP75gIpmw,UC5H8ASmMC9WrURmzeB4ySog,UCE4rsXcgDb6e1-a9iTbWzfg,@ManuelEdran,@ManuelEdran,False,,1,0,hace 2 años,Lleve su lonchera...,lleve lonchera,[],[],[],[]
Ugyk3PqfIuDEuXyeb494AaABAg,n8iP75gIpmw,UCfM3nrxtTQMY5jFx1v1J4Gg,UCE4rsXcgDb6e1-a9iTbWzfg,@edgarroldan5539,@edgarroldan5539,False,,0,0,hace 1 año,Cabal con pisto robado c asen micos y pericos lo de productivo para el país queda muy lejos,cabal pisto robado ar mico perico productivo país quedar lejos,[],[],[],[]
UgykKTDDGdoiNQIuYJd4AaABAg,n8iP75gIpmw,UCp4iw5_5SmV9VGTFSNVGOmQ,UCE4rsXcgDb6e1-a9iTbWzfg,@CARLOSSTREMS51,@CARLOSSTREMS51,False,,0,0,hace 2 años,"Quien no lo conoce que lo compre, este fue mano derecha y achichincle de Baldizón en LIDER. Andaban en helicoptero pagado por los financistas que iban a cobrar con creces si llegaban al poder. Este es un Dipucaco",comprir mano derecho achichincle baldizón lider andar helicoptero pagado financista cobrar creces llegar dipucaco,[],[],[],[]
UgymHCpILRINq5oT_7B4AaABAg,lj983NWyAQY,UCIp19h9igblA2YKfSLPDAug,UCXa6LVjBzUtmcM3cwbd9e2w,@JoseReyes-rn6sh,@JoseReyes-rn6sh,False,,14,1,hace 6 años,"FORTALEZCAMOS A NUESTRA BELLÍSIMA GUATEMALA


GUATEMALTECOS Y GUATEMALTECAS UNIDOS


ESTAN CONMIGO?",fortalezcamos bellísima guatemala guatemaltecos guatemaltecas unidos,[],[],[],[]
UgymHZwhYtsW9EYkxdl4AaABAg,n8iP75gIpmw,UCQtICyzWmhC5woCtbNgaSmg,UCE4rsXcgDb6e1-a9iTbWzfg,@nestormendez6216,@nestormendez6216,False,,5,0,hace 2 años,"Nery Rodas entienda. los fondos públicos no son para pagar comida de nadie. En lo privado ok. Es para generar negocios.
En lo público paguen de su sueldo. Punto.",nery rodas entiendo fondo público pagar comida privado ok generar negocio público pagar sueldo punto,[],[],[],[]
Ugynh0Cq17X889qHS0J4AaABAg,n8iP75gIpmw,UCwha8rxULYMVtNwZWeSkE1A,UCE4rsXcgDb6e1-a9iTbWzfg,@mariasamo8637,@mariasamo8637,False,,0,0,hace 1 año,No sé si todos los del Cabal son corruptos; pero Nery Rodas es un descarado corrupto.,cabal corrupto nery rodas descarado corrupto,[],[],[],[]
UgyoRKhs1yP8oKoD3uh4AaABAg,j43HgwYFKfk,UCylqlpsh8ENNM1LqgQ1KbxA,UCE4rsXcgDb6e1-a9iTbWzfg,@Jel.Awesh.M,@Jel.Awesh.M,False,,0,0,hace 4 meses,Fuera Mazarriegos,mazarriegos,[],[],[],[]
UgyoglGwyV2PhIAvHdt4AaABAg,j43HgwYFKfk,UCHbwIx9pmQuf7i-4_xO2EpA,UCE4rsXcgDb6e1-a9iTbWzfg,@caminoseternos752,@caminoseternos752,False,,0,0,hace 6 meses (editado),"Excelente información, necesitaba saber y esta bastante claro... Ahora entiendo mejor 😢",excelente información necesitar entender 😢,[],[],[],['😢']
UgyqA5EpXnBPn_uH-KB4AaABAg,j43HgwYFKfk,UCu8_3-Wg-YzNyvHYQDEscfw,UCE4rsXcgDb6e1-a9iTbWzfg,@RolandoCastroPérez-d7y,@RolandoCastroPérez-d7y,False,,2,0,hace 1 año,Y por que no manifiestan contra toda esa mafia ante los tribunales?. Se que hay mucha suciedad en la justicia pero se debe hacer algo.,manifestar mafia tribunal suciedad justicia,[],[],[],[]
Ugyr_-OfFbHlc9uWhg94AaABAg,OkXlHx0hx-8,UCIgoiXdIKJyUGmUoH2Lxdzg,UCRwA1NUcUnwsly35ikGhp0A,@susievidal4134,@susievidal4134,False,,3,0,hace 1 día,Bueno los otros países tampoco queremos criminal es de México que los mandé a su país donde nacieron. Costa Rica lleva años aguantando gente de otros países ya no necesitamos más crimen en nuestro país.,país criminal méxico mandé país nacer costa rica año aguantar gente país necesitar crimen país,[],[],[],[]
UgysnIFZt6-_f2iGbid4AaABAg,06mFNPU0aB8,UCXN2s7DwTJm33xO-pNkAdaA,UCVpSRoZgngfSL03Nlbjtq9A,@edithsan7688,@edithsan7688,False,,0,0,hace 2 semanas,Buen trabajo,trabajo,[],[],[],[]
UgysqnYM0p-_jyWisMJ4AaABAg,lj983NWyAQY,UCgLrWFdYitoP-b7-PxtUr-w,UCXa6LVjBzUtmcM3cwbd9e2w,@zetag,@zetag,False,,405,3,hace 7 años,Quiero vivir en esa Guatemala :v,querer vivir guatemala,[],[],[],[]
UgysslM7dkNnQ1JT7Mh4AaABAg,j43HgwYFKfk,UCAKuKvcbfnBD3kF5njNu-IA,UCE4rsXcgDb6e1-a9iTbWzfg,@melvinlopez7096,@melvinlopez7096,False,,0,0,hace 1 año,Excelente información!,excelente información,[],[],[],[]
UgyuZ00FMdgmao7sNMx4AaABAg,n8iP75gIpmw,UCFxE8GbokBrBsPEKM1xrOjQ,UCE4rsXcgDb6e1-a9iTbWzfg,@JuanDavila-qd7qj,@JuanDavila-qd7qj,False,,10,0,hace 2 años (editado),"Todo muy caro,canasta básica,transporte,y que barbaridad ,no tienen conciencia,cuántos pacientes muriendo por medicinas caras,estos diputados no tendrían que ejercer este cargo,pueblo dormido,este es un gran corrupto,vamos,une,vos, valor , todos corruptos",caro canasta básico transporte barbaridad conciencia paciente morir medicina cara diputado ejercer cargo pueblo dormido corrupto unir vo valor corrupto,[],[],[],[]
Ugyuk_4Gq9tbJjGZVRl4AaABAg,n8iP75gIpmw,UCh5ESQvtzyHDhCA7XyekCFA,UCE4rsXcgDb6e1-a9iTbWzfg,@andyB5280,@andyB5280,False,,3,0,hace 2 años,"Y las cosas no cambian, ellos siguen haciendo pobrecitos cómo sufren, mientras jenye de muere por la compra de medicamentos y no tienen para comprarla .",cosa cambiar seguir pobrecito sufrir jenye muere compra medicamento comprar,[],[],[],[]
UgyvMO5z1LjtvyRIIxd4AaABAg,is3Mk5oC19g,UCk4O-J1BhoqPmig1KLGJePA,UCt5Dw7ePnn0AqPqRF8Xpjkw,@lazarobarillas3575,@lazarobarillas3575,False,,0,0,hace 1 día,Claro....hechor y consentidor pena por igual😮😮😮😮😮😮😮,hechor consentidor pena 😮 😮 😮 😮 😮 😮 😮,[],[],[],"['😮', '😮', '😮', '😮', '😮', '😮', '😮']"
UgyvSxtnuw9xRiNU5tl4AaABAg,j43HgwYFKfk,UCUoYsrx1oZnCZ0usbBJn4fA,UCE4rsXcgDb6e1-a9iTbWzfg,@AnaDiaz-re9sq,@AnaDiaz-re9sq,False,,1,0,hace 1 año,"Ese Luis Cordón, si que es valiente el resto de consejeros son lame botas",luis cordón valiente resto consejero lamer bota,[],[],[],[]
UgyxvyPVCur3jgc_1mx4AaABAg,b_Hkrkl3adA,UCHu8x4MVkayU6VgwVKd--MQ,UCEepOY2svuxbsJ-zsAPT9Fg,@Hernandez-i1o,@Hernandez-i1o,False,,1,0,hace 7 horas,Asquerosos dilicuentes empresas del belzebu y Buda asqueroso gobierno chueco del Don Arévalo nada hace por la población Guatemalteca y los asquerosas y asquerosos diputados del congreso de la república,asqueroso dilicuent empresa belzebu buda asqueroso gobierno chueco don arévalo población guatemalteca asquerosa asqueroso diputado congreso república,[],[],[],[]
UgyypM6Ts6Ut_EuFcdN4AaABAg,n8iP75gIpmw,UC-jS_kA9w-OmpupXDx156Rg,UCE4rsXcgDb6e1-a9iTbWzfg,@simoncreyesc7579,@simoncreyesc7579,False,,2,0,hace 2 años,Y pueblo muriéndose del ambre ve hijos de su mera madre,pueblo morir hambre hijo mero madre,[],[],[],[]
Ugyyx5lXrgFXsraCIMh4AaABAg,n8iP75gIpmw,UC9vMq1YF-e7C-VO0SHkbUTA,UCE4rsXcgDb6e1-a9iTbWzfg,@ErvinLeonardoCarreraLatín,@ErvinLeonardoCarreraLatín,False,,0,0,hace 2 años,P..   si tengo hambre que le quitó un pedazo de ferrocarril mi...,hambre quitar pedazo ferrocarril,[],[],[],[]
UgyzKNq94Z4Y2GSth514AaABAg,yLZS3JiEBg8,UChT7pzGytNd92Nmvi-zuWog,UCE4rsXcgDb6e1-a9iTbWzfg,@sparkvalkov,@sparkvalkov,False,,1,0,hace 2 años,vine del instagram!,venir instagram,[],[],[],[]
Ugyzgy-Lqlq6CTb4GPB4AaABAg,n8iP75gIpmw,UChZknRmJkeGeQk0-mQuhDOg,UCE4rsXcgDb6e1-a9iTbWzfg,@OdilioRodríguez-c5w,@OdilioRodríguez-c5w,False,,1,0,hace 2 años,Y porqué no lo hacen  en lugares más sencillos pero como todos estos son iguales solo piensan en hartarse bien por eso salen como Rodriguez arzu  a costillas del pueblo,porqué lugar sencillo pensar hartar salir rodríguez arzú costilla pueblo,[],[],[],[]
UgyzzIxBoO0_7kX1EWJ4AaABAg,WIUZtitfLRw,UCOARn3hnfkB7-_Rwa8Hoqcw,UCE4rsXcgDb6e1-a9iTbWzfg,@nicelol5241,@nicelol5241,False,,0,0,hace 1 año,"Muy cierto, mi mamá en este momento esta incapacitada de una pierna y hemos vivido lo que es caminar en aceras altas, ineptas, absurdamente pequeñas y además dañadas.",mamá momento incapacitado pierna vivir caminar acera alto inepta absurdamente pequeño dañado,[],[],[],[]
Ugz-XNtfLx0lzcoHUXN4AaABAg,b_Hkrkl3adA,UC9Wp6vL5oCU37qC3Aj94WZA,UCEepOY2svuxbsJ-zsAPT9Fg,@ManuelSanchez-b8q2z,@ManuelSanchez-b8q2z,False,,0,0,hace 3 horas,"Que comando mierd@ mejor de todas maneras tenemos que seguir trabajando, más gasto cuando ellos tapan.",comando mierd@ seguir trabajar gasto tapar,[],[],[],[]
Ugz158DoUO_zyZlglG14AaABAg,06mFNPU0aB8,UCIXLDYqR_syskKRJy_x9W9Q,UCVpSRoZgngfSL03Nlbjtq9A,@carlitosramirez4739,@carlitosramirez4739,False,,0,0,hace 2 semanas,Inglés,inglés,[],[],[],[]
Ugz1TFgP101cP3SQAW94AaABAg,n8iP75gIpmw,UCYN4wSQ1Sx4_LurxLlW7MPg,UCE4rsXcgDb6e1-a9iTbWzfg,@belarminavillatoro6474,@belarminavillatoro6474,False,,0,0,hace 2 años,"Esas no son cosas minuciosas como dice el diputado Nery Rodas ya todos los diputados saben que les dieron orden de no gastar el dinero del pueblo para almuerzos de diputados y el w que quiere que  no nos digan nada porque son cosas como que no vale nada contarlo,si gastaron ese dinero que se los cobren a los diputados,están viendo qué hay personas muriendo de hambre y ellos bien Gracias dándose la gran vida que lo paguen con su sueldo que para eso ganan bien sin vergüenzas vividores,pues que lo paguen para ustedes es poco dos mil quetzales pero para nosotros los pobres es mucho dinero no importa que sea menor gasto pero entiendan que ya no,y si ustedes trabajan que sea en horas adecuadas y no en horas de comidas,y si usted dice que es muy poco el dinero entonces renuncien y busquen otro trabajo porque hay sueldos que ganan el mínimo y de ahí tienen que pagar todo imagínese señor por favor?",cosa minucioso diputado nery rodas diputado orden gastar dinero pueblo almuerzo diputado cosa valer contar gastar dinero cobrir diputado persona morir hambre gracias vida pagar sueldo ganar vergüenza vividores pagar quetzal pobre dinero importar menor gasto entiendan trabajar hora adecuado hora comida dinero renuncien busquen trabajo sueldo ganar mínimo pagar imagínese señor favor,[],[],[],[]
Ugz1VUKAy1iuwk_x2jN4AaABAg,yLZS3JiEBg8,UCTTILH6QCIxbTnEWxwRqs1g,UCE4rsXcgDb6e1-a9iTbWzfg,@3762Jorge,@3762Jorge,False,,0,0,hace 2 años,La próxima habla de la harina de trigo.,harina trigo,[],[],[],[]
Ugz1kbHjtN-jQUk3sWd4AaABAg,n8iP75gIpmw,UC5bG9nc_JV3FsNP2KseQiYw,UCE4rsXcgDb6e1-a9iTbWzfg,@giovannirodas4836,@giovannirodas4836,False,,2,0,hace 2 años,Nombre.... Tenía razon el loco Taracena!!!!! Los diputados siempre iban a decir q no les alcanza el salario de 25 mil. Y uno von salario mínimo tiene q ver cómo le hace para q le alcance!!! Entonces q busquen otro trabajo!!! Es el colmo plata hay lo q pasa q los políticos como el se lo gastan en hartazon!!!!😡😡😡😡,nombre razón loco taracena diputado alcanzar salario von salario mínimo alcance busquen trabajo colmo plata pasar político gastar hartazon 😡 😡 😡 😡,[],[],[],"['😡', '😡', '😡', '😡']"
Ugz200h27x5RIAnswQd4AaABAg,n8iP75gIpmw,UCKDR0f2fu2UzWL8mBv5-BHw,UCE4rsXcgDb6e1-a9iTbWzfg,@mireyamorales6595,@mireyamorales6595,False,,0,0,hace 2 años,"PERO ESTOS QUE ESTAN ENTREVISTANDO AL DIPUTADO NERY RODAS PORQUE 
NO LE PREGUNTARON A LA LEGISLATURA ANTERIOR TODOS LOS GASTOS  QUE HHACIAN.
 :face-blue-smiling: ASI ES LA ANTERIOR LEGISLATURA PAGABAN HASTA PORQUE IBAN AL BAÑO.
SR. RODAS..DEJE A ESTOS QUE LO ESTAN ENTREVISTANDO QUE LE PREGUNTEN
A SU MADRE.
LO QUE AFECTO EN GRANDE EL PAIS,ESOS ROBOS DE  jimmy morales / giammattei.
ALEGANDO POR UNA FACTURA DE Q.2,OOO. O,  MENOS.
  👁giammattei  ROBO MILLONES DE MILLONES Y ESTOS CORRUPTOS ENTREVISTADORES hablando de desnutricion ???  pregunten a giammattei,vive en
el pais todavia...vayan a buscarlo.
JAMAS LE HIZIERON NUNCA UNA PREGUNTA ACERCA DE LOS GASTOS QUE HACIA.
👁 toda empresa privada o gubernamental,PAGAN SUS GASTOS PARA LAS REUNIONESS
QUE LES TOCA HACER.
VAYAN A BUSCAR A allan rodriguez por ej...alvaro arzu...esos si son CORRUPTOS.","entrevistando diputado nery rodas preguntar legislatura gasto hhacian face-blue-smiling legislatura pagaban iban baño sr roda deje entrevistando pregunten madre afecto país robos jimmy morales giammattei alegando factura q.2,ooo 👁 giammattei robo millones millón corrupto entrevistador hablar desnutrición preguntir giammattei vivir país buscar jamás hizieron pregunta acerca gasto 👁 empresa privado gubernamental pagan gastos reunioness tocar vayan buscar allar rodríguez ej alvaro arzú corrupto",[],[],[],"['👁', '👁']"
Ugz26waEPWK6VtsenFZ4AaABAg,PjmxCj-a9Hg,UCNIeXbV_mEwpa412h1aqUWw,UC-ZtFBHzgkYFh7whZkuR_Ag,@juandeleon9060,@juandeleon9060,False,,1,1,hace 1 año,Dios. Los cria. Y El.....los coruptos. Siempre. Van de la Mano....,dios crio corupto mano,[],[],[],[]
Ugz26waEPWK6VtsenFZ4AaABAg.ALglV0O_2mtALgq1_mUSB_,PjmxCj-a9Hg,UCbYoNG5J3Au5BqtbXogfEFw,UC-ZtFBHzgkYFh7whZkuR_Ag,@Luis-gn3fj,@Luis-gn3fj,True,Ugz26waEPWK6VtsenFZ4AaABAg,1,0,hace 1 año,Ud y quienes mas😂😂😂😂😂😂😂😂😂😂😂😂😂😂😂😂😂😂,ud 😂 😂 😂 😂 😂 😂 😂 😂 😂 😂 😂 😂 😂 😂 😂 😂 😂 😂,[],[],[],"['😂', '😂', '😂', '😂', '😂', '😂', '😂', '😂', '😂', '😂', '😂', '😂', '😂', '😂', '😂', '😂', '😂', '😂']"
Ugz2Y0LOPaJfoV8R01d4AaABAg,n8iP75gIpmw,UCl0ekS9Tt0jJGtOEM18S63w,UCE4rsXcgDb6e1-a9iTbWzfg,@monkchapin,@monkchapin,False,,0,0,hace 2 años,paaajaaaasss,paaajaaaasss,[],[],[],[]
Ugz5OziU6YjREVjZJUZ4AaABAg,PjmxCj-a9Hg,UCVQf0tzL7xRzFJsABVVULpg,UC-ZtFBHzgkYFh7whZkuR_Ag,@DennisseLopetegi,@DennisseLopetegi,False,,0,0,hace 1 año,El estado de Colombia fue el verdugo de Uribe.. cuando sienten q alguien les enfrenta con la verdad se acobardan.. igual pasa con el ejecutivo de Guatemala.. bueno en fin arevalo es compadre de petro.  0igo a este presidente y solo mentiras salen de du bocata..  HDP,colombia verdugo uribe sentir alguien enfrentar acobardir pasar ejecutivo guatemala arévalo compadre petro 0igo presidente mentira salir du bocata hdp,[],[],[],[]
Ugz6naDsqtHsbONkRBl4AaABAg,b_Hkrkl3adA,UCsUCN0Yq_UyTvKjOJLmNrnQ,UCEepOY2svuxbsJ-zsAPT9Fg,@moisesvaldez4043,@moisesvaldez4043,False,,0,0,hace 49 minutos,Vamos a paralizar todo el pais talvez asi entiende este gibierno medrioque,paralizar país talvez entender gibierno medrioque,[],[],[],[]
Ugz76M4X7jXyiAqAC_d4AaABAg,n8iP75gIpmw,UCsSXdJct-nsS8DsABoEsaYA,UCE4rsXcgDb6e1-a9iTbWzfg,@IvánPérez-j4j,@IvánPérez-j4j,False,,2,1,hace 2 años,"Pues deberían establecer viáticos cuando los trabajos sean institucionales, eso seria más legal. Ponga una tabla de viáticos, ejemplo: desayuno 60, almuerzo 100, cena 60; hospedaje 150.",deber establecer viático trabajo institucional seriar legal ponga tabla viático ejemplo desayuno almuerzo cena hospedaje,[],[],[],[]
Ugz76M4X7jXyiAqAC_d4AaABAg.A7j4tx1RMDbA7oQQlZnZR4,n8iP75gIpmw,UC9xr9QvIcDvoZNUX5f-jaZw,UCE4rsXcgDb6e1-a9iTbWzfg,@MariaaliciaColonmorales,@MariaaliciaColonmorales,True,Ugz76M4X7jXyiAqAC_d4AaABAg,0,0,hace 2 años,"Es que ellos tienen un rubro para comidas hasta por 10,000quetzales pero ellos principalmente los de junta directiva dijeron que  no tocarían ese dinero que ellos comerían de su bolsillo","rubro comida 10,000quetzales principalmente junta directivo tocarir dinero comerir bolsillo",[],[],[],[]
Ugz7WPxTOQEwmZpnx_V4AaABAg,n8iP75gIpmw,UCi1b_TRQfgO1Z9O2gNGGWNA,UCE4rsXcgDb6e1-a9iTbWzfg,@davidisraelesquitsaquil,@davidisraelesquitsaquil,False,,0,0,hace 2 años,"Ahora se destapo la CORRUPCION Q EXISTIA Y AHORA SE CONTAMINO despues de ampliacion ahora DEUDAS a la Comunidad Internacional por PRESTAMOS para carreteras, ademas CONCESIONES A AEROPUERTOS, PUERTOS, LAS MISMAS CARRETERAS, todos millonario, EUROBONOS, vender al pais y CANASTA BASICA A Q10,000 todo lo van hacer PERO ESE DINERO QUE OBTENGAN SERA REGALO DEL 👹👹👹 Xq DIOS dara justicia en su momento la JUSTICIA DE DIOS con sus hijitos sera IMPLACABLE y omnipotente🇬🇹🇬🇹🇬🇹🇬🇹","destapo corrupción existia contamino ampliacion deudas comunidad internacional prestamos carretera concesión aeropuertos puertos carreteras millonario eurobonos vender país canasta basica q10,000 dinero obtengar regalo 👹 👹 👹 xq dios justicia momento justicia dios hijito implacable omnipotente 🇬🇹 🇬🇹 🇬🇹 🇬🇹",[],[],[],"['👹', '👹', '👹', '🇬🇹', '🇬🇹', '🇬🇹', '🇬🇹']"
Ugz8BbgcucTeHAjfvqJ4AaABAg,n8iP75gIpmw,UCpl8rF8uv_8uui-QRvuJaRA,UCE4rsXcgDb6e1-a9iTbWzfg,@SergioGarcia-z9c,@SergioGarcia-z9c,False,,0,0,hace 1 año,Señores con el salario de este señor almuerzo asta las ocho dela noche y me como un tortrix que vale la pena,señor salario señor almuerzo asta dela noche tortrix valer pena,[],[],[],[]
Ugz8fJcHTKHoEWJPwWt4AaABAg,j43HgwYFKfk,UClhMWQ7XKWywYvbRnuf8QsA,UCE4rsXcgDb6e1-a9iTbWzfg,@EcPerez-zz9oh,@EcPerez-zz9oh,False,,0,0,hace 1 año,"Como sabes que son pajas, si las tienes dwvuelvelas.",paja dwvuelvela,[],[],[],[]
Ugz8hBV9j2KQGtMhPUR4AaABAg,is3Mk5oC19g,UC4kg7zuTfqQKLd2bkZrSYBA,UCt5Dw7ePnn0AqPqRF8Xpjkw,@zoilagarcia9019,@zoilagarcia9019,False,,0,0,hace 20 horas,Sinverguenza la ley maya y luego preso.,sinvergüenza ley maya preso,[],[],[],[]
Ugz8pKFUmjVv-zF8lvJ4AaABAg,n8iP75gIpmw,UCOLGv5Pf6BF2wFcwUzgcvHg,UCE4rsXcgDb6e1-a9iTbWzfg,@welfrealdana5559,@welfrealdana5559,False,,0,0,hace 2 años,La única que se filtro el mismo lo dijo son unos muertos de amber todos lis diputados tienen que pagar con su dinero para eso tienen un sueldo  no sean sucios,único filtro muerto amber li diputado pagar dinero sueldo sucio,[],[],[],[]
UgzBnKyfiTTp9djPTh54AaABAg,OkXlHx0hx-8,UCbNanjFI51cwGqMAb2rOrBw,UCRwA1NUcUnwsly35ikGhp0A,@RosaMontesdeOca777,@RosaMontesdeOca777,False,,0,0,hace 1 día,Fe esperanza oración perseverantes diariamente paz bien verdad amor claridad sabiduría justicia divina ❤😊,fe esperanzo oración perseverant diariamente paz amor claridad sabiduer justicia divino ❤ 😊,[],[],[],"['❤', '😊']"
UgzBpiHQkRpqfeyCDwd4AaABAg,n8iP75gIpmw,UC2weSE8rpqkGMOp6StYtVfg,UCE4rsXcgDb6e1-a9iTbWzfg,@katerynsantiago2907,@katerynsantiago2907,False,,1,0,hace 2 años,que verguenza de jente..esto esto lo que logran parir las universidades..y estos corruptos nunca han hecho nada bueno x el pais..lo unico que han hecho es artarse caro a costillas del pueblo...que de aposol...,verguenzar gente lograr parir universidad corrupto país único artar caro costilla pueblo aposol,[],[],[],[]
UgzDFSLs4n_6XtQjgjZ4AaABAg,lj983NWyAQY,UCyzf29IYjNw67gGIfsjgtxA,UCXa6LVjBzUtmcM3cwbd9e2w,@carlosoliva9249,@carlosoliva9249,False,,45,0,hace 7 años,"Impresionante 👏🏻👏🏻 la ciudad de Guatemala siempre ha tenido alcaldes de visión, Arzú siempre quizo ver una ciudad cosmopolita y de gran desarrollo, esperemos eso siga.",impresionante 👏🏻 👏🏻 ciudad guatemala alcalde visión arzú quizo ciudad cosmopolita desarrollo esperer seguir,[],[],[],"['👏🏻', '👏🏻']"
UgzDK8qo7Il1yafNllJ4AaABAg,PjmxCj-a9Hg,UCzZ6dDCEsLMXbc5pCFXIprw,UC-ZtFBHzgkYFh7whZkuR_Ag,@josegil3813,@josegil3813,False,,0,0,hace 1 año,Adelante Excelentisimo Senor Presidente  Bernardo Arevalo de Leo'n   2028 - 2030.-,excelentísimo señor presidente bernardo arévalo leo'n 2030.-,[],[],[],[]
UgzESrzC3abcN60poBF4AaABAg,lj983NWyAQY,UCaT6M2zp7X6r6Whd8Vv3kHQ,UCXa6LVjBzUtmcM3cwbd9e2w,@alexarcos8349,@alexarcos8349,False,,1,0,hace 5 años,Me encanta poner un negocio en Guatemala en un futuro no muy lejano.,encantar negocio guatemala futuro lejano,[],[],[],[]
UgzFOdujc0-cy9W1Uv14AaABAg,n8iP75gIpmw,UC3NMzdMYryaw82kPTnsaljg,UCE4rsXcgDb6e1-a9iTbWzfg,@marisosa7832,@marisosa7832,False,,0,0,hace 2 años,Mientras los Guatemaltecos  muriendo de hambre,guatemaltecos morir hambre,[],[],[],[]
UgzGYzecKVZyDzajKPV4AaABAg,n8iP75gIpmw,UCLggDc_a5HriXv7I1h02sOA,UCE4rsXcgDb6e1-a9iTbWzfg,@guillermogonzalez5153,@guillermogonzalez5153,False,,4,0,hace 2 años,"Cuando comen  puyaso,,,,,,y un niño  del campo come tortilla con sal  ,,,que es lo relevante  ,,,??","comar puyaso,,,,,,y niño campo comar tortilla sal relevante",[],[],[],[]
UgzH_SOr2gGO_dDna5J4AaABAg,n8iP75gIpmw,UCSou6a2OuYGSvPjm5psquyA,UCE4rsXcgDb6e1-a9iTbWzfg,@FranciscoRivera-sf7ne,@FranciscoRivera-sf7ne,False,,0,0,hace 2 años,Qué descaro de ese vividor,descaro vividor,[],[],[],[]
UgzJ85lM1ogkB4KOk2d4AaABAg,PjmxCj-a9Hg,UCtNyHmRZtvGF2hSvI2dUBWw,UC-ZtFBHzgkYFh7whZkuR_Ag,@aureliomaldonado4793,@aureliomaldonado4793,False,,0,0,hace 1 año,Este presidente pendejo no va aser nada si no van a tapar baches menos van a avanzar en otras cosas ya están igual a México con la mañanera y no asen nada solo son abla mierda,presidente pendejo aser tapar bache avanzar cosa méxico mañanera ar abla mierdo,[],[],[],[]
UgzKcy6Zr6Ele2EAo6J4AaABAg,lj983NWyAQY,UCGqKxQS-z3NZzZF-2w338AA,UCXa6LVjBzUtmcM3cwbd9e2w,@samuelaguilar529,@samuelaguilar529,False,,211,3,hace 7 años,"Me encantaría vivir por un tiempo en Guatemala.
Saludos desde México. :)",encantar vivir tiempo guatemala saludo méxico,[],[],[],[]
UgzL_lyzP1gwPdnVQ3Z4AaABAg,yLZS3JiEBg8,UCXO1BBohNWXkK9SBDAG2ySg,UCE4rsXcgDb6e1-a9iTbWzfg,@JBFlute92,@JBFlute92,False,,0,0,hace 2 años,Excelente trabajo !!,excelente trabajo,[],[],[],[]
UgzMXsCXt9Lh-tk3fZd4AaABAg,6W4u8sGEnGM,UChyps3dqY-VY1_wLeq-2lhw,UC-ZtFBHzgkYFh7whZkuR_Ag,@maydamorales4395,@maydamorales4395,False,,14,1,hace 6 días,"Despues de tanta corrpcion y desfalco por los anteriores gobiernos ladrones que esperaba Rolando? ahora si se puede ver que los fondos de nuestros impuestos se estan usando en lo que deberian de haberse usado hace 40 anios, es muy bueno ver que al fin hay un presidente que esta trabajando no sentado atras de un escritorio llenandose las bolsas!",corrpcion desfalco gobierno ladrón esperar rolando fondo impuesto deberiar anio presidente trabajar sentar escritorio llenar bolsa,[],[],[],[]
UgzMXsCXt9Lh-tk3fZd4AaABAg.A_zGMKwFBhPA_zWhjiGKb7,6W4u8sGEnGM,UCyJhqmMbsvjpoarBBStA2kg,UC-ZtFBHzgkYFh7whZkuR_Ag,@Murmullodelbarrio,@Murmullodelbarrio,True,UgzMXsCXt9Lh-tk3fZd4AaABAg,1,0,hace 6 días,"Esoooooo 
Así mero es",esoooooo mero,[],[],[],[]
UgzM_dw7xZDkJJ8eYQ94AaABAg,n8iP75gIpmw,UCXgr7vXlRrsaskPdo097kGA,UCE4rsXcgDb6e1-a9iTbWzfg,@Rogergh-nw4oj,@Rogergh-nw4oj,False,,0,0,hace 2 años,asi o mas envelequero...,envelequero,[],[],[],[]
UgzMppllQcjsXkBLgiZ4AaABAg,n8iP75gIpmw,UCylqlpsh8ENNM1LqgQ1KbxA,UCE4rsXcgDb6e1-a9iTbWzfg,@Jel.Awesh.M,@Jel.Awesh.M,False,,0,0,hace 1 año,Y eso es a lo que sale a luz ¿qué más  nos esconderán?,salir luz esconder,[],[],[],[]
UgzOB-KAGGElQGAPxEZ4AaABAg,n8iP75gIpmw,UC4cXueR2bKGFJV0Fk76gwmA,UCE4rsXcgDb6e1-a9iTbWzfg,@aluxdel4792,@aluxdel4792,False,,0,0,hace 1 año,"Por qué hay 160 diPUTAdos ? Máximo deberían ser 80 diPUTAdos , hambrientos porque saben que el pueblo paga y hasta da propina. Y mientras tanto en el corredor seco la gente se está muriendo de hambre",diputado máximo deber diputado hambriento pueblo pagar propina corredor seco gente morir hambre,[],[],[],[]
UgzOGr7KGQ9pa-CJdgN4AaABAg,n8iP75gIpmw,UCNBnKqWf4d-rS4HwJRQljmQ,UCE4rsXcgDb6e1-a9iTbWzfg,@LE_A22,@LE_A22,False,,0,0,hace 2 años,"Ósea que por ser diputados TIENEN QUE TENER PRIVILEGIOS A HUEVOS?  25 mil al mes más dietas,mocos etc. pero hablemos de 25 mil,ese ese el salario de 5 ó 6 meses de un ciudadano de a pie… y no tiene carro comida,tel etc gratis como estas ratas,y entre esos diputados los de la junta,los jefes de bloque son los más chuchos,pero quiere justificar todo como que fuese un derecho  y ellos fuesen reyes del país",óseir diputado privilegio huevos mes dieta moco etc. hablar salario mes ciudadano pie carro comida tel etc gratis rata diputado junta jefe bloque chucho justificar derecho rey país,[],[],[],[]
UgzOYjc2Ii04ZArW7vF4AaABAg,n8iP75gIpmw,UCmvOgzmmXbjUthHy-WJ52hQ,UCE4rsXcgDb6e1-a9iTbWzfg,@mariorodas593,@mariorodas593,False,,1,0,hace 2 años,Eso del ferrogaril nunca se va a realisar.,ferrogaril realisar,[],[],[],[]
UgzOeIbOqa0dhaWyj_B4AaABAg,s0eco-BofOs,UC6xI_MOaxajIWpoP8BH6E_Q,UCE4rsXcgDb6e1-a9iTbWzfg,@jahirdiaz5862,@jahirdiaz5862,False,,0,0,hace 1 año,wooow,wooow,[],[],[],[]
UgzPExq20lnf7-8d7_p4AaABAg,lj983NWyAQY,UCtMBF_1O2jY2INlb_luuB_A,UCXa6LVjBzUtmcM3cwbd9e2w,@mynorgudiel8646,@mynorgudiel8646,False,,15,0,hace 7 años,Que Bonita ciudad mi Guatemala como te extraño algún día regresaremos saludos a todos los paisanos que estamos en el extranjero,bonita ciudad guatemala extraño regresarer saludo paisano extranjero,[],[],[],[]
UgzQTWwjC_XVPUNxuXp4AaABAg,OkXlHx0hx-8,UCrqXyRsg-_hTosURZ-uvoKg,UCRwA1NUcUnwsly35ikGhp0A,@flornolberto2425,@flornolberto2425,False,,0,0,hace 1 día,Que desgraciados sin Corazón y porque mandarlos a un pais del que no pertenesen ???? Si los  deportan por lo menos deverian de hacerlo al pais que pertenesen haci la familia puede verlos y ver sus nesecidad.,desgraciado corazón mandarlo país pertenesen deportar deveriar país pertenesar familia nesecidad,[],[],[],[]
UgzRlz8OqalaHh8EnUl4AaABAg,OkXlHx0hx-8,UCGZMgmM92E3njyXNe9-kjAQ,UCRwA1NUcUnwsly35ikGhp0A,@pasionpornada,@pasionpornada,False,,2,1,hace 1 día (editado),""" Ayudanos a luchar contra el racismo y los malos tratos; vete de regreso a tu pais""
                                              Someone.",ayudanos luchar racismo malo trato vetar regreso país someone,[],[],[],[]
UgzRlz8OqalaHh8EnUl4AaABAg.Aa9hqaKl_ywAaB_OUjpKKh,OkXlHx0hx-8,UCi2KiZq63sRq8Mfbcp-MelQ,UCRwA1NUcUnwsly35ikGhp0A,@eugeneramirez4405,@eugeneramirez4405,True,UgzRlz8OqalaHh8EnUl4AaABAg,0,0,hace 20 horas,"It ghe LAW 
You don't make your own rules!",it ghe law you don't make your own rul,[],[],[],[]
UgzRyWsi9Ed1wsXKgwd4AaABAg,yLZS3JiEBg8,UCOY3XpD9qMCRSA8AA8c4CAw,UCE4rsXcgDb6e1-a9iTbWzfg,@franciscorodas9686,@franciscorodas9686,False,,1,0,hace 2 años,Muy buena explicación para entender los carteles y la necesidad de una Ley de Competencia. Felicitaciones.,explicación entender cartel necesidad ley competencia felicitaciones,[],[],[],[]
UgzSjpcAY2zvJ6i-poh4AaABAg,is3Mk5oC19g,UCfRqgt2O-vjzUDMZY_tnxQw,UCt5Dw7ePnn0AqPqRF8Xpjkw,@Williams-Garcia67E,@Williams-Garcia67E,False,,0,0,hace 23 horas,Robando en una iglesia eso es un gran pecado,robar iglesia pecado,[],[],[],[]
UgzSu6dFpC7PrEYl7AF4AaABAg,n8iP75gIpmw,UC9vMq1YF-e7C-VO0SHkbUTA,UCE4rsXcgDb6e1-a9iTbWzfg,@ErvinLeonardoCarreraLatín,@ErvinLeonardoCarreraLatín,False,,0,0,hace 2 años,Este señor le vale cuánto es el valor del almuerzo de un pobre y cuánto gana la población  más pobre,señor valer valor almuerzo pobre ganar población pobre,[],[],[],[]
UgzT_1dx4pvgJTFMsnZ4AaABAg,6W4u8sGEnGM,UCp29O_C7cchZV8IxV7Crdag,UC-ZtFBHzgkYFh7whZkuR_Ag,@robertoescobar5507,@robertoescobar5507,False,,0,0,hace 5 días (editado),"Parafraseando a Bukele, cuando no hay hueveo el pisto alcanza.",parafraseando bukele hueveo pisto alcanzar,[],[],[],[]
UgzTqBd3og9IPuVu3o94AaABAg,n8iP75gIpmw,UCrJn_rbo_ENAdeqneS-RmRw,UCE4rsXcgDb6e1-a9iTbWzfg,@josecarrera9623,@josecarrera9623,False,,1,0,hace 2 años,se be q ese neri rodas kiere seguir comiendo acostillas de los pobres de guatemala verguenza no conose,bir neri roda kierir seguir comer acostilla pobre guatemala verguenzar cono,[],[],[],[]
UgzU2eLo006-Cz6rYLZ4AaABAg,ndAZjHqzzT8,UCjJf-AJKRFFWtiN-CSwkDmA,UCE4rsXcgDb6e1-a9iTbWzfg,@2jose82,@2jose82,False,,0,0,hace 1 año,En Tigo tienen una práctica que se llama falla programada y como lo dice el nombre lo hacen para obligar a los a clientes a migrar a nuevos servicios que seguramente podrían llegar a ser más caros o para que paguen x adelantado en el caso del internet residencial sin contrato,tigo práctica llamar falla programado nombre obligar cliente migrar servicio seguramente llegar caro pagar adelantado caso internet residencial contrato,[],[],[],[]
UgzVRaRar_M-cPPi92x4AaABAg,is3Mk5oC19g,UCBtB5dIyx-C16UN8ClUD2UA,UCt5Dw7ePnn0AqPqRF8Xpjkw,@alexmonzon4257,@alexmonzon4257,False,,0,0,hace 17 horas,Parece hijo del policia que esta a su lado...,hijo policía,[],[],[],[]
UgzVSZ19e2Cc28bFi-94AaABAg,n8iP75gIpmw,UCDUffaruH6dyUnUGwsTKpgg,UCE4rsXcgDb6e1-a9iTbWzfg,@luisletona2842,@luisletona2842,False,,2,0,hace 2 años,Pobrecito dipucaco,pobrecito dipucaco,[],[],[],[]
UgzVsPOuFAogocL8wKB4AaABAg,6W4u8sGEnGM,UCgGqw4aqMdMVSGkKiMgrJRQ,UC-ZtFBHzgkYFh7whZkuR_Ag,@pattyfigueroa5609,@pattyfigueroa5609,False,,0,0,hace 4 días,Interesante 😊 de haya cosas buenas en el país de guatemala.con el puente Belice dos.,interesante 😊 cosa país guatemala.con puente belice,[],[],[],['😊']
UgzWNBqTQMz8ba4pbUd4AaABAg,j43HgwYFKfk,UC32oozucwCF3q8d4m8fyOUg,UCE4rsXcgDb6e1-a9iTbWzfg,@RauldejesusOlivagonzalez,@RauldejesusOlivagonzalez,False,,0,0,hace 6 meses,La pregunta  es.quetanto poder tiene ese delicuente de. Masariego  porque es impone ese indibidodespierte amigo unibersitarios que pasa,pregunta es.quetantir delicuente masariego imponer indibidodespierte amigo unibersitario pasar,[],[],[],[]
UgzWNJK42U_F1IKlwwh4AaABAg,n8iP75gIpmw,UCvApqeCbLod-wejtT4CcVuA,UCE4rsXcgDb6e1-a9iTbWzfg,@davidgaher9550,@davidgaher9550,False,,15,0,hace 2 años,"Prepotente todavía, ni vergüenza tienen, gastar como no les cuesta nada deberían pagarlo con sus propio sueldo",prepotente vergüenza gastar costar deber pagar sueldo,[],[],[],[]
UgzWs20muY6Ghm9Z7094AaABAg,JkpVO1hx2f8,UCHGd14aYuZZShLD73dkk6mg,UCE4rsXcgDb6e1-a9iTbWzfg,@noemiherrera3152,@noemiherrera3152,False,,0,0,hace 1 año,Fue emocionante! ❤🥹,emocionante ❤ 🥹,[],[],[],"['❤', '🥹']"
UgzXDN6uNEworKy3uqZ4AaABAg,n8iP75gIpmw,UCiMythXHsw7eQEMykCdmMUA,UCE4rsXcgDb6e1-a9iTbWzfg,@JavierBecerra-h6x,@JavierBecerra-h6x,False,,2,0,hace 2 años,"Con la venta de fertilizantes se repone todo lo gastado y queda ganancia todavía, dice que tiene 40 agroservicios.",venta fertilizant reponer gastado quedar ganancia agroservicio,[],[],[],[]
UgzYz6n8mPI0dBWsP2h4AaABAg,j43HgwYFKfk,UC-fiZBS5Gp1eCJd9ucgWnCg,UCE4rsXcgDb6e1-a9iTbWzfg,@Tommii.10,@Tommii.10,False,,6,0,hace 1 año,Hay que sacar a como de lugar a estos 37 miembros del consejo que cumplieron su tiempo y colocar una denuncia penal contra estos que están usurpado los cargos en el CSU,sacar lugar miembro consejo cumplir tiempo colocar denuncia penal usurpar cargo csu,[],[],[],[]
UgzZMPOIKJlwEpgh7zd4AaABAg,b_Hkrkl3adA,UC5PrBbmUlQolwqmiru7yZhw,UCEepOY2svuxbsJ-zsAPT9Fg,@lazarochavez8269,@lazarochavez8269,False,,0,1,hace 5 horas,Porque estan aciendo protestas si la gasolina aun subira mas de precio yo claro les edicho que si Nosotros perdemos la guerra Con Irán 🇮🇷 ustedes países como Mexico Guatemala todos los países del mundo 🌎no podrán comprar gasolina porque el galón subira $10. por galón cuánto es esto en tu país es mucho dinero saludos desde mi hermoso país 🇺🇸🇺🇸💵🦅🇺🇸🇺🇸♥️,aceir protesta gasolina subirar precio edecir perder guerra irán 🇮🇷 país méxico guatemala país mundo 🌎 comprar gasolina galón subira galón país dinero saludo hermoso país 🇺🇸 🇺🇸 💵 🦅 🇺🇸 🇺🇸 ♥️,[],[],[],"['🇮🇷', '🌎', '🇺🇸', '🇺🇸', '💵', '🦅', '🇺🇸', '🇺🇸', '♥️']"
UgzZMPOIKJlwEpgh7zd4AaABAg.AaB6SZj2UadAaBRkGrUAJI,b_Hkrkl3adA,UC094EFEmMSdwVa8NQjjYBXg,UCEepOY2svuxbsJ-zsAPT9Fg,@CelestinoQuej-j7k,@CelestinoQuej-j7k,True,UgzZMPOIKJlwEpgh7zd4AaABAg,0,0,hace 2 horas,Pero ay que entender esta a 10 o un poco MAs de impuesto x galon en en Guatemala,ay entender impuesto galón guatemala,[],[],[],[]
UgzZMPOIKJlwEpgh7zd4AaABAg.AaB6SZj2UadAaCH5adXxCo,b_Hkrkl3adA,UCGm3gRBEHGRJYmtCryZLtDw,UCEepOY2svuxbsJ-zsAPT9Fg,@JoséLopez-g6k,@JoséLopez-g6k,True,UgzZMPOIKJlwEpgh7zd4AaABAg,0,0,hace 13 horas,Pues  dile a tu presidente que deje de andar haciendo guerra a lo baboseo .,dile presidente dejar andar guerra baboseir,[],[],[],[]
UgzZc-W-gVj1t4SXc-54AaABAg,lj983NWyAQY,UCwUAv3_LpWVtTIi7lkmTL7A,UCXa6LVjBzUtmcM3cwbd9e2w,@kingr4706,@kingr4706,False,,16,0,hace 6 años,"Sería muy bueno que hicieran eso, y que también mejoren muchas cosas no solo en la capital. Ojalá antes lo hagan.
Vamos Guate, saldremos adelante con pasos pequeño pero firmes 🇬🇹❤️🇬🇹",mejorar cosa capital ojalá guate salir paso pequeño firme 🇬🇹 ❤️ 🇬🇹,[],[],[],"['🇬🇹', '❤️', '🇬🇹']"
UgzaTUgOy4ekC0xQoFt4AaABAg,n8iP75gIpmw,UC5H8ASmMC9WrURmzeB4ySog,UCE4rsXcgDb6e1-a9iTbWzfg,@ManuelEdran,@ManuelEdran,False,,1,0,hace 2 años,Es su obligacion trabajar...no se aproveche,obligación trabajar aprovechar,[],[],[],[]
UgzaWev1Ju6338Y7Ehl4AaABAg,ndAZjHqzzT8,UC5wuDq3U3vRAhOQI3D7gNdw,UCE4rsXcgDb6e1-a9iTbWzfg,@allanreneramirezgonzalez534,@allanreneramirezgonzalez534,False,,2,1,hace 2 años,"Excelente informacion, me suscribí al canal por una publicacion en FB",excelente información suscribir canal publicacion fb,[],[],[],[]
UgzaWev1Ju6338Y7Ehl4AaABAg.A3Wof66r37mA3WrEtkJyep,ndAZjHqzzT8,UCvcu1kR8xMYy_I1Ty-2mV2Q,UCE4rsXcgDb6e1-a9iTbWzfg,@hashojea7348,@hashojea7348,True,UgzaWev1Ju6338Y7Ehl4AaABAg,0,0,hace 2 años,Me pasó,pasar,[],[],[],[]
Ugzb66mq9Rv0T7aalfJ4AaABAg,n8iP75gIpmw,UCXXh7yg5KUFIWylTiKVEFKQ,UCE4rsXcgDb6e1-a9iTbWzfg,@MrDuenderojo,@MrDuenderojo,False,,1,0,hace 2 años,El poeta de el diablo el portillo... y no que muy honesto el pastorcito  pues......,poeta diablo portillo honesto pastorcito,[],[],[],[]
UgzcJTEHjaN8bEV8Hfd4AaABAg,n8iP75gIpmw,UC3XTwHxygNCgjndsg-UiCQA,UCE4rsXcgDb6e1-a9iTbWzfg,@marioajset4283,@marioajset4283,False,,1,0,hace 2 años,"Julio Héctor Estrada, que triste que inconsciencia.",julio héctor estrada tristir inconscienciar,[],[],[],[]
UgzcVyiuFGJ0Yv0C4Zt4AaABAg,n8iP75gIpmw,UCsJJAvrVGupdmhOqgtDp8dg,UCE4rsXcgDb6e1-a9iTbWzfg,@nestorlorenzana1168,@nestorlorenzana1168,False,,1,0,hace 2 años,Mentiras los diputados no ganan Q25mil......Ellos ganan Q45mil....no sea mentiroso,mentiras diputado ganar q25mil ganar q45mil mentiroso,[],[],[],[]
Ugzd2CVlJWOmHWBPSkN4AaABAg,n8iP75gIpmw,UCQ_-LPP8JAbfkc-b1Q6NvWw,UCE4rsXcgDb6e1-a9iTbWzfg,@MegaKristenstewart,@MegaKristenstewart,False,,0,0,hace 2 años,Diputados ladrones sin verguenza por eso guate nunca va salir adelante que pena.,diputado ladrón vergüenza guatar salir penar,[],[],[],[]
UgzeCbhVJhOJATewi5J4AaABAg,n8iP75gIpmw,UCtNfIBnc5S5DbbQj_yxgJTw,UCE4rsXcgDb6e1-a9iTbWzfg,@JosueRamirez-ey3ih,@JosueRamirez-ey3ih,False,,1,0,hace 2 años,Mantenidos,mantenido,[],[],[],[]
UgzfLTatI6lJD6Z_u_94AaABAg,6W4u8sGEnGM,UC-Iul5tDYH_oiAMXQH-KaaQ,UC-ZtFBHzgkYFh7whZkuR_Ag,@AlbertoMancilla-p9h,@AlbertoMancilla-p9h,False,,1,0,hace 6 días,Wooooooooooooooooooooooooow calidad va llegará el tren asta izabal puerto Barrios el Atlántico y pacifico va ser súper lindo proyecto va ver mucho trabajo en el país saludos desde USA 🇺🇸 🎉,wooooooooooooooooooooooooow calidad llegar tren asta izabal puerto barrios atlántico pacifico súper lindo proyecto trabajo país saludo 🇺🇸 🎉,[],[],[],"['🇺🇸', '🎉']"
UgzfXuFsM8L3Qt6qWJV4AaABAg,WIUZtitfLRw,UCyW68EGZey4ao_Vf2cR5Ztg,UCE4rsXcgDb6e1-a9iTbWzfg,@ZabalaXabier,@ZabalaXabier,False,,0,0,hace 1 año,"Y los popos por las calles, humanos y de perros principalmente, nadie los limpia, un problema de seguridad vial y de salud pública. Hay que hacer algo más por los peatones.",popo calle humano perro principalmente limpio problema seguridad vial salud público peatón,[],[],[],[]
Ugzfc9D5wlSKYgY5Jrh4AaABAg,OkXlHx0hx-8,UCZjm6U576nX8WOiLhmMR3bw,UCRwA1NUcUnwsly35ikGhp0A,@MariaNavarroYT,@MariaNavarroYT,False,,3,1,hace 1 día,Cuantas maldad😢😢😢,maldad 😢 😢 😢,[],[],[],"['😢', '😢', '😢']"
Ugzfc9D5wlSKYgY5Jrh4AaABAg.Aa9bbFyRF_AAaB_C3DtL_L,OkXlHx0hx-8,UCi2KiZq63sRq8Mfbcp-MelQ,UCRwA1NUcUnwsly35ikGhp0A,@eugeneramirez4405,@eugeneramirez4405,True,Ugzfc9D5wlSKYgY5Jrh4AaABAg,1,0,hace 20 horas,Mexico deports people all the time! So. Why is this different??,méxico deports people all the time so why is this different,[],[],[],[]
Ugzhc5zg6rDOR3ltTAZ4AaABAg,j43HgwYFKfk,UC_LYoGs5C3mbZKZuKuqYCvw,UCE4rsXcgDb6e1-a9iTbWzfg,@javiercifuentesarchila6041,@javiercifuentesarchila6041,False,,7,0,hace 1 año,Gracias por explicarlo!,gracia explicar,[],[],[],[]
UgzhjFXjeUslGQMZ7KB4AaABAg,6W4u8sGEnGM,UCRfkkatKrNtAARnXMMYBGlA,UC-ZtFBHzgkYFh7whZkuR_Ag,@BernerSoza-mg3vx,@BernerSoza-mg3vx,False,,0,0,hace 5 días,Que se termine la corrupcion para construier obras como estas  correjir el pais mano dura,terminar corrupción construier obra correjir país mano duro,[],[],[],[]
UgzhtSisQXcyX7bqkzB4AaABAg,n8iP75gIpmw,UCA93ym2TXs_Ibyxb4Vcn-6Q,UCE4rsXcgDb6e1-a9iTbWzfg,@oswaldosolis8728,@oswaldosolis8728,False,,0,0,hace 2 años,"Tiene razón el diputado, le dan importancia a babosaditas",razón diputado importancia babosadita,[],[],[],[]
Ugzi82q6lRyjtKUL5lV4AaABAg,n8iP75gIpmw,UCAmtbUiIrUIhikru0ZoTFig,UCE4rsXcgDb6e1-a9iTbWzfg,@Aura-vf6dm,@Aura-vf6dm,False,,7,0,hace 2 años,SON CÍNICOS,cínicos,[],[],[],[]
Ugzin8yr1Zz1k47GsSp4AaABAg,n8iP75gIpmw,UCr1emrogPKkKTs_WTtx71xg,UCE4rsXcgDb6e1-a9iTbWzfg,@domingopeneleu6457,@domingopeneleu6457,False,,0,0,hace 2 años,Ay ricos shucos en la calle jajaja,ay rico shuco calle jajajo,[],[],[],[]
UgzjFGboqNxQ7BcH0bZ4AaABAg,lj983NWyAQY,UCRznz9-N3Qc1w-qNdLSIY2Q,UCXa6LVjBzUtmcM3cwbd9e2w,@jimmygomez724,@jimmygomez724,False,,14,0,hace 6 años,Hermosa cuidad de guatemala saludos desde el salvador,hermoso ciudad guatemala saludo salvador,[],[],[],[]
UgzjqVqTKYeOrM1kW0F4AaABAg,lj983NWyAQY,UCY7Hq7F9Lnucf-Yr6JkHZNw,UCXa6LVjBzUtmcM3cwbd9e2w,@maynorcalel1442,@maynorcalel1442,False,,79,0,hace 7 años,Primero Dios,dios,[],[],[],[]
Ugzk5XnOVKoVj8FiOCB4AaABAg,OkXlHx0hx-8,UC-QOpE7GOxlXcHZ8b7HbQKA,UCRwA1NUcUnwsly35ikGhp0A,@mariaalexander427,@mariaalexander427,False,,0,0,hace 1 día,Y??? Entraron ilegalmente a un pais AJENO!! No tenemos obligacion de dejarlos en las puertas de sus ranchos! Problema de otro gobierno!🇺🇸💪🗽⚖️✈️✈️✈️,entrar ilegalmente país ajeno obligación dejar puerta rancho problema gobierno 🇺🇸 💪 🗽 ⚖️ ✈️ ✈️ ✈️,[],[],[],"['🇺🇸', '💪', '🗽', '⚖️', '✈️', '✈️', '✈️']"
UgzlqevYeQWpdUl_KON4AaABAg,n8iP75gIpmw,UCjSKM9j0Q7HLDr1hD6D-TUw,UCE4rsXcgDb6e1-a9iTbWzfg,@josehidalgo4875,@josehidalgo4875,False,,2,0,hace 2 años,Solo lo que sale a luz se da cuenta el pueblo de lo que hasen estos malvados y lo que hasen a escondidas quien les dise algo estos bien bien comidos y el pueblo que en eso yo mismo se los e dicho que el que sale beneficiado en todo es el político ustedes creen que se preocupan x el pueblo yo siempre les e dicho que solo las sobras le dejan al pueblo x que esta clase de gente solo tiene que ver primero sus intereses y lo demás les vale madre,salir luz pueblo har malvado har escondidas disar comido pueblo salir beneficiado político creer preocupar pueblo sobra dejar pueblo clase gente interés valer madre,[],[],[],[]
Ugzm7wFhhdctNQt_ubl4AaABAg,06mFNPU0aB8,UCwCfs-2zbD5k0lG-UVg_JBw,UCVpSRoZgngfSL03Nlbjtq9A,@JessicaHuaz-96,@JessicaHuaz-96,False,,0,0,hace 2 semanas,Al fin hicieron algo bueno los polis👏👏👏👏👏,poli 👏 👏 👏 👏 👏,[],[],[],"['👏', '👏', '👏', '👏', '👏']"
UgzmBKXDgncBFsDjRwd4AaABAg,n8iP75gIpmw,UC72gBAtyb_VXQlYDcFrh6oQ,UCE4rsXcgDb6e1-a9iTbWzfg,@osmanmorales3012,@osmanmorales3012,False,,1,0,hace 2 años,Siempre tienen excusa,excusa,[],[],[],[]
UgzmBVMoFVO53-_ZZ-54AaABAg,PjmxCj-a9Hg,UC8xlJWNHz1V_W6q3fbuQH8g,UC-ZtFBHzgkYFh7whZkuR_Ag,@NormaLópez-v7e,@NormaLópez-v7e,False,,1,0,hace 1 año,Excelente señor ministro.,excelente señor ministro,[],[],[],[]
UgzpHaLJJjoD9FnKO6p4AaABAg,6W4u8sGEnGM,UCyJhqmMbsvjpoarBBStA2kg,UC-ZtFBHzgkYFh7whZkuR_Ag,@Murmullodelbarrio,@Murmullodelbarrio,False,,5,0,hace 6 días,Viva nuestra Guatemala bendita y viva nuestro presidente Bernardo Arévalo,viva guatemala bendito vivir presidente bernardo arévalo,[],[],[],[]
UgzpdnDQDBV6UZ96GZh4AaABAg,PjmxCj-a9Hg,UCgQJgI9vu1FI2dnC9mrFthw,UC-ZtFBHzgkYFh7whZkuR_Ag,@srms70,@srms70,False,,2,0,hace 1 año,NO QUEREMOS EL TREN MAYA EN GUATEMALA,tren maya guatemala,[],[],[],[]
UgzpzyaFY6F6IdFxzk14AaABAg,n8iP75gIpmw,UCLFdHr9BEbXHkoJopbEPLZw,UCE4rsXcgDb6e1-a9iTbWzfg,@kanterra4584,@kanterra4584,False,,11,0,hace 2 años,Por lo general es así cuando los sujetos provienen de bajos estratos de la sociedad y son tirados con honda.,general sujeto provenir estrato sociedad tirar honda,[],[],[],[]
UgzrrbkpudLqNqr7s6R4AaABAg,n8iP75gIpmw,UCRETAiYdh2dL5ZxB0_N1zDA,UCE4rsXcgDb6e1-a9iTbWzfg,@Joseroland21,@Joseroland21,False,,0,0,hace 2 años,"A todos no a unos si 😂
Mejor no hubiera se hubiera entrevistado. 😂

Un calcetín el
Señor. Abre la boca y meta la pata",😂 entrevistar 😂 calcetín señor abrir boca meta pata,[],[],[],"['😂', '😂']"
Ugzs8eXa8mdQ8wlS4FZ4AaABAg,lj983NWyAQY,UCi-vPdnpQreC7BkFs40mJGA,UCXa6LVjBzUtmcM3cwbd9e2w,@bryansicasales4280,@bryansicasales4280,False,,35,0,hace 7 años,"Es un proyecto extraordinario , vamos adelante mi guate hermosa!",proyecto extraordinario guate hermoso,[],[],[],[]
UgztKpwRx20oET8wGLJ4AaABAg,PjmxCj-a9Hg,UCHTGCgY2l-DQJIvlA_cpa_Q,UC-ZtFBHzgkYFh7whZkuR_Ag,@virgiliogarcia3039,@virgiliogarcia3039,False,,1,0,hace 1 año,Con mucho Respeto  sen̈or presidente lo saludo y que Dios los vendiga lo unico que le pido que mencione y hagan algo por la seguridad del pais ya que siguen matando personas trabajadores y honrradas hagan algo con esos delincuentes .,respeto señor presidentar saludo dios vendigar único pedir mencionir seguridad país seguir matar persona trabajador honrrada delincuente,[],[],[],[]
UgzuugQO6qMSbkVsdGp4AaABAg,PjmxCj-a9Hg,UCtNyHmRZtvGF2hSvI2dUBWw,UC-ZtFBHzgkYFh7whZkuR_Ag,@aureliomaldonado4793,@aureliomaldonado4793,False,,1,0,hace 1 año,Pregúntenle si se acuerda de la marca del vino que se toma todos los días,pregúntenle acordar marca vino tomar,[],[],[],[]
UgzvKLXKEkVzjn_XRHp4AaABAg,n8iP75gIpmw,UCsjs5Hp_r86x1xbK6FAeqaA,UCE4rsXcgDb6e1-a9iTbWzfg,@alvaroesquivel563,@alvaroesquivel563,False,,2,0,hace 2 años,Eso es exactamente lo que significa la verdadera politica: dividirse la riqueza del país entre unos cuantos. Sólo se puede guardar por todos estos delincuentes políticos un sentimiento de vivisima repugnancia.-,exactamente significar politica dividir riqueza país guardar delincuente político sentimiento vivisima repugnancia.-,[],[],[],[]
UgzwvEpQc3M_AWvNDad4AaABAg,lj983NWyAQY,UCRcSR3Lvn9DZAmJpVPANfZQ,UCXa6LVjBzUtmcM3cwbd9e2w,@WalksandSuch,@WalksandSuch,False,,68,0,hace 7 años,muy padre. saludos desde mexico.,padre saludos méxico,[],[],[],[]
Ugzx7TTfRu5S-pT0LuZ4AaABAg,n8iP75gIpmw,UCz3gu01bmjNv0DpRq-K3XYg,UCE4rsXcgDb6e1-a9iTbWzfg,@eusebiovasquez4385,@eusebiovasquez4385,False,,1,0,hace 2 años,Pero que estará aportando éste delincuente,aportar delincuente,[],[],[],[]
UgzxhrnRAMNePfy6u7J4AaABAg,PjmxCj-a9Hg,UCGX_UbAQOXGZknv5iqklwTA,UC-ZtFBHzgkYFh7whZkuR_Ag,@ronaldgarcia8522,@ronaldgarcia8522,False,,1,0,hace 1 año,Este hombre esta loco,hombre loco,[],[],[],[]
UgzzpE27HS1dmWfyATJ4AaABAg,n8iP75gIpmw,UC-hfX8J5JPJ-dfuakzegMLA,UCE4rsXcgDb6e1-a9iTbWzfg,@normaleticiaorozcojuarez2418,@normaleticiaorozcojuarez2418,False,,6,0,hace 2 años (editado),"Si son asesores los que participan en las mesas de trabajo, ellos también tienen buenos sueldos y pueden costear sus gastos personales, jamás con el sueldo de  los Diputados y menos con recursos del pueblo, hay que ser  verdaderamente CABAL. Con respecto a el trabajo que realizan , cualquier proyecto que sea  y en sus diferentes etapas, considero que lo hace porque le gusta  y se siente realizado, se le recuerda que no es gratis, reciben un sueldo y que los compromisos laborales no se resuelven en un restaurante,  para eso están oficinas, las reuniones  en estos lugares es más convivencia que trabajo.  Que Dios les ilumine.",asesor participar mesa trabajo sueldo costear gasto personal jamás sueldo diputados recurso pueblo verdaderamente cabal trabajo proyecto etapa considerar gustar sentir recordar gratis recibir sueldo compromiso laboral resolver restaurante oficina reunión lugar convivencia trabajar dios iluminir,[],[],[],[]
