video_id,channel_id,channel_name,handle_canal,title,category,source_query,source_group,query_hits,keywords,description,vistas,vistas_texto,publish_date,published_time
-5puKGEqcUc,UCq0Cm-3SKthEySQc2JZBi1A,T13 Noticias Guatemala,@T13NoticiasGuatemala,INSIVUMEH pronostica incremento de lluvias para el fin de semana en Guatemala,News & Politics,guatemala lluvias,topic,"[""guatemala lluvias""]","[""Canícula prolongada"", ""Chapin tv"", ""Fenómeno del Niño"", ""Guatemala"", ""Lluvias en Guatemala"", ""Onda tropical 32"", ""Pronóstico del clima"", ""T13 Noticias"", ""actualidad"", ""canal 3"", ""información"", ""noticias"", ""noticias guatemala"", ""noticiero"", ""T13""]","El Departamento de Pronóstico de INSIVUMEH prevé un incremento en las lluvias durante este fin de semana a pesar de la influencia del fenómeno del Niño y una canícula prolongada. La onda número 32 estaría promoviendo nublados y lluvias en todo el país, principalmente hacia el norte y sur. 

En la ciudad capital se esperan nublados y algunas lloviznas dispersas, mientras que los mayores acumulados se presentarán en el área del Caribe, especialmente Izabal, y a lo largo de la Boca Costa. Estas lluvias serán más notables en horas de la tarde y noche. 

Para principios de la próxima semana, los expertos anticipan que las lluvias serán más intensas y finalizará gradualmente el periodo de la canícula. Las autoridades recomiendan mantener precauciones debido a posibles inundaciones, crecidas de ríos, lahares en la cadena volcánica, deslizamientos de tierra y daños en la red vial.",2357,2390.0,2026-08-28T22:00:20-07:00,hace 2 días
-E7OPOLjMug,UCgItjn_ZWFWcv1MlpKIkqgQ,IDocumenta,@iDocumenta,BERNARDO ARÉVALO CALIFICA CAMBIO EN EL MP COMO EL FIN DE UNA ETAPA DE DETERIORO INSTITUCIONAL,People & Blogs,@GobiernodelaRepublicadeGuatema,topic,"[""@GobiernodelaRepublicadeGuatema""]",[],"El presidente de Guatemala, Bernardo Arévalo, calificó el cambio de fiscal general y jefe del Ministerio Público como “el cierre de una etapa marcada por el deterioro institucional”, durante recientes declaraciones relacionadas con la situación del sistema de justicia en el país.
@GobiernodelaRepublicadeGuatema 
#noticias #nacionales #politica #justicia #like #comenta #comparte #siguenos",4,4.0,2026-05-13T16:00:03-07:00,hace 3 meses
-KDglrIzRKo,UC-DpoeBbCMOMOH1-j71KPqA,México Poder,@MéxicoPoder,¡HISTÓRICO! Mexico recupera petróleo robado por Guatemala... 🔔,People & Blogs,guatemala noticias,topic,"[""guatemala noticias""]","[""Mexico recupera petroleo"", ""petroleo robado Guatemala"", ""huachicol frontera sur"", ""Pemex noticias hoy"", ""Mexico vs Guatemala petroleo"", ""soberania energetica Mexico"", ""recuperacion de hidrocarburos"", ""Guardia Nacional frontera sur"", ""noticias de hoy Mexico"", ""petroleo mexicano"", ""ultimas noticias Mexico"", ""soberania Mexico"", ""seguridad frontera sur"", ""decomiso de petroleo"", ""combate al huachico""]","#México #PetróleoMexicano #SoberaníaEnergética #Pemex #NoticiasMéxico #FronteraSur #Huachicol #Guatemala #ÚltimaHora

En este video te contamos todos los detalles sobre la histórica operación de seguridad y soberanía energética implementada en la frontera sur. El Gobierno de México logra asegurar miles de barriles de hidrocarburo extraídos de manera ilegal y recupera recursos vitales para la nación.

¿Qué implicaciones diplomáticas y económicas tendrá esta firme postura en la región? Analizamos las acciones de Pemex, la Guardia Nacional y las fuerzas de seguridad para defender el patrimonio de los mexicanos.

📌 En este video descubrirás:
• Los detalles del operativo de recuperación de petróleo en la frontera sur.
• La respuesta de Pemex y las autoridades mexicanas ante el tráfico ilícito.
• El impacto en la relación bilateral entre México y Guatemala.
• Medidas para reforzar la soberanía energética y combatir el huachicol.

🔔 ¡SUSCRÍBETE Y ACTIVA LA CAMPANILLA!
No te pierdas ningún reporte sobre la política, economía y soberanía de México. Déjanos tu opinión en los comentarios: ¿Qué opinas de estas acciones de seguridad en la frontera?",29736,29736.0,2026-08-29T17:00:38-07:00,hace 1 día
-O4Pa7qS9WQ,UCSQM9AVr3rr7_GF8RH5KFGw,Guate Maya Trip,@GuateMayaTripGT,"Viaje completo Ciudad de Guatemala al IRTRA de Retalhuleu, menos tráfico, Diesel a Q42.59",Nonprofits & Activism,guatemala trafico,topic,"[""guatemala trafico""]",[],,383,383.0,2026-03-27T22:00:00-07:00,hace 5 meses
06mFNPU0aB8,UCVpSRoZgngfSL03Nlbjtq9A,Noti7,@Noti7Guatemala,Capturan a presuntos delincuentes disfrazados de mujer señalados de cometer asalto,News & Politics,guatemala noticias,topic,"[""guatemala noticias""]","[""Actualidad"", ""Asaltantes disfrazados"", ""Capturados Escuintla"", ""Guatemala"", ""Noti7"", ""Noticias"", ""PNC"", ""Televisiete"", ""información"", ""noticias"", ""capturas""]",La rápida acción policial frustró el plan de los sujetos que usaron minifaldas para huir.,6692,6692.0,2026-08-13T22:00:12-07:00,hace 2 semanas
0LTLUY7LBlA,UCfMjuFkpFo_QAWtvQqR2EHQ,De viaje con Migue,@deviajeconmigue,"Qué debes saber ANTES de viajar a GUATEMALA | Dónde cambiar DINERO, adquirir INTERNET y TRANSPORTE",Travel & Events,guatemala transporte,topic,"[""guatemala transporte""]","[""viajes"", ""tips de viajes"", ""travel"", ""mundo chevez"", ""consejos de viajes"", ""guatemala"", ""visitamos guatemala"", ""qué saber antes de viajar a guatemala"", ""dónde cambiar dinero en guatemala"", ""cómo conseguir internet en guatemala"", ""cómo moverme en guatemala"", ""transporte en guatemala"", ""ciudad de guatemala"", ""antigua guatemala""]","(00:00) Intro
(01:15) Vuelos y requerimientos
(01:42) Declaración jurada regional del viajero
(02:46) Migración proceso
(03:52) Opciones de transporte del aeropuerto
(07:41) Dónde cambiar dinero a Quetzales
(10:22) Dónde conseguir Internet
(11:30) Transporte de Ciudad de Guatemala a Petén
(15:16) Despedida y redes sociales

Este es un video informativo que te ayudará a planear de mejor manera tu visita al hermosos país de #guatemala 

Aquí te comparto #tips  y #recomendaciones desde vuelos, #transporte y costos para moverte por el país, dónde cambiar dinero y obtener la mejor taza de cambio y dónde conseguir #internet  para estar conectado durante todo tu viaje.

En este enlace puedes llenar la declaración jurada regional del viajero
https://portal.sat.gob.gt/portal/declaracion-jurada-regional-de-viajero/

SUSCRÍBETE A MI CANAL:
https://www.youtube.com/channel/UCfMjuFkpFo_QAWtvQqR2EHQ?view_as=subscriber
.
REDES SOCIALES:
Instagram: https://www.instagram.com/deviajeconmigue/
Twitter: https://twitter.com/deviajeconmigue
Facebook: https://www.facebook.com/deviajeconmigue/
TikTok: https://www.tiktok.com/@deviajeconmigue
.
CONTACTO:
mundo.chevez@gmail.com",6099,6098.0,2025-04-15T18:00:27-07:00,hace 1 año
0a4_g1R1-aA,UCHsYnV67K3J0yJ4QeciVCww,PNCdeGuatemala,@PNCdeGuatemala,Acciones relevantes en el #Resumen24Horas,Science & Technology,Policia Nacional Civil Guatemala,official_gov,"[""Policia Nacional Civil Guatemala""]",[],"📢 ¡Sígueme en nuestras redes! 🌐
━━━━━━━━━━━━━━━━━━━━━━━━━━━━━
https://www.instagram.com/pncdeguatemala
https://www.youtube.com/@PNCdeGuatemala
https://www.tiktok.com/@pncdeguatemala
https://www.facebook.com/PoliciaNacionalCivildeGuatemala
https://x.com/PNCdeGuatemala
https://pnc.gob.gt/

🌟 ¡Suscríbete para más contenido!

#PNC #PNCGuatemala #Policia #Guatemala #SeguridadConTransparencia
 #ProtegerYServir",15455,15436.0,2026-08-26T05:26:21-07:00,hace 5 días
0b2vfzXdCqs,UC-ZtFBHzgkYFh7whZkuR_Ag,Gobierno de la República de Guatemala,@GobiernodelaRepublicadeGuatema,Cadena Nacional del presidente Bernardo Arévalo,Entertainment,Gobierno de Guatemala,topic,"[""Gobierno de Guatemala"", ""Gobierno de la República de Guatemala""]",[],Cadena Nacional del presidente Bernardo Arévalo,2725,2725.0,2026-02-15T18:11:23-08:00,Transmitido hace 6 meses
0eiVPMexNOo,UCt5Dw7ePnn0AqPqRF8Xpjkw,TN23 Guatemala,@TN23TodoNoticias,CONRED se pronuncia tras sismos en el territorio nacional,News & Politics,Conred Guatemala,official_gov,"[""Conred Guatemala""]","[""TN23"", ""información"", ""noticias"", ""Guatemala"", ""CONRED"", ""sismos"", ""temblores""]",CONRED se pronuncia tras sismos en el territorio nacional,1875,1875.0,2025-07-29T16:30:00-07:00,hace 1 año
0iQD8zHxZIg,UCoVACVT8WitFTc_Ok5yhYlg,Tras la Verdad SV,@TraslaVerdadSV,SE FILTRO un AUDIO de PANDILLEROS en Guatemala | DISPUTA POLITICA  Guatemala en medio de EMERGENCIA,News & Politics,guatemala politica,topic,"[""guatemala politica""]","[""El Salvador"", ""Nayib Bukele"", ""Noticias"", ""Noticias de El Salvador"", ""Noticias de Nayib Bukele""]","Un pandillero tiene enfrentado a los políticos en Guatemala, al mismo sujeto quien seria ranflero de la 18 le han encontrado audios presuntamente incriminatorio ante hecho de ataques a policías, mientras a Consuelo Porras han solicitado ante el sistema judicial un juicio político,  


#noticias #noticiasenvivo #noticiasenespañol #bukele #bukelevspandillas #nayibukele #elsalvador #guatemala  #guatemala502 #guatemalatravel #guatemalacity 

Apóyame compartiendo este contenido con tus amigos, familiares y grupos en las redes sociales, si somos más, somos más fuertes!! Gracias por su confianza cipotes.
Suscríbete a mi segundo canal de Youtube: https://goo.gl/jcUZTR

Sígueme en mis redes sociales 
Tik tok: https://www.tiktok.com/@caoz_sv
Twitter: https://twitter.com/Caoz_ES
Facebook: https://www.facebook.com/CaozES/

Ayuda a seguir creando contenido Donaciones: https://goo.gl/DxivjZ",36701,36701.0,2026-01-21T09:00:02-08:00,hace 7 meses
1-hr8eCOt_I,UCwkVsH8aIOco3U_Fu7-UW5w,AztecaGuate,@AztecaGuate,Este es el impacto ante el incremento del tráfico en la capital por el inicio de clases,Entertainment,guatemala trafico,topic,"[""guatemala trafico""]",[],"Con el inicio de clases presenciales en el país, son varios los vehículos y buses  que se encuentran circulando en la Ciudad de Guatemala, los cuales transportan a los estudiantes a diferentes centros educativos",289,289.0,2023-01-16T13:10:57-08:00,hace 3 años
1HQLJycvzaQ,UC-ZtFBHzgkYFh7whZkuR_Ag,Gobierno de la República de Guatemala,@GobiernodelaRepublicadeGuatema,Conferencia de Prensa del Gobierno de Guatemala. #LaRondaGt,Entertainment,@GobiernodeGuatemala,topic,"[""@GobiernodeGuatemala""]",[],Conferencia de Prensa del Gobierno de Guatemala. #LaRondaGt,1175,1175.0,2025-02-24T19:16:24-08:00,Transmitido hace 1 año
1kSG-naIgqk,UCWYeiFUCO0SW6BxZ8aPxVTw,Vicepresidencia Guate,@VicepresidenciaGuate,PRIMERA SEDE MIGRATORIA REGIONAL EN CHIQUIMULA,Entertainment,@GobiernodelaRepublicadeGuatema,topic,"[""@GobiernodelaRepublicadeGuatema""]",[],"El @GobiernodelaRepublicadeGuatema, a través del Instituto Guatemalteco de Migración (IGM), inauguró la primera Sede Migratoria Regional en Chiquimula, con la participación de la vicepresidenta de la República, Dra. Karin Herrera, y el director general del IGM, Danilo Rivera. Esta nueva sede facilitará el acceso a trámites migratorios para la población del oriente del país, fortaleciendo la descentralización, reduciendo costos y acercando servicios de calidad a la ciudadanía.",48,48.0,2026-02-01T05:00:09-08:00,hace 7 meses
1w9faaYjhyU,UCdHETJl6cR5dye5XxEyqycQ,El profe de Historia Gt,@elprofedehistoriagt2046,Fundación de la República de Guatemala 21 marzo 1847,People & Blogs,Gobierno de la República de Guatemala,topic,"[""Gobierno de la República de Guatemala""]",[],"La Fundación de la República de Guatemala, proclamada por el general Rafael Carrera el 21 de marzo de 1847, constituye uno de los hitos políticos más trascendentales y, a la vez, más ignorados de nuestra historia nacional.

¿Por qué se invisibiliza este hecho en el sistema educativo? ¿Quién fue realmente Rafael Carrera y por qué su figura genera tanto debate entre ser un héroe nacional o un dictador conservador? 

En este video analizamos de forma profunda las causas políticas, económicas y sociales que llevaron al nacimiento de la República y la disolución de la Federación Centroamericana.
#HistoriaDeGuatemala #RafaelCarrera #ElProfeDeHistoriaGt #IndependenciaGuatemala #FundaciónDeLaRepublicaDeGuatemala",31697,31697.0,2020-03-20T19:59:44-07:00,hace 6 años
1y61Kb9uSbg,UC8u2nvyHewt-mjdWSj0HJmQ,Ministerio de Gobernación,@mingobguate,Departamento de Tránsito de PNC certifica a 43 PMT en Educación Vial,News & Politics,PMT Guatemala,official_gov,"[""PMT Guatemala""]","[""Ministerio"", ""de"", ""Gobernación"", ""Guatemala""]","-  Ministerio de Gobernación, Comunicación Social, Audiovisuales",471,471.0,2017-11-07T15:06:55-08:00,hace 8 años
1yHN9Ci7pXs,UCXa6LVjBzUtmcM3cwbd9e2w,Municipalidad de Guatemala,@MunicipalidaddeGuatemala-1551,Municipalidad de Guatemala informa,People & Blogs,Municipalidad de Guatemala,topic,"[""Municipalidad de Guatemala""]","[""municipalidd"", ""guatemala"", ""arzú"", ""arzu""]",,1617,1617.0,2010-06-03T07:14:01-07:00,hace 16 años
2iqOSL9YguA,UCDaIW3kDab95q7iCSeVAnbQ,Guatevisión,@guatevision_oficial,Gabriel García Luna ya está en el MP para asumir como nuevo fiscal general,Entertainment,guatemala politica,topic,"[""guatemala politica""]",[],"Gabriel Estuardo García Luna ya se encuentra en el edificio del Ministerio Público (MP) para asumir oficialmente como nuevo fiscal general para el período 2026-2030, en sustitución de María Consuelo Porras.
Su llegada marca el inicio de una nueva administración dentro de la institución, luego de un proceso de elección marcado por tensiones, impugnaciones y debate político.

Lea más en:
https://www.prensalibre.com/ciudades/guatemala-ciudades/mp-cambio-fiscal-general-consuelo-porras-gabriel-garcia-luna-2026/",5181,5180.0,2026-05-16T23:44:07-07:00,Transmitido hace 3 meses
2n31FhKmELI,UC96TdbkzdlngA9hT1XNzJkw,Fralis Maxiel Martinez,@martinezfralis,TRÁFICO EN GUATEMALA,People & Blogs,guatemala trafico,topic,"[""guatemala trafico""]",[],"En este reportaje, exploraremos las opiniones y vivencias de cuatro individuos que se enfrentan a las arterias congestionadas de la ciudad.

Amílcar Montejo, el vocero de la PMT, ofrecerá una visión desde la perspectiva de las autoridades encargadas de gestionar y controlar el tráfico en la ciudad, destacando los retos y estrategias para mejorar la movilidad urbana. Además, Maximiliano, un contador experimentado, compartirá sus desafíos diarios al volante, revelando las tensiones y frustraciones inherentes a su labor viajando desde muy lejos hacia su lugar de trabajo todos los días. Por otro lado, Antonio, un estudiante universitario, expresará cómo el tráfico condiciona su rutina académica y social, desafiando su capacidad para llegar a tiempo a sus compromisos

Entre el mar de autos, encontramos a Estuardo, un ciclista valiente que navega entre vehículos, buscando alternativas sostenibles y ágiles en medio del caos. A través de sus ojos, entenderemos los riesgos y recompensas de optar por la bicicleta como medio de transporte en una ciudad dominada por los automóviles.

Para añadir perspectiva psicológica, entrevistamos al Dr. Cristian Valladares, un psicólogo especializado en estrés urbano. El arrojará luz sobre el impacto emocional del tráfico en la población guatemalteca, destacando cómo la ansiedad y la irritabilidad se entrelazan con los atascos y las congestiones, afectando la calidad de vida de los ciudadanos.

A través de estas cuatro voces, nuestro reportaje trazará un panorama integral del tráfico en Guatemala, evidenciando sus complejidades y desafíos desde distintas miradas. En un país donde las calles son testigos de una constante lucha por la movilidad, estas narrativas individuales revelarán las múltiples facetas de una problemática que impacta a todos por igual.

Alumnas de V Semestre de la Licenciatura en Ciencias de la Comunicación Social de la Universidad Mesoamericana, realizan su primer Reportaje como parte del curso de Lenguaje de la Televisión.",512,512.0,2024-05-06T21:28:03-07:00,hace 2 años
2p23yPpu6aQ,UC7PbHMtfWgBFZ_SSZ8iRhQg,Noticias-FA-Gt,@NoticiasFAGt,#Conred,People & Blogs,Conred Guatemala,official_gov,"[""Conred Guatemala""]",[],"*Día internacional para la reducción del riesgo de desastres* 

La coordinadora Nacional para la reducción de desastres con red da mensaje por el día internacional por la reducción de desastres en Guatemala quien brinda declaraciones al tema el secretario ejecutivo de la conred general Oscar Estuardo Cosío Cámara",164,164.0,2023-10-13T17:06:28-07:00,hace 2 años
3-jKER3zqcA,UC-YGRGi0FeIA5441bGlHOPw,audioschileros,@audioschileros,VECINO VRS AGENTES DE LA PMT EN MAZATENANGO,People & Blogs,PMT Guatemala,official_gov,"[""PMT Guatemala""]",[],"ALTERCADO EN MAZATENANGO. 
Publicado por ‪#‎SuchiNoticias‬.

Ver el video, Compartirlo y analizar quien tiene la razon.
Vecino? o agente de PMT?",70811,70811.0,2016-04-03T20:53:54-07:00,hace 10 años
3LAwISMokIg,UCW_PHqwqCCalvQGOEsVU0jw,Concejales de Oposición - Muni Guate,@ConcejalesOposición,MUNICIPALIDAD DE GUATEMALA 17/12/2025,People & Blogs,@MunicipalidaddeGuatemala-1551,topic,"[""@MunicipalidaddeGuatemala-1551""]",[],,294,294.0,2025-12-17T16:30:34-08:00,hace 8 meses
3Nfp9h5avBI,UCdSVqHGHzyMTXSafUHY-e-w,Noticiero Guatevisión 13 Hrs.,@GuatevisionNoticiero,"Noticiero en Directo 1 pm, 28 de Agosto de 2026",News & Politics,guatemala noticias,topic,"[""guatemala noticias""]","[""guatevision"", ""noticiero guatevision"", ""emisión en directo"", ""emisión en directo noticiero guatevision"", ""Guatemala"", ""clima"", ""marisol padilla""]","#NoticiasGuatemala #SismosJutiapa #TSE #Seguridad #AaronHerrera

🔔 Suscríbete al canal y activa la campanita para recibir las noticias más importantes de Guatemala.",573,573.0,2026-08-31T10:41:20-07:00,hace 5 horas
3P2OUk7aGmc,UC-ZtFBHzgkYFh7whZkuR_Ag,Gobierno de la República de Guatemala,@GobiernodelaRepublicadeGuatema,Presidente presenta Segundo Informe Presidencial en Sesión Solemne del Congreso de la República.,Entertainment,Gobierno de la República de Guatemala,topic,"[""Gobierno de la República de Guatemala""]",[],Presidente Bernardo Arévalo de León presenta Segundo Informe Presidencial en Sesión Solemne del Congreso de la República.,2838,2838.0,2026-01-14T22:47:12-08:00,Transmitido hace 7 meses
3S3KygWSjAQ,UCHsYnV67K3J0yJ4QeciVCww,PNCdeGuatemala,@PNCdeGuatemala,Himno de la Policía Nacional Civil de Guatemala,News & Politics,Policia Nacional Civil Guatemala,official_gov,"[""Policia Nacional Civil Guatemala""]","[""PNC"", ""GUATEMALA"", ""POLICIA"", ""HIMNO"", ""PROTEGER"", ""SERVIR"", ""FUERZA""]",,53021,53021.0,2018-12-22T13:06:17-08:00,hace 7 años
3bU7I_ZpXUk,UCEepOY2svuxbsJ-zsAPT9Fg,PrensaLibreOficial,@PrensaLibreOficial,Congreso inicia proceso para nombrar a nuevo Fiscal General en Guatemala y suceder a Consuelo Porras,News & Politics,guatemala politica,topic,"[""guatemala politica""]","[""noticias Guatemala"", ""noticias Guatemala en vivo"", ""noticias última hora"", ""Guatemala"", ""Corte Suprema de Justicia"", ""CSJ Guatemala"", ""pleno extraordinario"", ""elección presidente CSJ"", ""Comisión de Postulación"", ""fiscal general MP"", ""Organismo Judicial"", ""sistema de justicia"", ""Prensa Libre"", ""Guatemala justice"", ""Supreme Court"", ""judicial leadership"", ""attorney general selection"", ""political process""]","El Congreso de la República dio el primer paso para la elección del próximo Fiscal General y jefe del Ministerio Público al aprobar la convocatoria para integrar la Comisión de Postulación. Este órgano será el encargado de evaluar, calificar y seleccionar a los aspirantes que buscarán dirigir el ente investigador, por ahora a cargo de Consuelo Porras.

Lea más en:
https://www.prensalibre.com/guatemala/politica/congreso-activa-proceso-para-elegir-al-nuevo-fiscal-general-y-jefe-del-ministerio-publico-breaking/
----------------------------
Busque más información de Guatemala y el mundo en  
https://www.prensalibre.com
https://www.facebook.com/prensalibregt
https://twitter.com/prensa_libre
https://www.instagram.com/prensa_libre
https://www.tiktok.com/@prensalibregt",7465,7465.0,2026-01-13T19:55:00-08:00,hace 7 meses
3onMfRym3OU,UCH1AYkCs1GpNK_xUwFYTsaQ,Cronos Time GT,@CronosTime,PRIMER PUENTE DONDE ARRIBA VA EL TRÁFICO Y ABAJO UN TREN EN GUATEMALA Y AMÉRICA LATINA.,Education,guatemala trafico,topic,"[""guatemala trafico""]","[""guatemala"", ""guate"", ""guatemala city"", ""cronos time gt"", ""cronos"", ""time"", ""cronostimegt"", ""noticias guatemala"", ""noticiasgt"", ""noticiasguatemala"", ""gobierno de guatemala"", ""gobierno de guate"", ""chapin de corazón"", ""bernardo arévalo"", ""tren en guatemala""]","PRIMER PUENTE DONDE ARRIBA VA EL TRÁFICO Y ABAJO UN TREN EN GUATEMALA Y AMÉRICA LATINA....

Facebook: https://www.facebook.com/CronosTime2
Instagram: https://www.instagram.com/cronostimegt/
Twitter: https://twitter.com/CronosTime4


by: Noti#BDMGT t/Creative community

                                International Attribution

–––––––––––––––– Daylight (instrumental) de RYYZNhttps://soundcloud.com/ryyzn Creative Commons — Attribution 3.0 Unported — CC BY 3.0 Descarga gratuita / Transmisión:https://bit.ly/3JifOId Música promovida por Audio Libraryhttps://youtu.be/sm3bb34UqCo


––––––––––––––––––––––––––––––
Ice Flow by Kevin MacLeod http://incompetech.com
Creative Commons — Attribution 4.0 International — CC BY 4.0
Free Download / Stream: https://bit.ly/ice-flow
Music promoted by Audio Library   
 • Ice Flow – Kevin ...  
––––––––––––––––––––––––––––––
🎵 Track Info:
Title: Ice Flow by Kevin MacLeod
Genre and Mood: Hip Hop & Rap + Dark
———
🎧 Available on: 
YouTube:   
 • Ice Flow  
iTunes: https://music.apple.com/us/album/ice-...
Incompetech: http://goo.gl/U1OgOP

#guatemala #GUATE #conostimegt #noticiasguatemala",4484,4485.0,2026-08-26T11:12:06-07:00,hace 5 días
45xQLtMlPdo,UCgItjn_ZWFWcv1MlpKIkqgQ,IDocumenta,@iDocumenta,"PRESIDENTE DE GUATEMALA, BERNARDO ARÉVALO SE REFIERE AL “DÍA INTERNACIONAL DE LA LIBERTAD DE PRENSA”",People & Blogs,@GobiernodelaRepublicadeGuatema,topic,"[""@GobiernodelaRepublicadeGuatema""]",[],"El Presidente de la república, Bernardo Arévalo habló sobre los avances que organismos y organizaciones internacionales de prensa el adjudican a Guatemala en materia de la libertad de prensa en este 2026.Además refirió que su gobierno es más abierto y está dispuesto al periodismo crítico como parte del ejercicio democrático y que ha sido así desde su inicio.
@GobiernodelaRepublicadeGuatema 
#noticias #nacionales #poliitica #like  #comenta #comparte #siguenos",8,8.0,2026-05-05T11:42:52-07:00,hace 3 meses
4DD1nlxWk2s,UCKu8ZkS9vriCetFagAGIMXA,VIVA GUATEMALA,@VIVAGUATEMALANB,Fuertes LLUVIAS en el JABALI; a si luce una Tarde de Tormenta 😱,Entertainment,guatemala lluvias,topic,"[""guatemala lluvias""]",[],,27111,27107.0,2025-07-26T14:22:51-07:00,hace 1 año
4FUed7cIhPU,UC6SA1dVHvAkc6yNS_t5cbGw,Conred,@Conred_GT,El Sistema CONRED y el Gobierno de Guatemala trabajan unidos para atender emergencias.,Education,Conred Guatemala,official_gov,"[""Conred Guatemala""]",[],"Es importante que recuerden no cruzar ríos crecidos ni calles inundadas. 
¡Tu vida es lo más importante!",47,47.0,2025-09-24T17:14:31-07:00,hace 11 meses
4H6w9FQAcS8,UC-ZtFBHzgkYFh7whZkuR_Ag,Gobierno de la República de Guatemala,@GobiernodelaRepublicadeGuatema,"Avances en temas de economía, precios de los combustibles y otros temas de interés nacional.",Entertainment,Gobierno de Guatemala,official_gov,"[""Gobierno de Guatemala""]",[],"Avances en temas de economía, precios de los combustibles y otros temas de interés nacional. #LaRondaGT",1489,1489.0,2026-03-16T20:42:29-07:00,Transmitido hace 5 meses
5DRG-WGTq1k,UC6SA1dVHvAkc6yNS_t5cbGw,Conred,@Conred_GT,El Sistema CONRED continúa activo y trabajando de manera coordinada #VolcánDeFuego.,Education,Conred Guatemala,official_gov,"[""Conred Guatemala""]",[],,68,68.0,2026-08-04T06:17:36-07:00,hace 3 semanas
5MFnG5B7ric,UCW_PHqwqCCalvQGOEsVU0jw,Concejales de Oposición - Muni Guate,@ConcejalesOposición,Municipalidad de Guatemala   09/07/2025,People & Blogs,@MunicipalidaddeGuatemala-1551,topic,"[""@MunicipalidaddeGuatemala-1551""]",[],"Dictamen Comisión Finanzas.
Dictamen Comisión EMPAGUA.
Dictamen Comisión jubilaciones.
Aprobación contrato administrativo",107,107.0,2025-07-09T17:11:59-07:00,hace 1 año
5OhxjDvuYbQ,UCXa6LVjBzUtmcM3cwbd9e2w,Municipalidad de Guatemala,@MunicipalidaddeGuatemala-1551,"Operativos PMT ""Cero Tolerancia"" para fin de año",News & Politics,PMT Guatemala,official_gov,"[""PMT Guatemala""]","[""Ricardo"", ""Quiñónez"", ""Administración"", ""Alcalde"", ""Alcaldía"", ""Alcaldías"", ""Municipalidad"", ""Municipal"", ""Muni"", ""Cumple"", ""Equipo"", ""Transparencia"", ""Servicios"", ""Servir"", ""Servidor"", ""Público"", ""Pasión"", ""Todos"", ""Somos"", ""La"", ""Ciudad"", ""Del"", ""Futuro"", ""Para"", ""Vivir"", ""año nuevo"", ""tránsito vehicular"", ""PMT Guatemala""]","La PMT Ciudad de Guatemala informa sobre los operativos de prevención que tendrán a cargo 850 elementos, como alcoholemia, regulación del tránsito vehicular y el apoyo interinstitucional con municipios vecinos con la finalidad de mantener corredores viales favorables para más de 1 millón 150 mil vehículos que ingresan por día a la ciudad.",494,494.0,2019-12-31T05:00:10-08:00,hace 6 años
5UNxNfcSzG4,UC-ZtFBHzgkYFh7whZkuR_Ag,Gobierno de la República de Guatemala,@GobiernodelaRepublicadeGuatema,Distinción del Cambio de la Rosa de la Paz a Pedro Castro López del INACOP,Entertainment,Gobierno de la República de Guatemala,topic,"[""Gobierno de la República de Guatemala""]",[],Distinción del Cambio de la Rosa de la Paz a Pedro Castro López del Instituto Nacional de Cooperativa.,741,745.0,2026-08-28T10:14:57-07:00,Transmitido hace 4 días
5Y7fntl6Rc8,UCfMjuFkpFo_QAWtvQqR2EHQ,De viaje con Migue,@deviajeconmigue,Cómo llegar a TIKAL desde Ciudad de GUATEMALA en autobús o en Avión | transporte a PETÉN,Travel & Events,guatemala transporte,topic,"[""guatemala transporte""]","[""viajes"", ""tips de viajes"", ""travel"", ""mundo chevez"", ""consejos de viajes"", ""guatemala"", ""de ciudad de guatemala a petén"", ""cómo llegar de ciudad de Guatemala a Tikal"", ""transporte a Petén y Tikal"", ""transporte colectivo en Petén"", ""Isla de Flores"", ""Cómo llegar a Tikal"", ""Transporte para ir a Tikal"", ""Transporte en Guatemala"", ""autobuses fuentes del norte Guatemala"", ""vuelo de Guatemala a Flores"", ""qué saber antes de visitar Guatemala"", ""Ruinas de Tikal"", ""Formas económicas de viajar""]","Viajeros, en este video te explico (al menos eso trato) las formas de moverte desde ciudad de #Guatemala hasta el departamento de #Petén ya sea la Isla de Flores o El Remate que es donde yo me hospedé para poder visitar las ruinas de la ciudad maya de #Tikal 

Así que si quieres saber los medios de transporte que hay, los horarios, los tiempos de trayecto y más sugerencias respecto a este proceso, aquí te explico algunos detalles que creo debes saber antes de viajar y hacer tu itinerario para que sea más favorable para tus días en el bello país de Guatemala

(00:00) Intro
(00:28) Sugerencias para organizar tu itinerario
(01:44) información sobre transporte (Autobús) 
(02:20) información sobre transporte (Avión)
(03:15) Detalles del trayecto en autobús
(04:36) Primeras impresiones al llegar a Petén
(05:34) Consejos de dónde hospedarte
(06:21) Sugerencias de tours a Tikal, hospedaje y transporte económicos
(09:44) Transportes ""colectivos"" qué son y cómo funcionan
(11:19) Redes sociales

SUSCRÍBETE A MI CANAL:
https://www.youtube.com/channel/UCfMjuFkpFo_QAWtvQqR2EHQ?view_as=subscriber
.
REDES SOCIALES:
Instagram: https://www.instagram.com/deviajeconmigue/
Twitter: https://twitter.com/deviajeconmigue
Facebook: https://www.facebook.com/deviajeconmigue/
TikTok: https://www.tiktok.com/@deviajeconmigue
.
CONTACTO:
mundo.chevez@gmail.com",11061,11061.0,2025-04-22T18:00:06-07:00,hace 1 año
5nw9G1vwnYY,UCEepOY2svuxbsJ-zsAPT9Fg,PrensaLibreOficial,@PrensaLibreOficial,Actriz guatemalteca caracteriza a Consuelo Porras frente al MP por salida del cargo,News & Politics,guatemala noticias,topic,"[""guatemala noticias""]","[""noticias Guatemala"", ""noticias Guatemala en vivo"", ""noticias última hora"", ""Guatemala"", ""Consuelo Porras"", ""Ministerio Público"", ""actriz guatemalteca"", ""caracterización"", ""salida del cargo"", ""Gabriel García Luna"", ""cambio de mando"", ""Guatemala news"", ""Public Ministry"", ""Guatemalan actress"", ""attorney general"", ""symbolic protest"", ""political transition""]","Una actriz guatemalteca caracterizó a María Consuelo Porras frente al Ministerio Público como parte de las actividades organizadas ante su salida del cargo.
La actividad también se desarrolló en el contexto de la llegada del nuevo fiscal general, Gabriel García Luna, como parte del cambio de mando en la institución.

Lea más en:
https://www.prensalibre.com/ciudades/guatemala-ciudades/mp-cambio-fiscal-general-consuelo-porras-gabriel-garcia-luna-2026/
----------------------------
Busque más información de Guatemala y el mundo en  
https://www.prensalibre.com
https://www.facebook.com/prensalibregt
https://twitter.com/prensa_libre
https://www.instagram.com/prensa_libre
https://www.tiktok.com/@prensalibregt",40327,40327.0,2026-05-16T18:15:50-07:00,hace 3 meses
677N9cx_kKE,UCInL6HZez6Qn8IHV8Achhxw,Carlos Pineda,@carlospinedaGT,Carlos Pineda Seguridad I - Guatemala tiene solución | Ep. 2,People & Blogs,guatemala seguridad,topic,"[""guatemala seguridad""]",[],"Los guatemaltecos necesitan vivir seguros, solo con seguridad viene el desarrollo, hoy este flagelo afecta a Guatemala al punto de tener a los ciudadanos acostumbrados a cosas que no deberían ser normales como tener la extorsión dentro del presupuesto.",8568,8568.0,2026-01-20T09:57:29-08:00,hace 7 meses
6KlI_geqPOI,UC-ZtFBHzgkYFh7whZkuR_Ag,Gobierno de la República de Guatemala,@GobiernodelaRepublicadeGuatema,Conferencia de Prensa del Gobierno de Guatemala. #LaRondaGt.,Entertainment,@GobiernodeGuatemala,topic,"[""@GobiernodeGuatemala""]",[],Conferencia de Prensa del Gobierno de Guatemala. #LaRondaGt,2301,2301.0,2025-08-04T08:08:27-07:00,Transmitido hace 1 año
6W4u8sGEnGM,UC-ZtFBHzgkYFh7whZkuR_Ag,Gobierno de la República de Guatemala,@GobiernodelaRepublicadeGuatema,Inician los trabajos de recuperación del Puente Belice II.,Entertainment,Gobierno de la República de Guatemala,topic,"[""Gobierno de la República de Guatemala""]",[],Inician los trabajos de recuperación del Puente Belice II.,11670,11670.0,2026-08-26T21:00:47-07:00,Transmitido hace 6 días
6Wf0ItQUaDU,UCoXuxT5_LclvcoCeFoS_iUw,Campus TV,@CampusTVHD,“Queremos generar 60 mil empleos”: Victorino Carranza revela el plan y las pérdidas de la Gremipe,News & Politics,@quorumgt,topic,"[""@quorumgt""]",[],"El presidente de la Gremial de Micro y Pequeños Empresarios (Gremipe), Victorino Carranza, detalló la situación del sector productivo en el país. Carranza señaló que, aunque se han perdido alrededor de 15 mil unidades productivas y unos 30 mil empleos, la meta actual es generar más de 60 mil nuevos puestos de trabajo, comenzando con una primera etapa de 20 mil empleos a corto plazo para reactivar la economía.

#CampusTV #VictorinoCarranza #Gremipe #MipymesHonduras #EmpleoHN #EconomíaHonduras #NoticiasHonduras",2,2.0,2026-09-01T15:07:04-07:00,hace 2 horas
6y3KQmmg3Oc,UC-ZtFBHzgkYFh7whZkuR_Ag,Gobierno de la República de Guatemala,@GobiernodelaRepublicadeGuatema,Noticiero El Informativo. Nuestra semana de resultados.,Entertainment,Gobierno de la República de Guatemala,topic,"[""Gobierno de la República de Guatemala""]",[],Noticiero El Informativo. Nuestra semana de resultados.,303,303.0,2026-08-24T10:58:38-07:00,Transmitido hace 8 días
6z2Psav9Onw,UC-ZtFBHzgkYFh7whZkuR_Ag,Gobierno de la República de Guatemala,@GobiernodelaRepublicadeGuatema,Conferencia de Prensa del Gobierno de Guatemala. #LaRondaGt,Entertainment,@GobiernodeGuatemala,topic,"[""@GobiernodeGuatemala""]",[],Conferencia de Prensa del Gobierno de Guatemala. #LaRondaGt,848,848.0,2025-03-04T23:37:34-08:00,Transmitido hace 1 año
74F3Mn_NWoE,UC-ZtFBHzgkYFh7whZkuR_Ag,Gobierno de la República de Guatemala,@GobiernodelaRepublicadeGuatema,"Acto de Graduación de los Cursos de Formación, Ascenso y Especialización Policial de la PNC.",Entertainment,Policia Nacional Civil Guatemala,official_gov,"[""Policia Nacional Civil Guatemala""]",[],"Acto de Graduación de los Cursos de Formación, Ascenso y Especialización Policial de la PNC.",1197,1197.0,2025-09-29T23:32:20-07:00,Transmitido hace 11 meses
7JerBdHtkWA,UCJcN367ge_Yo1p7b20_KSaA,Canal 3 Guatemala,@Canal3Guatemala,Cambio de horarios en Municipalidad de Guatemala,News & Politics,Municipalidad de Guatemala,topic,"[""Municipalidad de Guatemala""]","[""Guatemala"", ""Chapín TV"", ""Canal 3"", ""Telediario"", ""Noticias"", ""Sucesos""]",A partir del 17 de abril la Municipalidad de Guatemala cambiará el horario de atención al público en su área administrativa.  Conozca cuales son los nuevos horarios de atención,215,215.0,2017-04-05T05:54:07-07:00,hace 9 años
7hfUg8Z-W2o,UC-ZtFBHzgkYFh7whZkuR_Ag,Gobierno de la República de Guatemala,@GobiernodelaRepublicadeGuatema,Conferencia de Prensa del Gobierno de Guatemala. #LaRondaGt.,Entertainment,@GobiernodeGuatemala,topic,"[""@GobiernodeGuatemala""]",[],Conferencia de Prensa del Gobierno de Guatemala. #LaRondaGt.,2449,2449.0,2025-02-17T19:17:10-08:00,Transmitido hace 1 año
7kuHyjwuE_o,UCBn6Y-Y3kCAQqYXHaMIjEVw,Centro Municipal de Emprendimiento MuniGuate,@cmeguatemala,Centro Municipal de Emprendimiento - Municipalidad de Guatemala,Entertainment,Municipalidad de Guatemala,topic,"[""Municipalidad de Guatemala""]","[""Emprendimiento"", ""Guatemala"", ""MuniGuate""]","Somos la primera incubadora de negocios a nivel público, impulsamos el emprendimiento en la Ciudad de Guatemala, mediante el fortalecimiento de emprendimientos en etapas tempranas asesorándolos en el proceso de escalamiento y consolidación empresarial.",528,528.0,2022-08-09T15:46:20-07:00,hace 4 años
7mdtGeIHQnE,UCrAoF9-9Vvb9_zK0t-m2Rhg,La Hora,@lahoragt,"#LHEnContexto: Gestión de riesgos en GUATEMALA: Lo que debes saber, explicado por la CONRED",News & Politics,Conred Guatemala,official_gov,"[""Conred Guatemala""]",[],"La subsecretaria de Gestión de Riesgo de la Coordinadora Nacional para la Reducción de Desastres (Conred), Angela Leal, conversó con La Hora acerca de la vulnerabilidad del país ante los riesgos de origen natural y la necesidad de gestionarlos de mejor forma.",570,570.0,2024-08-27T04:00:07-07:00,hace 2 años
8CuQ2_HTaN0,UC-ZtFBHzgkYFh7whZkuR_Ag,Gobierno de la República de Guatemala,@GobiernodelaRepublicadeGuatema,Conferencia de Prensa del Gobierno de Guatemala.,Entertainment,@GobiernodeGuatemala,topic,"[""@GobiernodeGuatemala""]",[],Conferencia de Prensa del Gobierno de Guatemala.,735,735.0,2025-01-20T19:01:37-08:00,Transmitido hace 1 año
8n6momRcC04,UCXa6LVjBzUtmcM3cwbd9e2w,Municipalidad de Guatemala,@MunicipalidaddeGuatemala-1551,Mantenimiento constante,News & Politics,@MunicipalidaddeGuatemala-1551,topic,"[""@MunicipalidaddeGuatemala-1551""]","[""Administración"", ""administracion"", ""Alvaro"", ""Álvaro"", ""Enrique"", ""Arzú"", ""Arzu"", ""Irigoyen"", ""Alcalde"", ""Alcaldía"", ""Alcaldia"", ""Alcaldías"", ""Alcaldias"", ""Municipalidad"", ""Municipal"", ""Muni"", ""Cumple"", ""Comuna"", ""Equipo"", ""Transparencia"", ""Servicios"", ""Servir"", ""Servidor"", ""Publico"", ""Público"", ""Pasión"", ""Pasion"", ""Como"", ""Yo"", ""Tú"", ""Tu"", ""Todos"", ""Somos"", ""La"", ""Ciudad"", ""Del"", ""Futuro"", ""Para"", ""Vivir"", ""Trabajos"", ""Tareas"", ""Frentes"", ""Bacheo"", ""Calles"", ""Avenidas"", ""Espacios"", ""Viales"", ""Red"", ""Vial"", ""Guatemala"", ""vialidad"", ""tránsito"", ""tráfico""]","Trabajamos constantemente para dar mantenimiento a las calles de la Ciudad. Por favor, ayúdenos reportando baches al teléfono 1551, en su Alcaldía Auxiliar o a través de las redes sociales.",91,91.0,2015-09-29T06:09:28-07:00,hace 10 años
90oVm0P4_9Q,UC8u2nvyHewt-mjdWSj0HJmQ,Ministerio de Gobernación,@mingobguate,"El MINGOB a través del Viceministerio de Seguridad, combate  el crimen organizado.",News & Politics,Ministerio de Gobernacion Guatemala,official_gov,"[""Ministerio de Gobernacion Guatemala""]","[""Ministerio"", ""de"", ""Gobernación"", ""Guatemala""]","-  Ministerio de Gobernación, Comunicación Social, Audiovisuales",5,3.0,2026-08-31T06:15:51-07:00,hace 10 horas
9BIrwWQUdb8,UCHsYnV67K3J0yJ4QeciVCww,PNCdeGuatemala,@PNCdeGuatemala,"Capturan a ""guardián"" de parqueo utilizado por la mara Salvatrucha e incautan 5 vehículos robados.",Science & Technology,Policia Nacional Civil Guatemala,official_gov,"[""Policia Nacional Civil Guatemala""]",[],"📢 ¡Sígueme en nuestras redes! 🌐
━━━━━━━━━━━━━━━━━━━━━━━━━━━━━
https://www.instagram.com/pncdeguatemala
https://www.youtube.com/@PNCdeGuatemala
https://www.tiktok.com/@pncdeguatemala
https://www.facebook.com/PoliciaNacionalCivildeGuatemala
https://x.com/PNCdeGuatemala
https://pnc.gob.gt/

🌟 ¡Suscríbete para más contenido!

#PNC #PNCGuatemala #Policia #Guatemala #SeguridadConTransparencia
 #ProtegerYServir",23972,24038.0,2026-08-25T07:48:40-07:00,hace 6 días
9Jacxvi9umU,UCDvpZGLyno6g-bi-wwYq4wQ,Somos El Combo,@somoselcombo,Los responsables de bloquear información en Guatecompras,Entertainment,@quorumgt,topic,"[""@quorumgt""]",[],"Cuatro funcionarios del Ministerio de Finanzas bloquearon de forma irregular información en el portal Guatecompras, en una decisión que genera serias dudas sobre los intereses detrás de esta medida.

Se trata del ministro de Finanzas, Jonathan Menkos Zeissig; el viceministro Carlos Augusto Melgar Peña; la directora general de Adquisiciones del Estado, Xiomara Lorena Morales Gordillo; y Fernando Roberto Ruano Fernández, subdirector de esa dependencia.

Este bloqueo representa un grave retroceso para la transparencia y la rendición de cuentas en Guatemala.

El gobierno de Bernardo Arévalo y Karin Herrera continúa impulsando acciones que dificultan el acceso a información pública y la fiscalización del uso de los recursos del Estado.

Los periodistas Marvin Del Cid y Sonny Figueroa explican en este video qué ocurrió y quiénes están detrás de estas decisiones.",7340,7340.0,2026-08-29T07:53:35-07:00,hace 3 días
9XFVeHiWDTo,UC-ZtFBHzgkYFh7whZkuR_Ag,Gobierno de la República de Guatemala,@GobiernodelaRepublicadeGuatema,En #LaRondaGT conoce las acciones que impulsamos para modernizar los puertos y aeropuertos del país.,Entertainment,Gobierno de Guatemala,official_gov,"[""Gobierno de Guatemala""]",[],En #LaRondaGT conoce las acciones que impulsamos para modernizar los puertos y aeropuertos del país.,1516,1521.0,2026-08-25T00:43:44-07:00,Transmitido hace 7 días
9h7d1iDFaqo,UCEepOY2svuxbsJ-zsAPT9Fg,PrensaLibreOficial,@PrensaLibreOficial,Vuelve el tráfico lento en la ciudad capital,News & Politics,guatemala trafico,topic,"[""guatemala trafico""]","[""guatemala"", ""nacional"", ""tráfico"", ""municipalidad"", ""ciclo"", ""escolar""]","Con la normalización del ciclo escolar y el incremento del parque vehicular, las calles de la ciudad capital vuelven a convertirse en un dolor de cabeza para los conductores en desplazarse en horas pico. (Video Prensa Libre)",11396,11396.0,2010-02-01T11:03:22-08:00,hace 16 años
9wHujSu-nbQ,UCE4rsXcgDb6e1-a9iTbWzfg,Quorum,@quorumgt,Quorum,News & Politics,Quorum GT,topic,"[""Quorum GT""]","[""Quorum"", ""Quorum.gt"", ""Guatemala"", ""periodismo"", ""política"", ""noticias"", ""medios de Guatemala""]","Hola, somos Quorum, un medio digital basado en Guatemala. Hacemos periodismo para contar cómo la política impacta en nuestras vidas y para buscar soluciones a los problemas que nos afectan. Creemos que un mejor país sí es posible. Síguenos en nuestras redes y visita www.quorum.gt",459,459.0,2021-06-20T23:00:33-07:00,hace 5 a
AHzfpOL5sgw,UCwlb2TaG9ywiD6uhHWTy-qg,SUM Estudios Jurídicos.,@sumestudiosjuridicos.1313,Sistema de gobierno de Guatemala 🇬🇹,Education,Gobierno de Guatemala,official_gov,"[""Gobierno de Guatemala""]","[""Gobierno de Guatemala"", ""Sistemas de gobierno"", ""Derecho constitucional"", ""Guatemala"", ""Maya"", ""Derecho"", ""Sum estudios juridicos"", ""Como es el gobierno de guatemala"", ""Derecho guatemalteco"", ""Constitucion de Guatemala"", ""Sistemas de gobiernos"", ""Que es gobierno"", ""Que es republicano"", ""Que es democratico"", ""Abogado"", ""Abogacia"", ""Notario"", ""Notariado"", ""Williams sum"", ""Sum"", ""Estudios juridicos"", ""Guate"", ""Constitucion política de la República de Guatemala"", ""Clases de derecho""]",,2895,2895.0,2024-05-06T22:11:47-07:00,hace 2 años
Aa7hIDCRh3g,UCDfEVbDrimcKw5lfbps915g,De todo Gt,@detodogt,Este BUS me LLEVO a UN PARAISO EN GUATEMALA,People & Blogs,guatemala transporte,topic,"[""guatemala transporte""]",[],"🌿🚌 Un bus me llevó a un paraíso escondido en Guatemala: Río Dulce, Izabal 🌊🏝️

📍 Si quieres viajar con Fuentes del Norte , puedes contactarlos al 📞 PBX: 7947-7070   4739-7438 o visitar su página oficial Transportes Fuente del Norte, para conocer sus horarios, tarifas y destinos. También puedes buscarlos en sus redes sociales para más información. O EN ZONA 1 17 CALLE 8-46



En esta increíble aventura, decidí tomar un bus hacia lo desconocido, sin imaginar que el destino final sería uno de los lugares más impresionantes y mágicos de Guatemala: Río Dulce, en Izabal.

Desde el primer momento, el viaje fue una experiencia en sí misma. Durante el recorrido en bus, atravesé carreteras rodeadas de exuberante vegetación, montañas y ríos que me recordaron por qué Guatemala es conocida como la tierra de la eterna primavera. 🌄🌿

Al llegar a Río Dulce, me encontré con un paisaje que parece sacado de un sueño: aguas cristalinas, selva tropical por todas partes y una vibra de tranquilidad que solo este lugar puede ofrecer. Río Dulce no es solo un río, es un mundo lleno de historia, cultura y belleza natural. Aquí se conectan el Lago de Izabal con el Mar Caribe, creando un ecosistema único en el país.

🚤 Navegando entre la selva
Una de las mejores formas de conocer este paraíso es recorriendo el río en lancha. Las vistas son simplemente espectaculares: pequeños islotes, casas flotantes, aves exóticas y hasta comunidades mayas que aún conservan sus tradiciones. Pasé por el famoso Cañón de Río Dulce, un impresionante corredor natural con acantilados gigantes cubiertos de vegetación.

🏰 Historia y cultura
Otro de los atractivos de la zona es el Castillo de San Felipe, una fortaleza construida en la época colonial para proteger el comercio de los ataques piratas. Caminar por sus pasillos es como viajar en el tiempo.

🌴 La magia de Livingston
Si sigues el recorrido por el río, llegas a Livingston, un pintoresco pueblo con una fuerte influencia garífuna, donde la cultura, la música y la gastronomía te envuelven en una experiencia única. ¡Aquí probé el delicioso tapado, un platillo típico que no te puedes perder!

🌅 Un viaje que tienes que vivir
Sin duda, esta aventura me recordó lo increíblemente rico y diverso que es Guatemala. Río Dulce es un destino que lo tiene todo: naturaleza, historia, cultura y una energía especial que lo convierte en un verdadero paraíso escondido.

Si te gustan los viajes, la aventura y descubrir lugares únicos, este video es para ti. Dale like, comenta y suscríbete para más contenido sobre los rincones más espectaculares de Guatemala. ¡Nos vemos en la próxima aventura! 🚀🇬🇹

📌 ¿Ya conocías Río Dulce? Déjame tu opinión en los comentarios. ¿A dónde debería ir en mi próximo video?

#Guatemala #RíoDulce #Izabal #ParaísoEscondido #Aventura #DeTodoGT #Viajes #ExplorandoGuatemala",504374,504353.0,2025-04-01T18:00:10-07:00,hace 1 año
AakUTlieyH0,UC-GLagjBhWAZ3IOWFgzqIAw,Canal Antigua,@miracanalantigua,Crisis de seguridad en Guatemala,News & Politics,guatemala seguridad,topic,"[""guatemala seguridad""]","[""Guatemala"", ""Canal Antigua"", ""noticias guatemaltecas"", ""actualidad en Guatemala"", ""sucesos"", ""política Guatemala"", ""periodismo independiente"", ""noticias de hoy Guatemala""]","Suscríbete a nuestro canal → https://bit.ly/canalantiguatv
Infórmate sobre las noticias desde nuestra web → https://canalantigua.tv

¡Y no te olvides de seguirnos en redes sociales!
TikTok → https://www.tiktok.com/@canalantiguaoficial?is_from_webapp=1&sender_device=pc
Facebook → https://www.facebook.com/canalantigua/
Instagram → https://www.instagram.com/canalantigua
Twitter → https://www.twitter.com/canalantigua",733,733.0,2026-01-20T12:36:18-08:00,hace 7 meses
Ab0RrbzxyBU,UCW_PHqwqCCalvQGOEsVU0jw,Concejales de Oposición - Muni Guate,@ConcejalesOposición,Municipalidad de Guatemala 17/11/2025,People & Blogs,@MunicipalidaddeGuatemala-1551,topic,"[""@MunicipalidaddeGuatemala-1551""]",[],,117,117.0,2025-11-17T19:16:43-08:00,hace 9 meses
AlbPEU3rbZs,UC-ZtFBHzgkYFh7whZkuR_Ag,Gobierno de la República de Guatemala,@GobiernodelaRepublicadeGuatema,Conferencia de Prensa del Gobierno de Guatemala. #LaRondaGt,Entertainment,@GobiernodeGuatemala,topic,"[""@GobiernodeGuatemala""]",[],Conferencia de Prensa del Gobierno de Guatemala. #LaRondaGt,870,870.0,2025-03-13T21:06:42-07:00,Transmitido hace 1 año
ArljwpsURdY,UC6SA1dVHvAkc6yNS_t5cbGw,Conred,@Conred_GT,"Entrevista especial con Claudinne Ogaldes, Secretaria Ejecutiva de la SE-CONRED",Education,Conred Guatemala,official_gov,"[""Conred Guatemala""]",[],"En este episodio conversamos con Claudinne Ogaldes, Secretaria Ejecutiva de la SE-CONRED, quien comparte sus recuerdos y reflexiones sobre el terremoto de 1976, un hecho que marcó la historia de Guatemala y transformó la gestión del riesgo en el país.

Durante la entrevista, también aborda la importancia del simulacro nacional programado para el 24 de febrero, destacando la preparación como una herramienta clave para salvar vidas. Además, reflexiona sobre los 30 años de la SE-CONRED, sus avances, desafíos y el compromiso permanente con la protección de la población.

Un espacio para recordar, aprender y fortalecer nuestra cultura de prevención.

¡La prevención es tarea de todos!",416,416.0,2026-02-19T11:40:11-08:00,hace 6 meses
B60bWqpVUIE,UCBedZZFhxFcMudI8oM5joSQ,PaulinoG,@PaulinoG,Así es el transporte público en Ciudad de Guatemala,Travel & Events,guatemala transporte,topic,"[""guatemala transporte""]","[""paulinog"", ""paulino"", ""españa"", ""español"", ""reaccion"", ""opinion"", ""guatemala city vlog"", ""guatemala"", ""vlog"", ""ciudad de guatemala"", ""guatemala city"", ""transmetro"", ""transporte"", ""publico"", ""transporte publico"", ""así es el transporte publico en guatemala"", ""centra sur"", ""línea"", ""urbano"", ""zona 1""]","Fuimos a recorrer una línea del Transmetro, el transporte público de la Ciudad de Guatemala. En concreto la línea 12, desde Centra Sur hasta zona 1 de la capital. Me acompañó @michigt_ 

Así es recorrer la Ciudad de Guatemala en transporte público. 

Únete a este canal para acceder a sus beneficios:
https://www.youtube.com/channel/UCBedZZFhxFcMudI8oM5joSQ/join

#guatemala #ciudaddeguatemala #paulinog",96794,96800.0,2024-09-08T13:30:00-07:00,hace 1 año
BLc_KXPng9g,UC-ZtFBHzgkYFh7whZkuR_Ag,Gobierno de la República de Guatemala,@GobiernodelaRepublicadeGuatema,Conferencia de Prensa del Gobierno de Guatemala. #LaRondaGT,Entertainment,@GobiernodeGuatemala,topic,"[""@GobiernodeGuatemala""]",[],Conferencia de Prensa del Gobierno de Guatemala. #LaRondaGT,720,720.0,2025-11-14T18:48:39-08:00,Transmitido hace 9 meses
BUNeDEi0yVU,UCAutgrPkiLhZxTB-Ujje1fw,CIV -Ministerio de Comunicaciones,@CIV_Guatemala,CIV LICITACIÓN 800 KM 110717,People & Blogs,Ministerio de Comunicaciones Guatemala,official_gov,"[""Ministerio de Comunicaciones Guatemala""]",[],,26,26.0,2017-07-12T19:27:52-07:00,hace 9 años
BW41jT3t3oI,UCuKuUrmHoNaJJHE27Aac9PQ,PROVIAL-CIV,@ProvialOficial_CIV,Provial,People & Blogs,Provial Guatemala,official_gov,"[""Provial Guatemala""]",[],"La Dirección General de Protección y Seguridad Vial-Provial- del Ministerio de Comunicaciones Infraestructura y Vivienda - CIV-, realiza una constante desinfección en las instalaciones para prevenir el Covid 19 por el bienestar de sus trabajadores.",79,79.0,2020-08-11T04:25:02-07:00,hace 6 años
BbAeamItalk,UCgItjn_ZWFWcv1MlpKIkqgQ,IDocumenta,@iDocumenta,ZARAGOZA DA UN PASO HACIA EL FORTALECIMIENTO DEL DEPORTE CON NUEVA CIUDAD DEPORTIVA,News & Politics,@GobiernodelaRepublicadeGuatema,topic,"[""@GobiernodelaRepublicadeGuatema""]",[],"El presidente Bernardo Arévalo participó en el acto de colocación de la primera piedra de la Ciudad Deportiva de Zaragoza, Chimaltenango, proyecto que busca crear nuevos espacios para la práctica deportiva, la recreación y la convivencia comunitaria.
@GobiernodelaRepublicadeGuatema @portalmcdCulturayDeportesGT
#noticias #nacionales #deportes #cultura #guatemala #bienestar #like #comenta #comparte #siguenos",7,7.0,2026-08-26T22:01:44-07:00,hace 5 días
Bdn2nxDqQ90,UC6XLvudi9BWjAzCR-6KAHiw,carlos del cid,@carlosdelcid390,Video Viral de PMT / GUATEMALA,Film & Animation,PMT Guatemala,official_gov,"[""PMT Guatemala""]","[""carlos del cid""]","El video que compartió la Municipalidad de Mixco, en el que se observa que un agente de la Policía Municipal de Tránsito (PMT) consigna un bus rojo por aumentar el pasaje, se ha vuelto viral y ha generado decenas de comentarios-

En la grabación, el PMT pregunta a los pasajeros: ""¿Cuánto les vienen cobrando?"" Una mujer le responde: ""¡Dos quetzales!"" Entonces, el oficial solicita que bajen del bus, debido a que este será conducido al predio y se sancionará al piloto. 

y No dejes de suscribirte y dame un like.",2482,2482.0,2018-09-01T16:13:06-07:00,hace 7 años
Bi34XvRV6AM,UCyGWWWpmAP5AReA_o8bhaRg,MESCOGT,@MESCOGT,Plan de Evacuación CONRED,People & Blogs,Conred Guatemala,official_gov,"[""Conred Guatemala""]","[""MESCOGT""]","El Plan de Evacuación según lineamientos de CONRED establece los procedimientos, rutas y responsabilidades necesarias para evacuar de forma segura y ordenada ante emergencias, minimizando riesgos para las personas, facilitando la respuesta oportuna y cumpliendo con la normativa nacional de gestión de riesgos y protección civil. 🚨🟢",58,58.0,2026-01-26T15:29:30-08:00,hace 7 meses
BnZFUzpEDe4,UCXa6LVjBzUtmcM3cwbd9e2w,Municipalidad de Guatemala,@MunicipalidaddeGuatemala-1551,Municipalidad de Guatemala se moderniza,People & Blogs,Municipalidad de Guatemala,topic,"[""Municipalidad de Guatemala""]","[""municipalidad"", ""guatemala"", ""arzu"", ""tecnologia"", ""sap""]","Experto internacional en transparencia de administración publica, se refirió al programa que pone a la vanguardia teconológica a la Municipalidad de Guatemala a nivel Latinoamericano.",642,642.0,2010-10-28T07:36:52-07:00,hace 15 años
Boj5GILjbI0,UCAutgrPkiLhZxTB-Ujje1fw,CIV -Ministerio de Comunicaciones,@CIV_Guatemala,"Spot Rendición de Cuentas, segundo cuatrimestre 2023 - 2",People & Blogs,Ministerio de Comunicaciones Guatemala,official_gov,"[""Ministerio de Comunicaciones Guatemala""]",[],"Segundo spot de la rendición de cuentas del segundo cuatrimestre del 2023 por parte del Sr. Rodolfo Letona, Viceministro de Comunicaciones del CIV",26,26.0,2023-10-04T14:31:15-07:00,hace 2 años
Bp4LtQT8Hk0,UCXa6LVjBzUtmcM3cwbd9e2w,Municipalidad de Guatemala,@MunicipalidaddeGuatemala-1551,"Ciudad de Guatemala, el mejor lugar para vivir",Entertainment,Municipalidad de Guatemala,official_gov,"[""Municipalidad de Guatemala""]","[""el mejor lugar para vivir"", ""vision de ciudad"", ""ciudad de guatemala"", ""ricardo quiónez"", ""muniguate"", ""municipalidad de guatemala""]","La Ciudad de Guatemala sigue evolucionando, convirtiéndose en un espacio de oportunidades, innovación y crecimiento. Aquí, cada vecino tiene las herramientas para alcanzar sus sueños y metas. Es una ciudad que inspira y nos llena de orgullo.

Para más información, visita la página: www.visiondeciudad.gt 

#ElMejorLugarParaVivir #VisiónDeCiudad #CiudadDeGuatemala #RicardoQuiñónez.",4265,4265.0,2025-01-30T14:40:31-08:00,hace 1 año
C5hJmAhpMMQ,UClgawHgsbqN6Nuok7ds-Szw,INSIVUMEH,@INSIVUMEH_GT,"YOUTUBE PUNTO DE ENFOQUE MARIO MEJÍA, SUBDIRECTOR DE INSIVUMEH",Science & Technology,@GobiernodelaRepublicadeGuatema,topic,"[""@GobiernodelaRepublicadeGuatema""]",[],"Conozca más del que hacer del INSIVUMEH en el programa Punto de Enfoque de @GobiernodelaRepublicadeGuatema

#SomosINSIVUMEH #PasiónPorLaCiencia #AlPuebloDignoSeLeResponde #CIV #ClimaGT",79,79.0,2026-06-05T13:50:50-07:00,hace 2 meses
C8wk4HWwWyM,UC-ZtFBHzgkYFh7whZkuR_Ag,Gobierno de la República de Guatemala,@GobiernodelaRepublicadeGuatema,Duro golpe al crimen organizado en Granja Penal de Pavón.,Entertainment,Gobierno de la República de Guatemala,topic,"[""Gobierno de la República de Guatemala""]",[],Duro golpe al crimen organizado en Granja Penal de Pavón.,2214,2214.0,2026-08-26T17:35:57-07:00,Transmitido hace 6 días
CDg6kLRfiqQ,UCHsYnV67K3J0yJ4QeciVCww,PNCdeGuatemala,@PNCdeGuatemala,Acciones relevantes en el #Resumen24Horas,Science & Technology,Policia Nacional Civil Guatemala,official_gov,"[""Policia Nacional Civil Guatemala""]",[],"📢 ¡Sígueme en nuestras redes! 🌐
━━━━━━━━━━━━━━━━━━━━━━━━━━━━━
https://www.instagram.com/pncdeguatemala
https://www.youtube.com/@PNCdeGuatemala
https://www.tiktok.com/@pncdeguatemala
https://www.facebook.com/PoliciaNacionalCivildeGuatemala
https://x.com/PNCdeGuatemala
https://pnc.gob.gt/

🌟 ¡Suscríbete para más contenido!

#PNC #PNCGuatemala #Policia #Guatemala #SeguridadConTransparencia
 #ProtegerYServir",11048,11048.0,2026-08-27T06:07:59-07:00,hace 4 días
CJQ46Hr4HcU,UCW_PHqwqCCalvQGOEsVU0jw,Concejales de Oposición - Muni Guate,@ConcejalesOposición,Municipalidad de Guatemala  19/12/2025,People & Blogs,@MunicipalidaddeGuatemala-1551,topic,"[""@MunicipalidaddeGuatemala-1551""]",[],,222,222.0,2025-12-19T16:09:00-08:00,hace 8 meses
D3fRGjqHeHI,UCAutgrPkiLhZxTB-Ujje1fw,CIV -Ministerio de Comunicaciones,@CIV_Guatemala,"Spot Rendición de Cuentas, segundo cuatrimestre 2023 - 1",People & Blogs,Ministerio de Comunicaciones Guatemala,official_gov,"[""Ministerio de Comunicaciones Guatemala""]",[],"Spot de la rendición de cuentas del segundo cuatrimestre del 2023 por parte del Sr. Rodolfo Letona, Viceministro de Comunicaciones del CIV",23,23.0,2023-10-04T14:28:24-07:00,hace 2 años
D4CEpAfkkPI,UCEepOY2svuxbsJ-zsAPT9Fg,PrensaLibreOficial,@PrensaLibreOficial,Policías arremeten contra agente de PMT en zona 10,News & Politics,PMT Guatemala,official_gov,"[""PMT Guatemala""]","[""Guatemala"", ""PNC"", ""PMT"", ""policía"", ""emetra"", ""multas"", ""capturado"", ""problema"", ""vialidad"", ""amilcar montejo""]",GUATEMALA: Un video colocado en Youtube muestra un forcejeo entre agentes de la Policía Nacional Civil (PNC) y un agente de la Policía Municipal de Tránsito capitalina (PMT) por un autopatrulla mal estacionada en la zona 10. (Video: usuario Rojas Mansilla),79044,79044.0,2013-04-12T08:39:31-07:00,hace 13 años
DBvMeKT4gzo,UCP1YKuLnn1WhzrkxCv1LILQ,Fortuna Latina,@fortunalatinaoficial,La Familia MÁS RICA de GUATEMALA… Ni la Guerra les Quitó el Trono y Hoy son DUEÑOS de tu CERVEZA,People & Blogs,guatemala noticias,topic,"[""guatemala noticias""]","[""La Familia MÁS RICA de GUATEMALA… Ni la Guerra les Quitó el Trono y Hoy son DUEÑOS de tu CERVEZA"", ""cerveza gallo"", ""familia castillo"", ""guatemala"", ""cerveceria centroamericana"", ""familia mas rica de guatemala"", ""cerveza famosa"", ""empresarios guatemaltecos"", ""historia de guatemala"", ""guatemaltecos en estados unidos"", ""marcas de guatemala"", ""chapin"", ""dinastias familiares"", ""fortunas familiares"", ""documental centroamerica"", ""fortuna latina"", ""millonarios latinos"", ""familias millonarias"", ""familias ricas""]","La Familia MÁS RICA de GUATEMALA… Ni la Guerra les Quitó el Trono y Hoy son DUEÑOS de tu CERVEZA
Destapa una cerveza en Guatemala y vas a encontrar un gallo en la etiqueta. Ocho de cada diez cervezas que se abren en el país salen de la misma empresa, fundada en 1886 por dos hermanos Castillo que descendían de un soldado de la conquista. Terremotos, dos guerras mundiales, una guerra civil de treinta y seis años y la cervecera más grande del planeta vinieron a tumbarles el trono, y ninguno pudo. Hoy la familia Castillo factura más de mil millones de dólares al año, controla cientos de marcas, banco, agua y comida, y va por la séptima generación sin vender ni una acción. Aquí te contamos cómo la Gallo se convirtió en símbolo de un país, cómo aplastaron a toda la competencia, y por qué el gallo persigue al migrante guatemalteco hasta la tienda latina de Los Ángeles.

Suscríbete y dale like si quieres seguir descubriendo quién es el dueño de las marcas que consumes sin fijarte de dónde vienen. Y dime en los comentarios: ¿qué marca de tu país sientes tan tuya que la defenderías aunque supieras exactamente quién se queda con la plata?

#CervezaGallo #Guatemala #FamiliaCastillo #Cerveza #Chapin #FortunaLatina",58881,58881.0,2026-08-28T15:07:29-07:00,hace 2 días
DC1_qrLUvHI,UCW_PHqwqCCalvQGOEsVU0jw,Concejales de Oposición - Muni Guate,@ConcejalesOposición,Municipalidad de Guatemala 26/08/2026,People & Blogs,Municipalidad de Guatemala,topic,"[""Municipalidad de Guatemala""]",[],,49,49.0,2026-08-26T17:02:16-07:00,hace 6 días
DMAKF8n0XJs,UC7G_DpDtzHv0wbGJvvFCrNg,Mdpls²,@mdpls2,Guatemala TV • ID (2024-2026),Film & Animation,@GobiernodelaRepublicadeGuatema,topic,"[""@GobiernodelaRepublicadeGuatema""]",[],"La señal de gobierno que resurgió desde ""Canal de gobierno"".

""Que nadie se quede atrás""

Rec: 05/05/24

© 2024 Gobierno de Guatemala
Todos los derechos reservados
Video subido sin fines lucrativos.

------------------------------------------------------

Material grabado, vía Capturadora HDMI Steren COM-446, señal cortesía de Claro TV Guatemala.


PD: LANCENSE EN TELEVISIÓN ABIERTA POR EL AMOR DE DIOS @GobiernodelaRepublicadeGuatema",367,367.0,2024-05-05T20:52:04-07:00,hace 2 años
DX5eT-hVU8Q,UCXa6LVjBzUtmcM3cwbd9e2w,Municipalidad de Guatemala,@MunicipalidaddeGuatemala-1551,250 años Ciudad de Guatemala,News & Politics,Municipalidad de Guatemala,official_gov,"[""Municipalidad de Guatemala""]",[],"Una ciudad construida a partir de sus encuentros, su gente y su historia.

250 años de la Ciudad de Guatemala. 

#ElMejorLugarParaVivir #250AñosCiudad #ElPuntoDeEncuentroDeLosCaminos",491,491.0,2026-01-11T14:14:18-08:00,hace 7 meses
DkxSkQipYwo,UCgItjn_ZWFWcv1MlpKIkqgQ,IDocumenta,@iDocumenta,PRESIDENTE BERNARDO ARÉVALO PARTICIPA EN EL ACTO CONMEMORATIVO DEL DÍA DEL EJÉRCITO,News & Politics,@GobiernodelaRepublicadeGuatema,topic,"[""@GobiernodelaRepublicadeGuatema""]",[],"El presidente de Guatemala, Bernardo Arévalo, participó este lunes en el acto conmemorativo del Día del Ejército, una ceremonia que reunió a autoridades civiles y militares para reconocer la labor de las fuerzas armadas del país.
@GobiernodelaRepublicadeGuatema 
#noticias #nacionales #guatemala #politica #cultura #historia #like #comenta #comparte #siguenos",66,66.0,2026-07-02T18:48:47-07:00,hace 1 mes
EGfy1BxGLIk,UCXa6LVjBzUtmcM3cwbd9e2w,Municipalidad de Guatemala,@MunicipalidaddeGuatemala-1551,Colabore con las medidas de la PMT,Education,PMT Guatemala,official_gov,"[""PMT Guatemala""]","[""municipalidad de guatemala"", ""alvaro arzu"", ""pmt"", ""tránsito"", ""transito"", ""orden"", ""vlía"", ""via""]","La Policía Municipal de Tránsito -PMT-, ente municipal que mantiene el orden vehicular en la Ciudad de Guatemala, hace un llamado a la población a colaborar con ellos.",1437,1437.0,2011-01-28T15:15:16-08:00,hace 15 años
ELhvo8YnYnI,UCt5Dw7ePnn0AqPqRF8Xpjkw,TN23 Guatemala,@TN23TodoNoticias,Insivumeh prevé lluvias fuertes por dos ondas del este,News & Politics,guatemala lluvias,topic,"[""guatemala lluvias""]","[""Actualidad"", ""Guatemala"", ""Insivumeh"", ""Noticias"", ""Noticias de Guatemala"", ""Ondas del este"", ""TN23"", ""información"", ""noticias"", ""clima"", ""lluvias""]",Dos ondas del este traerán lluvias cortas pero intensas esta semana.,5182,5182.0,2026-08-17T17:00:20-07:00,hace 13 días
EQDcEgFpXCk,UCUdOoVWuWmgo1wByzcsyKDQ,FRANCE 24 Español,@France24_es,Guatemala: Gobierno refuerza lucha contra las pandillas en medio de crisis de seguridad,News & Politics,guatemala seguridad,topic,"[""guatemala seguridad""]","[""América Latina"", ""Guatemala"", ""Inseguridad"", ""Seguridad"", ""pandillas""]","Las pandillas tienen azotados a los guatemaltecos con las extorsiones telefónicas que, según estadísticas, la mayoría llegan desde las cárceles. El Gobierno del presidente Bernardo Arévalo ha tenido que reforzar los operativos contra los grupos al margen de la ley por el repunte de los homicidios.
#Guatemala #pandillas #inseguridad

🔔 Suscríbete a nuestra cadena en YouTube: https://f24.my/YTes
🔴 En VIVO - Sigue FRANCE 24 aquí: https://f24.my/YTliveES
🌍 Nuestro sitio: https://www.france24.com/es/
📲 Siempre en tu bolsillo desde WhatsApp: https://f24.my/WAes
y en Telegram: https://f24.my/TGes

Únete a la comunidad Facebook: https://f24.my/FBes
Siguenos en X: https://f24.my/Xes
Bluesky: https://f24.my/BSes y Threads: https://f24.my/THes
Descubre las noticias en imágenes en Instagram: https://f24.my/IGes
Descubre nuestros vídeos en TikTok: https://f24.my/TKes",5459,5459.0,2026-05-28T14:23:29-07:00,hace 3 meses
EZfm-05qtWo,UCFu4dCls6GPdTvgIeE9wjOA,Cucurucho en Guatemala,@CucuruchoenGuatemala,Municipalidad de Guatemala prepara plan de actividades en Semana Santa 2023,People & Blogs,@MunicipalidaddeGuatemala-1551,topic,"[""@MunicipalidaddeGuatemala-1551""]","[""semana santa"", ""cuaresma"", ""guatemala"", ""cucurucho"", ""procesion""]","La @MunicipalidaddeGuatemala-1551 presentó su plan de actividades a realizar en la Semana Santa 2023, esto es lo que nos cuenta la Directora del Centro Histórico.

#SemanaSanta2023 #cucuruchoenguatemala  #Tradiciones #Trafico #MuniGuate",128,128.0,2023-03-24T10:50:24-07:00,hace 3 años
F72Rdq5crG4,UC-GLagjBhWAZ3IOWFgzqIAw,Canal Antigua,@miracanalantigua,Cambios en el Ministerio de Comunicaciones: Salen Lizzette Benítez y Adrián Zapata Alamilla,News & Politics,Ministerio de Comunicaciones Guatemala,official_gov,"[""Ministerio de Comunicaciones Guatemala""]","[""Guatemala"", ""televisión"", ""Canal Antigua"", ""noticias""]","El Ministerio de Comunicaciones, Infraestructura y Vivienda (CIV) ha anunciado dos importantes cambios en su estructura, en medio de una situación en la que los avances en infraestructura vial del país parecen haberse ralentizado.

Suscríbete a nuestro canal → https://bit.ly/canalantiguatv
Infórmate sobre las noticias desde nuestra web → https://canalantigua.tv

¡Y no te olvides de seguirnos en redes sociales!
TikTok → https://www.tiktok.com/@canalantiguaoficial?is_from_webapp=1&sender_device=pc
Facebook → https://www.facebook.com/canalantigua/
Instagram → https://www.instagram.com/canalantigua
Twitter → https://www.twitter.com/canalantigua",1441,1441.0,2024-10-17T17:31:06-07:00,hace 1 año
FEc1BCuBiDg,UCXa6LVjBzUtmcM3cwbd9e2w,Municipalidad de Guatemala,@MunicipalidaddeGuatemala-1551,¡Estamos con ustedes!,News & Politics,@MunicipalidaddeGuatemala-1551,topic,"[""@MunicipalidaddeGuatemala-1551""]","[""Administración"", ""Álvaro"", ""Enrique"", ""Arzú"", ""Irigoyen"", ""Alcalde"", ""Alcaldia"", ""Municipalidad"", ""Muni"", ""Cumple"", ""Guatemala"", ""Trabajo"", ""Equipo"", ""Transparencia"", ""Pasión"", ""Como"", ""Yo"", ""Tú"", ""Todos"", ""Somos"", ""Ciudad"", ""Futuro"", ""Para"", ""Vivir"", ""terremoto guatemala"", ""sismo"", ""clima"", ""centro de acopio""]","La ciudad se solidariza con nuestros hermanos guatemaltecos afectados por los sismos. Puedes ayudar enviando donativos a través de Bomberos Municipales, llevándolos a cualquiera de nuestras 9 estaciones en la ciudad o el sótano de la Municipalidad de Guatemala.

MAS INFORMACIÓN: Teléfonos 123 y 1551.",1562,1562.0,2012-11-09T05:36:43-08:00,hace 13 años
FQP4JTo9ShA,UCvegRo82EipXUzAHQXZmr4A,MundoHistoria,@MundoHistoriaTV,Rafael Carrera y el nacimiento de Guatemala,Education,Gobierno de la República de Guatemala,topic,"[""Gobierno de la República de Guatemala""]","[""Rafael Carrera"", ""El primer presidente de Guatemala"", ""MundoHistoria"", ""Rafael Carrera y Morazan"", ""Morazan y Rafael Carrera"", ""Dictador de Guatemala"", ""De campesino a presidente""]","Rafael Carrera fue un militar y político guatemalteco que gobernó como dictador y primer presidente de Guatemala entre 1844–1848 y 1851–1865

Mira estos videos también podrían interesarte...

13 Lugares increíbles de Guatemala
                  Míralo aquí
                 👇👇👇👇
https://youtu.be/yow4Rd_6z38

¿Sabías que Centroamérica fue parte de México?
                  Míralo aquí
                 👇👇👇👇
https://youtu.be/9wlPwDb90Sc

Justo Rufino Barrios - El reformador de Guatemala
                  Míralo aquí
                 👇👇👇👇
https://youtu.be/H52NYEh9dNU?si=kzOyj4va-kOa289y

República mayor de Centroamérica: El Salvador, Honduras y Nicaragua
                  Míralo aquí
                 👇👇👇👇
https://youtu.be/CBPuJdjccxQ

Ciudad de Guatemala vs Ciudad de Panamá ¿Cuál de las dos es la mejor?
                  Míralo aquí
                 👇👇👇👇
https://youtu.be/2clEicdT2Us


Gracias por mirar nuestros videos.
Por favor suscríbete, para que no te pierdas nuestras actualizaciones...",1420,1422.0,2025-12-14T07:00:00-08:00,hace 8 meses
FU5zLTb4inc,UCaivrAhro2BpsJdrPe-IyRg,Diario de Centro América,@dcaguatemala,#EnVivoDCA | Conferencia de prensa del Gobierno de Guatemala,News & Politics,Gobierno de Guatemala,topic,"[""Gobierno de Guatemala""]",[],Conferencia de prensa del Gobierno de Guatemala,549,549.0,2026-04-13T20:32:05-07:00,Transmitido hace 4 meses
Fapc1-8m5Zc,UCW_PHqwqCCalvQGOEsVU0jw,Concejales de Oposición - Muni Guate,@ConcejalesOposición,Municipalidad de Guatemala 21/11/2025,People & Blogs,@MunicipalidaddeGuatemala-1551,topic,"[""@MunicipalidaddeGuatemala-1551""]",[],,282,282.0,2025-11-21T16:02:43-08:00,hace 9 meses
Fb2Ccfq5S9w,UCt5Dw7ePnn0AqPqRF8Xpjkw,TN23 Guatemala,@TN23TodoNoticias,Reo y su esposa fueron asesinados dentro del Preventivo de zona 18,News & Politics,guatemala noticias,topic,"[""guatemala noticias""]","[""TN23"", ""información"", ""noticias"", ""Guatemala"", ""reo y su esposa"", ""preventivo de la zona 18""]","Un privado de libertad y su esposa murieron tras un ataque armado registrado dentro del Centro de Detención Preventiva para Hombres Anexo B, en la zona 18 de la Ciudad de Guatemala. Durante el incidente, un guardia del Sistema Penitenciario resultó herido.",15431,15433.0,2026-08-02T21:00:25-07:00,hace 4 semanas
FuTz67jS7m0,UCuKuUrmHoNaJJHE27Aac9PQ,PROVIAL-CIV,@ProvialOficial_CIV,124 nuevos brigadas refuerzan la seguridad vial en Guatemala,Education,Provial Guatemala,official_gov,"[""Provial Guatemala""]",[],"124 nuevos brigadas refuerzan la seguridad vial en Guatemala

PROVIAL incorpora 124 nuevos brigadas que fortalecerán la seguridad vial en las carreteras del país. La graduación de la XX Promoción de Aspirantes a Brigadas fue encabezada por el presidente Bernardo Arévalo, junto a autoridades del Ministerio de Comunicaciones, Infraestructura y Vivienda y del Viceministerio de Transportes.

Con esta nueva promoción, PROVIAL incrementa su capacidad operativa en un 33 %, alcanzando 496 colaboradores en carretera, dedicados a la prevención de accidentes, atención de emergencias y asistencia vial.

Los nuevos brigadas serán desplegados en puntos estratégicos del país y se integran al trabajo operativo y al Centro de Operaciones PROVIAL (COP), disponible las 24 horas a través del 1520.

Somos PROVIAL, Proteger y Servir.",45,45.0,2026-01-06T15:24:15-08:00,hace 7 meses
G2u4Rbq7zU4,UCt5Dw7ePnn0AqPqRF8Xpjkw,TN23 Guatemala,@TN23TodoNoticias,Arévalo anuncia nueva cárcel de máxima seguridad en Guatemala,News & Politics,guatemala seguridad,topic,"[""guatemala seguridad""]","[""Actualidad"", ""Guatemala"", ""Guatemala Noticias"", ""TN23"", ""información"", ""noticias"", ""Presidente Arévalo""]",La instalación tendrá capacidad para dos mil personas y se edificará en un año.,6327,6327.0,2025-10-15T18:15:03-07:00,hace 10 meses
GgU7qhmf020,UCE4rsXcgDb6e1-a9iTbWzfg,Quorum,@quorumgt,Sueños GT: educación para la niñez de vendedores ambulantes en Antigua | Super - Episodio 1,Nonprofits & Activism,@quorumgt,topic,"[""@quorumgt""]",[],"Sueños es una organización que trabaja para brindar educación a niñas y niños cuyos padres son trabajadores ambulantes en Antigua Guatemala. En este episodio de Super contamos cómo están cambiando las vidas de estas familias y construyendo un futuro mejor.

Super es una serie documental de @quorumgt que documenta iniciativas guatemaltecas de impacto social. Cada episodio presenta una iniciativa que está  generando cambios reales en su comunidad.

¿Conoces una iniciativa guatemalteca que deberíamos documentar? Déjala en los comentarios.

🔗 Conoce más sobre Sueños: https://suenosgt.org

Síguenos para no perderte los próximos episodios.
#SuperGT #Guatemala #ImpactoSocial #Educación #Antigua",167,167.0,2026-06-12T18:15:06-07:00,hace 2 m
GjGMSFSE1gY,UCE4rsXcgDb6e1-a9iTbWzfg,Quorum,@quorumgt,"“Gracias a dios, no hay reelección” 🤡",News & Politics,@quorumgt/videos,channel,"[""@quorumgt/videos""]",[],¿Te suena familiar? #Guatemala #Giammattei #JimmyMorales #Quorum,130,,2022-05-12T17:11:45-07:00,
HMJXf1VdM5E,UCEepOY2svuxbsJ-zsAPT9Fg,PrensaLibreOficial,@PrensaLibreOficial,Lluvia inusual de Martes Santo provoca inundaciones en zona 1 de Villa Nueva,News & Politics,guatemala lluvias,topic,"[""guatemala lluvias""]","[""noticias Guatemala"", ""noticias Guatemala en vivo"", ""noticias última hora"", ""Guatemala"", ""lluvia inusual Guatemala"", ""inundaciones Villa Nueva"", ""Martes Santo Guatemala"", ""clima Guatemala 2026"", ""emergencia Villa Nueva"", ""lluvias verano Guatemala"", ""Guatemala weather"", ""unusual rain"", ""Villa Nueva floods"", ""summer storm"", ""climate anomaly"", ""heavy rain"", ""breaking news""]","Un aguacero inusual en plena temporada seca provocó inundaciones en la zona 1 de Villa Nueva este Martes Santo. La lluvia sorprendió a vecinos y automovilistas, afectando calles y complicando el tránsito. Autoridades recomiendan precaución ante posibles lluvias intermitentes.
Lea más en:
Prensalibre.com
Busque más información de Guatemala y el mundo en  
https://www.prensalibre.com
https://www.facebook.com/prensalibregt
https://twitter.com/prensa_libre
https://www.instagram.com/prensa_libre
https://www.tiktok.com/@prensalibregt",1688,1688.0,2026-04-01T07:55:33-07:00,hace 4 meses
H_TGv_cMwww,UCXa6LVjBzUtmcM3cwbd9e2w,Municipalidad de Guatemala,@MunicipalidaddeGuatemala-1551,PMT: La fuerza laboral reguladora del tránsito más grande,News & Politics,PMT Guatemala,official_gov,"[""PMT Guatemala""]","[""Administración"", ""administracion"", ""Alvaro"", ""Álvaro"", ""Enrique"", ""Arzú"", ""Arzu"", ""Irigoyen"", ""Alcalde"", ""Alcaldía"", ""Alcaldia"", ""Alcaldías"", ""Alcaldias"", ""Municipalidad"", ""Municipal"", ""Muni"", ""Cumple"", ""Comuna"", ""Equipo"", ""Transparencia"", ""Servicios"", ""Servir"", ""Servidor"", ""Publico"", ""Público"", ""Pasión"", ""Pasion"", ""Como"", ""Yo"", ""Tú"", ""Tu"", ""Todos"", ""Somos"", ""La"", ""Ciudad"", ""Del"", ""Futuro"", ""Para"", ""Vivir"", ""tránsito vehicular"", ""emetra"", ""policía municipal de tránsito"", ""traficoGT""]","EMETRA y la Policía Municipal de Tránsito cuentan con más de 800 agentes, la PMT hace uso de tecnología que está al servicio de nuestros vecinos las 24 horas, con información, seguridad vial y sobre todo en situaciones diversas en el tránsito vehicular.",2383,2383.0,2017-10-31T07:28:40-07:00,hace 8 años
I277M6i4jnY,UC-ZtFBHzgkYFh7whZkuR_Ag,Gobierno de la República de Guatemala,@GobiernodelaRepublicadeGuatema,Gestión del Riesgo de Desastres desde las comunidades.,Entertainment,Gobierno de la República de Guatemala,topic,"[""Gobierno de la República de Guatemala""]",[],Gestión del Riesgo de Desastres desde las comunidades.,242,242.0,2026-08-22T04:47:26-07:00,Transmitido hace 11 días
IZLflL4Hgco,UCGSQ821fpPy-yXL9mUmKbBg,TanGente Podcast,@TanGenteGT,El ciudadano Toriello da un paso al frente,Entertainment,guatemala politica,topic,"[""guatemala politica""]",[],"Daniel Haering conversa con Lionel Toriello, empresario, analista político y sobrino de Jorge Toriello Garrido —uno de los tres integrantes de la Junta Revolucionaria que gobernó Guatemala tras la Revolución de Octubre de 1944—, sobre la historia de su familia y su propia formación entre el activismo revolucionario de sus tíos y el mundo empresarial en el que creció. Toriello repasa el origen español de su apellido, la noche en que su padre estuvo a punto de ser fusilado durante el alzamiento del 44, su paso por el Tecnológico de Monterrey y el MIT, y el proyecto que dirigió para escribir la Historia General de Guatemala en la Asociación de Amigos del País.

La conversación gira luego hacia el presente: Toriello analiza cómo la oligarquía guatemalteca ha ido perdiendo el control sobre la opinión pública, la embajada de Estados Unidos y el Ejército —los tres pilares que sostuvieron por décadas lo que él llama el ""régimen anciano""—, cuestiona la ofensiva de Rodrigo Arenas y República contra la narcopolítica, y no ahorra críticas al gobierno de Bernardo Arévalo ni al papel de Walter Mazariegos en la Universidad de San Carlos y la Corte de Constitucionalidad. Al cierre, adelanta una",28013,27996.0,2026-08-25T16:00:38-07:00,hace 6 días
IcF9rRdAtp8,UCiQAWoQNcuKIAvCCFQC54UQ,Ministerio de Comunicaciones Infraestructura y Vivienda,@CIVguatemala,Ministro de Comunicaciones Alejandro Sinibaldi realiza supervisión en la Ruta CA-1 Occidente,People & Blogs,Ministerio de Comunicaciones Guatemala,official_gov,"[""Ministerio de Comunicaciones Guatemala""]","[""76"", ""SUPERV"", ""OCCIDENTE"", ""17"", ""05"", ""12#25FA""]","Autoridades del Ministerio de Comunicaciones, Infraestructura y Vivienda (CIV), recorrieron los kilometros 162 al 175 de la Ruta CA-1 Occidente, para supervisar los trabajos de rehabilitación de tramos carreteros afectados por hundimientos.",211,211.0,2012-07-04T15:12:02-07:00,hace 14 años
J6ctng-yAnI,UCAutgrPkiLhZxTB-Ujje1fw,CIV -Ministerio de Comunicaciones,@CIV_Guatemala,CIV PROVIAL GRADUACIÓN XV PROMOCIÓN BRIGADAS 140619,People & Blogs,Provial Guatemala,official_gov,"[""Provial Guatemala""]",[],,2981,2981.0,2019-06-25T21:50:12-07:00,hace 7 años
JErfmk-TlRg,UCAutgrPkiLhZxTB-Ujje1fw,CIV -Ministerio de Comunicaciones,@CIV_Guatemala,Rendición de Cuentas - Primer Cuatrimestre 2023,People & Blogs,Ministerio de Comunicaciones Guatemala,official_gov,"[""Ministerio de Comunicaciones Guatemala""]",[],"Rendición de Cuentas del primer cuatrimestre de 2023.

Sergio González, Viceministro Administrativo y Financiero del Ministerio de Comunicaciones, Infraestructura y Vivienda -CIV-",32,32.0,2023-07-04T10:17:02-07:00,hace 3 años
J_HBzJUTOus,UC8u2nvyHewt-mjdWSj0HJmQ,Ministerio de Gobernación,@mingobguate,Presentan estrategia nacional para prevenir violencia durante recorridos de antorchas,News & Politics,Ministerio de Gobernacion Guatemala,official_gov,"[""Ministerio de Gobernacion Guatemala""]","[""Ministerio"", ""de"", ""Gobernación"", ""Guatemala""]","-  Ministerio de Gobernación, Comunicación Social, Audiovisuales",17,16.0,2026-08-29T08:11:07-07:00,hace 2 días
JdxHJkQjM50,UCXa6LVjBzUtmcM3cwbd9e2w,Municipalidad de Guatemala,@MunicipalidaddeGuatemala-1551,🚡 ¿Cómo va avanzando #AeroMetroGT?,News & Politics,Municipalidad de Guatemala,topic,"[""Municipalidad de Guatemala""]",[],"Aquí te contamos lo que viene en las próximas semanas y los cambios temporales en la circulación que encontrarás a partir del lunes 3 de agosto sobre la Calzada Roosevelt, en dirección a la Calle Montúfar.

Si utilizas esta ruta, planifica tu recorrido con anticipación, sigue la señalización vial y las indicaciones de los agentes de PMT MuniGuate y PMT Mixco.

#TraficoGT #TránsitoGT",20901,20908.0,2026-08-01T13:58:05-07:00,hace 1 mes
JgmCtBQWNL8,UC-ZtFBHzgkYFh7whZkuR_Ag,Gobierno de la República de Guatemala,@GobiernodelaRepublicadeGuatema,Conferencia de Prensa del Gobierno de Guatemala. #LaRondaGt,Entertainment,@GobiernodeGuatemala,topic,"[""@GobiernodeGuatemala""]",[],Conferencia de Prensa del Gobierno de Guatemala. #LaRondaGt,1165,1165.0,2025-03-06T20:34:24-08:00,Transmitido hace 1 año
JkpVO1hx2f8,UCE4rsXcgDb6e1-a9iTbWzfg,Quorum,@quorumgt,10 Preguntas a un año del Paro Nacional,News & Politics,@quorumgt/videos,channel,"[""@quorumgt/videos""]","[""guatemala"", ""periodismo"", ""quorum"", ""paro nacional 2023""]","📅 ¿Dónde estabas hace un año cuando comenzó el Paro Nacional? ✊Pia Flores y Jeanelly Vásquez, estuvieron largas jornadas cubriendo las protestas, los operativos del Ministerio Público y toda la tensión que se vino tras las elecciones y el sorpresivo triunfo de Bernardo Arévalo y Semilla. En este video reflexionan sobre aquellas protestas que serán claves en la historia de Guatemala.

Ayudanos compartiendo, comentando y dándole like a este video.

📲 Seguí a Quorum en todas las redes para ver más contenido interesante de #Guatemala.

⚫️ X:   / quorumgt  
🟣 Instagram: https://www.instagram.com/holaquorum?...
🟠 TikTok:https://www.tiktok.com/@quorumgt?_t=8...
🔵 Facebook: https://www.facebook.com/QuorumGT?mib...
🟢 Canal de WhatsApp: https://whatsapp.com/channel/0029Va8I...",673,,2024-10-02T17:00:06-07:00,
Jr1hJ92H_Nc,UCH4M_4Ed6SUidQthmZ60M2g,Manuel Pedrero,@ManuelPedreroOficial,"#SinMáscaras | GUERRA SUCIA PERO SUCIA EN SERIO LLEGA A TV AZTECA CON AMPARO, CAMIN Y CASTAÑEDA",News & Politics,@GobiernodelaRepublicadeGuatema,topic,"[""@GobiernodelaRepublicadeGuatema""]",[],"Únete a este canal para acceder a sus beneficios:
https://www.youtube.com/channel/UCH4M_4Ed6SUidQthmZ60M2g/join

-SIGUEME EN MIS REDES SOCIALES:

🔴 Suscríbete al Canal De YouTube: https://youtube.com/channel/UCH4M_4Ed6SUidQthmZ60M2g

🔴Dale Like A La Pagina De Facebook: 
https://www.facebook.com/ManuelPedreroOficial

🔴Sígueme En Twitter: https://twitter.com/YosoyPedrero

🔴Sígueme En Instagram: https://www.instagram.com/manuel_es_p...",62941,59559.0,2026-09-01T17:31:43-07:00,Transmitido hace 11 minutos
K1IA6oTGws8,UCaivrAhro2BpsJdrPe-IyRg,Diario de Centro América,@dcaguatemala,#EnVivoDCA | Conferencia de prensa del Gobierno de Guatemala,News & Politics,Gobierno de Guatemala,official_gov,"[""Gobierno de Guatemala""]",[],"Conferencia de prensa del Gobierno de Guatemala, La Ronda",530,530.0,2026-04-28T00:34:45-07:00,Transmitido hace 4 meses
K2qWcueeMOc,UCaivrAhro2BpsJdrPe-IyRg,Diario de Centro América,@dcaguatemala,#EnvivoDCA | Conferencia de prensa de Gobierno de Guatemala,News & Politics,Gobierno de Guatemala,official_gov,"[""Gobierno de Guatemala""]",[],#EnvivoDCA | Conferencia de prensa de Gobierno de Guatemala,802,802.0,2026-07-24T15:05:25-07:00,Transmitido hace 1 mes
K50uijsHnAM,UCUdOoVWuWmgo1wByzcsyKDQ,FRANCE 24 Español,@France24_es,Informe desde Ciudad de Guatemala: crisis de seguridad tras ataques contra la Policía,News & Politics,guatemala seguridad,topic,"[""guatemala seguridad""]","[""Centroamérica"", ""Guatemala"", ""Policía"", ""Seguridad"", ""cárceles"", ""motín carcelario"", ""violencia""]","Al menos ocho agentes de Policía murieron este 18 de enero en Guatemala tras una serie de ataques atribuidos a la pandilla Barrio 18. Las ofensivas armadas ocurrieron como represalia luego de que las autoridades retomaran el control de tres cárceles, donde varios prisioneros se amotinaron el 17 de enero, y neutralizaran al líder máximo de la pandilla, quien coordinó los motines. Informa desde Ciudad de Guatemala, Andrés Suárez Jaramillo.
#Guatemala #Policía #Barrio18

🔔 Suscríbete a nuestra cadena en YouTube: https://f24.my/YTes
🔴 En VIVO - Sigue FRANCE 24 aquí: https://f24.my/YTliveES
🌍 Nuestro sitio: https://www.france24.com/es/
📲 Siempre en tu bolsillo desde WhatsApp: https://f24.my/WAes
y en Telegram: https://f24.my/TGes

Únete a la comunidad Facebook: https://f24.my/FBes
Siguenos en X: https://f24.my/Xes
Bluesky: https://f24.my/BSes y Threads: https://f24.my/THes
Descubre las noticias en imágenes en Instagram: https://f24.my/IGes
Descubre nuestros vídeos en TikTok: https://f24.my/TKes",135249,135249.0,2026-01-18T17:33:25-08:00,hace 7 meses
KIO6wIJXYY0,UC_lEiu6917IJz03TnntWUaQ,CNN en Español,@cnnee,"Se tiene que cambiar el sistema electoral en Guatemala, asegura exfiscal",News & Politics,guatemala politica,topic,"[""guatemala politica""]","[""CNN en Español"", ""Noticias en español"", ""noticias"", ""news"", ""Guatemala"", ""Bernardo Arevalo"", ""Política""]","En Guatemala, la semana termina con nuevos episodios polémicos en la elección de los integrantes de la Corte de Constitucionalidad para el periodo 2026-2031. El proceso para elegir a dos de esos integrantes en el colegio de abogados y notarios se vio alterado por allanamientos del Ministerio Público, que justificó su acción debido a presuntas irregularidades en el padrón electoral. 

Los hechos fueron denunciados en un mensaje a la nación por el propio presidente Bernardo Arévalo, quien aseguró que el Ministerio Público trata de interferir de forma espuria en los procesos electorales del Colegio de Abogados y Notarios. Thelma Aldana, exfiscal general de Guatemala, conversó con Fernando del Rincón sobre esta nueva polémica electoral en Guatemala.

#política #guatemala #latinoamérica 
*-*-*-*-*-*-*-*-*-*-*-*-*-*-*-*-*-*-*-*-*-*-*-*

🔔
Suscríbete: youtube.com/@cnnee
Shorts: youtube.com/@cnnee/shorts

📲
WhatsApp Channel: https://cnn.it/486yW9w
Facebook: https://facebook.com/cnnee
X: https://x.com/CNNEE
Instagram: https://instagram.com/cnnee
TikTok: https://tiktok.com/@cnnee
Threads: https://threads.com/@cnnee

🌐
Nuestro sitio: https://cnne.com/",16830,16830.0,2026-02-14T10:30:06-08:00,hace 6 meses
KWCyMd4dxkY,UCXa6LVjBzUtmcM3cwbd9e2w,Municipalidad de Guatemala,@MunicipalidaddeGuatemala-1551,Recorrido de los 21K BAM de la Municipalidad de Guatemala,News & Politics,Municipalidad de Guatemala,official_gov,"[""Municipalidad de Guatemala""]","[""Administración"", ""administracion"", ""Alvaro"", ""Álvaro"", ""Enrique"", ""Arzú"", ""Arzu"", ""Irigoyen"", ""Alcalde"", ""Alcaldía"", ""Alcaldia"", ""Alcaldías"", ""Alcaldias"", ""Municipalidad"", ""Municipal"", ""Muni"", ""Cumple"", ""Comuna"", ""Equipo"", ""Transparencia"", ""Servicios"", ""Servir"", ""Servidor"", ""Publico"", ""Público"", ""Pasión"", ""Pasion"", ""Como"", ""Yo"", ""Tú"", ""Tu"", ""Todos"", ""Somos"", ""La"", ""Ciudad"", ""Del"", ""Futuro"", ""Para"", ""Vivir"", ""21k"", ""media maraton"", ""maraton"", ""carrera"", ""recorrido"", ""ruta""]","Vista rápida en piso del recorrido de los 21K BAM de la Municipalidad de Guatemala.
Más información en www.21kguate.com",13077,13077.0,2017-07-27T15:37:42-07:00,hace 9 años
KkNQhX_kg8A,UCVbOEcs6RMxXXX3WWNtl_Fw,El Mapa de Sebas,@ElMapadeSebas,🇬🇹HISTORIA de GUATEMALA en 17 minutos🇬🇹 - El Mapa de Sebas,Education,guatemala politica,topic,"[""guatemala politica""]","[""Geografía"", ""historia"", ""Guatemala"", ""Nakbé"", ""Tikal"", ""Mayas"", ""Quichés"", ""Pedro de Alvarado"", ""Hernán Cortés"", ""Santiago de los Caballeros"", ""Capitanía General"", ""Petén"", ""Conquista"", ""Martín de Urzúa"", ""Añil"", ""Bartolomé de las casas"", ""República Federal de Centroamérica"", ""México"", ""El Salvador"", ""Honduras"", ""Nicaragua"", ""Francisco Morazán"", ""Los Altos"", ""Belice"", ""Justo Rufino Barrios"", ""United Fruit Company"", ""Jorge Ubico"", ""Juan José Arévalo"", ""Jacobo Árbenz"", ""Manuel Estrada Cabrera"", ""Jimmy Morales"", ""Alejandro Giammanttei"", ""Rafael Carrera""]","#Guatemala, el país de la eterna primavera, es conocido por sus volcanes, sus sitios arqueológicos mayas y su peculiar geografía. Además, fue el centro de poder tanto de la Capitanía General de Guatemala, como de la República Federal de Centroamérica, por lo que sus fronteras tienen mucha #historia que contar. ¿Te interesa conocerla? Dale, entonces quédate hasta el final del vídeo. 


►¡Apóyame en Patreon!
https://bit.ly/2Lm2hmM

►Sigue mi blog en Facebook:
https://www.facebook.com/elmapadesebas/

►Sígueme en Instagram
https://www.instagram.com/elmapadesebas/

►Contacto
elmapadesebas21@gmail.com",749356,749362.0,2019-11-15T17:53:51-08:00,hace 6 años
LRzZy8xBrjA,UC-ZtFBHzgkYFh7whZkuR_Ag,Gobierno de la República de Guatemala,@GobiernodelaRepublicadeGuatema,Conferencia de prensa ante el incremento de los combustibles.,Entertainment,Gobierno de Guatemala,official_gov,"[""Gobierno de Guatemala""]",[],Conferencia de prensa ante el incremento de los combustibles.,670,670.0,2026-07-24T15:11:33-07:00,Transmitido hace 1 mes
LeN6wpNIB-4,UCgItjn_ZWFWcv1MlpKIkqgQ,IDocumenta,@iDocumenta,GUATEMALA RECIBE 135 NICARAGUENESES LIBERADOS POR ORTEGA,People & Blogs,@GobiernodelaRepublicadeGuatema,topic,"[""@GobiernodelaRepublicadeGuatema""]",[],"Washington anunciaba que el gobierno de Nicaragua liberaba a 135 prisioneros políticos gracias a la intermediación de la Casa Blanca. Mientras se realizaba el anuncio, un avión charter, contratado por el Departamento de Estado de Estados Unidos aterrizaba en Guatemala con los liberados para ser acogidos en este país.
NOTA: CON IMAGENES CORTESIA DE @GobiernodelaRepublicadeGuatema
#noticias #nacionales #migracion #libertad #política #like #comenta #comparte #siguenos",28,28.0,2024-09-06T11:01:37-07:00,hace 1 año
LqY_vAsa4PY,UCBQ9OCZNvmC--OH_e-qGGiA,PFNSE MEDIA,@PFNSEMEDIA,“Guatemala: Una historia escrita con corrupción”,News & Politics,guatemala politica,topic,"[""guatemala politica""]","[""Las inolvidables"", ""Noticiero Guatevision"", ""Politica Guatemala"", ""Otto Ángel""]","""Guatemala ha cargado con una larga sombra: la corrupción. Década tras década, los mismos patrones se repiten y los mismos actores se reciclan. Este clip es un recorrido por esa historia que aún define nuestro presente.""",2291,2291.0,2025-08-26T19:00:32-07:00,hace 1 año
MMECHN8SFNw,UCdSVqHGHzyMTXSafUHY-e-w,Noticiero Guatevisión 13 Hrs.,@GuatevisionNoticiero,"Noticiero en Directo 1 pm, 27 de Agosto de 2026",News & Politics,guatemala noticias,topic,"[""guatemala noticias""]","[""guatevision"", ""noticiero guatevision"", ""emisión en directo"", ""emisión en directo noticiero guatevision"", ""Guatemala"", ""clima"", ""marisol padilla""]","#NoticiasGuatemala #SismosJutiapa #TSE #Seguridad #AaronHerrera

🔔 Suscríbete al canal y activa la campanita para recibir las noticias más importantes de Guatemala.",4838,4823.0,2026-08-28T10:35:09-07:00,hace 3 días
MRJ9mKnXR9M,UCXa6LVjBzUtmcM3cwbd9e2w,Municipalidad de Guatemala,@MunicipalidaddeGuatemala-1551,Labor de la PMT es honesta aseguran vecinos,People & Blogs,PMT Guatemala,official_gov,"[""PMT Guatemala""]","[""municipalidad de guatemala"", ""alvaro azru"", ""pmt""]",Vecinos de la Ciudad de Guatemala reconocen que los agentes de la Policía Municipal de Tránsito -PMT- actúan de manera correcta en desenvolvimiento de sus atribuciones.,1075,1075.0,2010-01-27T14:53:36-08:00,hace 16 años
MdIa2Dtj77I,UCZyaNecz9ugVReNcNfXXurA,Aventuras de una programadora,@soymildredsilva,"Consejos para tu viaje a Guatemala: hospedaje, telefonía, transporte y más!   ✈️ 🇬🇹",People & Blogs,guatemala transporte,topic,"[""guatemala transporte""]",[],"Aquí te comparto como planificar tu viaje a Guatemala! Viajar a Guatemala fue increíble y en este video comparto varios consejos para que los tomes en cuenta.
___
¡Contáctame!
📸 Instagram @natalymendez09: https://www.instagram.com/natalymendez09/
 
¡SUSCRÍBETE para más Vlogs de viajes! 
_
#guatemala ​ #LagoAtitlan​ #antiguaguatemala #tipsguatemala",134775,134779.0,2023-05-11T17:45:00-07:00,hace 3 años
Mh94uXZvCLo,UCBDxkiJk5id4TIOa1FotGUA,La  Coma,@lacomanoticias,DE LOS BOTS AL RECHAZO: CERIMEDO Y LA “GUERRILLA DE LAS REDES” | CAPÍTULO 3 DE 8,News & Politics,@quorumgt,topic,"[""@quorumgt""]","[""Fernando Cerimedo"", ""Cerimedo Chile"", ""plebiscito 2022"", ""campaña del Rechazo"", ""guerrilla de las redes"", ""Red Fantasma"", ""bots políticos"", ""granja de bots"", ""política digital"", ""manipulación digital"", ""redes coordinadas"", ""campañas políticas Chile"", ""desinformación"", ""Numen Chile"", ""investigación Cerimedo""]","🕵️‍♂️ **RED FANTASMA — CAPÍTULO 3 DE 8**

La historia de Fernando Cerimedo en Chile no terminó con el plebiscito de 2020.

Dos años después, durante el plebiscito constitucional de 2022, Cerimedo volvió a aparecer. Estuvo en Santiago la noche del triunfo del Rechazo y habló públicamente sobre el trabajo realizado durante aquella campaña.

Pero después surgieron versiones distintas sobre cuál había sido realmente su papel.

Personas vinculadas a la estructura oficial del Rechazo dijeron no reconocerlo como parte del comando central. Una de ellas describió su participación como una especie de **“guerrilla de las redes”**.

Cerimedo, en cambio, afirmó que había trabajado para decenas de organizaciones de la sociedad civil que contrataron sus servicios.

En este tercer capítulo de **Red Fantasma** seguimos esa pista: cómo pueden operar empresas, consultores, organizaciones, páginas, influencers y estructuras digitales alrededor de una campaña política sin aparecer necesariamente dentro de su estructura oficial.

Y la pregunta vuelve a ser la misma:

**¿quién estaba realmente detrás de la conversación digital?**

📌 **Capítulo 3 de 8 — De los bots al Rechazo: Cerimedo y la “guerrilla de las redes”**

🔔 Suscríbete para seguir completa esta investigación de **Red Fantasma**.

#RedFantasma #Cerimedo #Bots #Chile #Rechazo #Plebiscito2022 #GranjasDeBots #PoliticaDigital #Desinformacion #Investigacion",21,18.0,2026-08-31T17:33:11-07:00,hace 1 día
Mme4XikKnlc,UCEepOY2svuxbsJ-zsAPT9Fg,PrensaLibreOficial,@PrensaLibreOficial,Municipalidad anuncia 111 nuevos autobuses y 17 rutas para mejorar el transporte en la capital,News & Politics,guatemala transporte,topic,"[""guatemala transporte""]","[""noticias Guatemala"", ""noticias Guatemala en vivo"", ""noticias última hora"", ""Guatemala"", ""Ricardo Quiñónez"", ""Municipalidad de Guatemala"", ""Muni"", ""Tubus"", ""Transporte público""]","La Municipalidad de Guatemala anunció la implementación de 17 nuevas rutas de transporte público que contarán con 111 autobuses de bajas emisiones. Con este proyecto se busca ampliar la cobertura del servicio hasta alcanzar el 80 por ciento de la ciudad, según lo indicado por la comuna.
La inversión será totalmente privada y estará respaldada por un contrato de 20 años que incluye operación, mantenimiento y renovación de las unidades.
El plan contempla la puesta en marcha de ocho rutas perimetrales, que conectarán distintos puntos alrededor de la capital, y nueve rutas radiales, que partirán de las zonas centrales hacia la periferia.

Lea más en
https://www.prensalibre.com/guatemala/comunitario/municipalidad-anuncia-17-rutas-y-111-buses-que-prometen-cobertura-y-tecnologia-pero-cuanto-costara-el-pasaje/
----------------------------
Busque más información de Guatemala y el mundo en  
https://www.prensalibre.com
https://www.facebook.com/prensalibregt
https://twitter.com/prensa_libre
https://www.instagram.com/prensa_libre
https://www.tiktok.com/@prensalibregt",3146,3146.0,2025-09-22T11:08:36-07:00,hace 11 meses
N1QkRu38BFE,UC2EbdGoJZwR_WvkmB0i4rMg,Alexis Burelo,@alexisburelo,¡YA CAYÓ ALITO MORENO! ALERTA LO DESTITUYEN DIPUTADOS VOTAN PARA SACARLO DEL SENADO! CLAUDIA INFORMA,News & Politics,@GobiernodelaRepublicadeGuatema,topic,"[""@GobiernodelaRepublicadeGuatema""]",[],#claudiasheinbaum #claudiasheinbaumpresidenta #conferenciamatutina #mañaneradelpueblo #mexico #mañanera #amlo #deultimahora #noroña #alitomoreno #noticias #lillytéllez,15747,,2026-08-31T20:13:11-07:00,
NCvoO61aIfw,UCkXkEfAaEGxUaIT6TBBkwMw,One Life,@onelife5106,Ya casi! Así avanza el Aerómetro que cambiará el transporte en Guatemala,Entertainment,guatemala transporte,topic,"[""guatemala transporte""]","[""one life"", ""one life guatemala"", ""call me jorge"", ""call me jorgre viajes"", ""call me jorge vlogs"", ""como"", ""es"", ""guatemala"", ""a si es guatemala"", ""guatemala city"", ""vlog"", ""vlog en guatemala"", ""antigua"", ""mayas"", ""antigua guatemala"", ""panajachel"", ""proceciones"", ""comida de guatemala"", ""shucos"", ""churrasco"", ""comida callejera guatemalteca"", ""refrescos"", ""chapines"", ""chapin"", ""gerson martinez"", ""mefi martinez"", ""caminal juyu"", ""caminando por guate"", ""lugares para visitar en gustemala"", ""volcanes de guatemala"", ""guate""]","🚡 El Aerómetro de Guatemala está cada vez más cerca de convertirse en una realidad.

En este video visitamos la construcción de una de las obras de transporte más importantes del país para conocer de primera mano cómo avanzan los trabajos.

Recorrimos la zona donde ya se encuentran instaladas las estructuras principales y la primera estación, observando que el proyecto ha alcanzado una etapa muy avanzada.

Según el cronograma del proyecto, faltan menos de dos meses y medio para que esta nueva alternativa de transporte esté lista, acercando a Guatemala a una nueva era de movilidad urbana.

Durante este recorrido te mostramos:

✅ La primera estación del Aerómetro.
✅ El avance de las estructuras.
✅ Cómo luce actualmente la obra.
✅ Lo que todavía hace falta para finalizar el proyecto.
✅ Mi opinión sobre cómo cambiará el transporte en Guatemala.

Si te gustan los videos sobre infraestructura, carreteras, megaproyectos y el desarrollo de Guatemala, suscríbete a One Life porque seguimos visitando las obras más importantes del país.

🇬🇹 ¡Gracias por apoyar el contenido hecho en Guatemala!

#Aerometro
#Guatemala
#Metro
#Transporte
#Infraestructura
#Megaproyectos
#Construccion
#CiudadDeGuatemala
#Obras
#OneLifeGT
#Desarrollo
#GuatemalaCity
#Movilidad
#CableAereo
#noticiasguatemala 
Aerómetro Guatemala,
Aerometro Guatemala,
Metro Guatemala,
Teleférico Guatemala,
Cable aéreo Guatemala,
Nuevo transporte Guatemala,
Transporte Guatemala,
Infraestructura Guatemala,
Megaproyectos Guatemala,
Construcción Guatemala,
Ciudad de Guatemala,
Noticias Guatemala,
Movilidad Guatemala,
Avances Aerómetro,
Estación Aerómetro,
Obras Guatemala,
Guatemala 2026,
One Life GT,
Desarrollo Guatemala,
Proyecto Aerómetro
PATREON
ya puedes apoyar este canal suscribete a mi pagina de patreon pra recibir muchos beneficios y estaré muy agradecido y podré mejorar el equipo de grabación bendiciones amigos
🙏👍👉 https://bit.ly/3eU5ZSv",26744,26746.0,2026-07-24T15:48:12-07:00,hace 1 mes
NcIcixCdQH4,UCHsYnV67K3J0yJ4QeciVCww,PNCdeGuatemala,@PNCdeGuatemala,PNC garantiza seguridad a turistas que visitan el colcán de Agua,Science & Technology,Policia Nacional Civil Guatemala,official_gov,"[""Policia Nacional Civil Guatemala""]",[],"📢 ¡Sígueme en nuestras redes! 🌐
━━━━━━━━━━━━━━━━━━━━━━━━━━━━━
https://www.instagram.com/pncdeguatemala
https://www.youtube.com/@PNCdeGuatemala
https://www.tiktok.com/@pncdeguatemala
https://www.facebook.com/PoliciaNacionalCivildeGuatemala
https://x.com/PNCdeGuatemala
https://pnc.gob.gt/

🌟 ¡Suscríbete para más contenido!

#PNC #PNCGuatemala #Policia #Guatemala #SeguridadConTransparencia
 #ProtegerYServir",7681,7672.0,2026-08-29T17:32:47-07:00,hace 1 día
Nc_Iy0MriYw,UCuKuUrmHoNaJJHE27Aac9PQ,PROVIAL-CIV,@ProvialOficial_CIV,🛑🛑Actualización PROVIAL🛑🛑,News & Politics,Provial Guatemala,official_gov,"[""Provial Guatemala""]","[""lluvia"", ""provial"", ""proteger y servir"", ""emergencias"", ""carreteras"", ""Guatemala""]","Este es el reporte de emergencias en las principales carreteras del país:
PROVIAL, proteger y servir",179,179.0,2024-06-21T10:54:44-07:00,hace 2 años
NnKpTEfhWjI,UCDfEVbDrimcKw5lfbps915g,De todo Gt,@detodogt,✅ ASÍ es una EXHIBICION DE BUSES EN GUATEMALA,Travel & Events,guatemala transporte,topic,"[""guatemala transporte""]",[],"🚌✨ ¡Explora el fascinante mundo de los #BusesModificados en #Guatemala! 🌈🚍 Prepárate para un viaje visual lleno de luces deslumbrantes y colores vibrantes en esta increíble #ExhibiciónDeBuses que captura la esencia única de la #CulturaDeTransporte guatemalteca.

En este vídeo, te sumergirás en un deslumbrante desfile de buses transformados en obras de arte rodantes. Desde potentes sistemas de iluminación hasta intrincados diseños pintados a mano, estos buses no solo son vehículos de transporte, ¡sino verdaderas expresiones artísticas sobre ruedas!

🌟 Descubre la creatividad detrás de cada detalle mientras exploramos la pasión y dedicación de los dueños de estos buses por personalizar y embellecer sus vehículos. Desde brillantes luces LED hasta elaboradas pinturas que cuentan historias, cada bus tiene su propia personalidad única que refleja la rica diversidad cultural de #Guatemala.

Únete a nosotros en este recorrido visual y déjate sorprender por la ingeniosa combinación de tradición y modernidad que se refleja en estos buses modificados. ¡Prepárate para sumergirte en un espectáculo de #ColoresYLuces, donde los buses no solo llevan pasajeros, ¡sino también el espíritu vibrante de una nación! 🇬🇹🚌💫

👁️‍🗨️ No te pierdas esta experiencia única. Dale play, suscríbete y acompáñanos en este emocionante viaje por las calles de #Guatemala, donde los buses no solo llevan pasajeros, ¡sino también el espíritu vibrante de una nación! #ArteSobreRuedas #CulturaGuatemalteca #TurismoGuatemala",424874,424856.0,2023-12-14T15:58:12-08:00,hace 2 años
O6gI0ooBM3E,UC8mJT9xUcwgEM1vaMaruysw,República TV,@República_tv,¿Cómo es el tráfico en Guatemala? 56 días perdidos cada año y una emergencia nacional,News & Politics,guatemala trafico,topic,"[""guatemala trafico""]",[],"Guatemala tiene un problema de movilidad que ya no puede esperar. Entre 3 y 5 horas diarias atrapadas en el tráfico. 56 días al año perdidos en el camino. No es una estadística — es tiempo de vida, productividad y futuro que el país está dejando ir.

Lo más grave no es que no exista solución. Es que el plan ya está. Y no se ejecuta.

Sebastián Siero, alcalde de Santa Catarina Pinula, Héctor Flores, gerente general de EMETRA, y Juan Carlos Zapata, director ejecutivo de FUNDESA, explican por qué la crisis de movilidad en Guatemala es una urgencia nacional — y qué está fallando para que nada cambie.
▶️ ¿Cuánto le cuesta el tráfico a Guatemala cada año?
▶️ ¿Qué dice el plan que nadie está ejecutando?
▶️ ¿Quiénes son los responsables de que nada cambie?

Ante esta problemática, República, FUNDESA y Cámara de Industria, organizan el República Summit Infraestructura 2026. Registrese aquí: https://eventos.republica.com/

📌 Más análisis sobre Guatemala en republica.com
📩 Suscríbete al newsletter: newsletters.republica.com
#Guatemala #Tráfico #Movilidad #CrisisNacional #EMETRA #FUNDESA #Infraestructura #GuatemalaUrgente #Republicast",16786,16818.0,2026-03-23T14:07:01-07:00,hace 5 meses
OXf_VvvyIDw,UCW_PHqwqCCalvQGOEsVU0jw,Concejales de Oposición - Muni Guate,@ConcejalesOposición,Municipalidad de Guatemala 31/08/2026,People & Blogs,Municipalidad de Guatemala,topic,"[""Municipalidad de Guatemala"", ""@MunicipalidaddeGuatemala-1551""]",[],,28,18.0,2026-09-01T05:57:31-07:00,hace 11 horas
OgOICSTSa7k,UCgItjn_ZWFWcv1MlpKIkqgQ,IDocumenta,@iDocumenta,¡DÉJAME VIVIR! GUATEMALA INTENSIFICA LA LUCHA CONTRA LA CACERÍA ILEGAL DE FAUNA SILVESTRE,News & Politics,@GobiernodelaRepublicadeGuatema,topic,"[""@GobiernodelaRepublicadeGuatema""]",[],"El Consejo Nacional de Áreas Protegidas (CONAP) impulsa la campaña “¡Déjame vivir, no me mates!”, con el objetivo de sensibilizar a la población sobre la importancia de proteger la fauna silvestre y prevenir la cacería y el tráfico ilegal de especies. 
@CONAP-consejonacional @GobiernodelaRepublicadeGuatema 
#noticias #nacionales #bienestar #cuidadoanimal #medioambiente #like #comenta #comparte #siguenos",6,6.0,2026-08-10T19:28:53-07:00,hace 3 semanas
OkXlHx0hx-8,UCRwA1NUcUnwsly35ikGhp0A,Noticias Telemundo,@noticias,EE.UU. envía a mexicanos deportados a Guatemala antes de su regreso a México | Noticias Telemundo,News & Politics,guatemala noticias,topic,"[""guatemala noticias""]","[""telemundo noticias"", ""noticias telemundo"", ""noticias telemundo de hoy"", ""noticias"", ""noticias en vivo"", ""telemundo"", ""noticias de ultima hora"", ""noticias de hoy"", ""ee uu deporta a miles de mexicanos a traves de guatemala"", ""mexico rechaza uso de guatemala como pais puente"", ""dhs acelera expulsiones de mexicanos por guatemala"", ""polemica por ruta de deportacion de ee uu a tapachula"", ""miles de deportados mexicanos quedan varados en guatemala""]","Video oficial de Noticias Telemundo. Desde abril, casi 2,300 mexicanos han sido enviados a Guatemala, según autoridades de ese país. Al llegar a Tapachula, muchos deben buscar cómo trasladarse a sus estados de origen. DHS justifica el uso de países “puente” para acelerar las expulsiones.

Descarga nuestra App:
https://telemundo.app.link/Mtq7sTKAUtb

SUSCRÍBETE: https://bit.ly/TLMDNoticiasYT

Noticias
Noticias Telemundo es un proveedor líder de noticias para los hispanos de EE.UU. Sus galardonados espacios de noticias, transmitidos desde Telemundo Center, incluyen los noticieros diarios ""Noticias Telemundo"" con Julio Vaqueiro; ""Noticias Telemundo Fin de Semana"", ""Noticias Telemundo Mediodía"" y ""Noticias Telemundo En La Noche"". El ""Equipo Digital de Noticias Telemundo"" ofrece contenido ininterrumpido para los hispanos de EE.UU. a través de sus crecientes plataformas móviles y en línea. ""Noticias Telemundo Investiga"" produce reportes investigativos y documentales en profundidad. ""Noticias Telemundo Planeta Tierra"" ofrece información relacionada con el medio ambiente y el cambio climático. Adicionalmente, ""Noticias Telemundo"" produce galardonados especiales de noticias, documentales y eventos noticiosos como debates políticos, asambleas ciudadanas y foros.

Telemundo
Es una empresa de medios de primera categoría, líder en la industria en la producción y distribución de contenido en español de alta calidad a través de múltiples plataformas para hispanos en los Estados Unidos y alrededor del mundo. La cadena ofrece producciones dramáticas originales de Telemundo Studios – el productor #1 de contenido en español de horario estelar – así como contenido alternativo, películas de cine, especiales, noticias y eventos deportivos de primer nivel, alcanzando el 94% de los televidentes hispanos en los Estados Unidos en 210 mercados a través de 17 estaciones propias y 57 afiliadas de TV abierta. Telemundo también es propietaria de WKAQ, una estación de televisión local que sirve Puerto Rico. Telemundo es parte de NBCUniversal Telemundo Enterprises, una división de NBCUniversal, una de las compañías líderes en el mundo de los medios y entretenimiento. NBCUniversal es una subsidiaria de Comcast Corporation.

SÍGUENOS EN X: https://twitter.com/telemundonews
DANOS ME GUSTA EN FACEBOOK: https://www.facebook.com/NoticiasTelemundo

#NoticiasTelemundo #Deportaciones #Frontera 

EE.UU. envía a mexicanos deportados a Guatemala antes de su regreso a México | Noticias Telemundo
https://www.youtube.com/noticias

Noticias, Telemundo, Noticias Telemundo de hoy, Telemundo Noticias, Noticias, Telemundo, Telemundo Noticias de hoy, Noticias Telemundo de hoy en vivo, Ultima hora, Noticias de hoy, Noticias de Ultima hora",14200,14200.0,2026-08-30T16:38:02-07:00,hace 23 horas
On7jqOm1bpg,UCAutgrPkiLhZxTB-Ujje1fw,CIV -Ministerio de Comunicaciones,@CIV_Guatemala,🌟Seguimos avanzando🌱,News & Politics,Ministerio de Comunicaciones Guatemala,official_gov,"[""Ministerio de Comunicaciones Guatemala""]",[],"🌟Seguimos avanzando🌱 

El #CIV está listo para mostrar lo que ha construido con bases sólidas. Seguimos avanzando en busca del desarrollo y la modernidad🙌. 

¡Espera este 14 de enero para ver el camino hacia un futuro mejor!. 🚜✨

 #AlgoSólidoEstáBrotando",10,10.0,2025-01-10T11:58:03-08:00,hace 1 año
Oy6sKBhduu4,UC_ONTY8RI6b-VqB-dhQ5qBQ,Camarita Castro GT,@camaritacastrogt,"Realizan Reunión Ordinaria de #CODEDE, 25 de febrero 2025.",People & Blogs,@GobiernodelaRepublicadeGuatema,topic,"[""@GobiernodelaRepublicadeGuatema""]",[],"Realizan Reunión Ordinaria de #CODEDE en el Segundo Nivel de Gobernación Departamental de #Jutiapa.

#DianitaHerreraZepeda 
‎@bernardoarevalogt
@GobiernodelaRepublicadeGuatema",84,84.0,2025-02-25T23:18:35-08:00,hace 1 año
Oztw_Hta52I,UC6ZUGqkstVjgNPvxtb90d8A,CHAPINISIMO,@angelvasquez7611,TRAFICO EN GUATEMALA,Entertainment,guatemala trafico,topic,"[""guatemala trafico""]",[],una descripción de como es el tránsito en cuida guatemala,2326,2326.0,2021-07-27T10:07:43-07:00,hace 5 años
PMaSDoG0H1U,UCMJ_FUWKr7PyXfvY55BdGZg,La Red 1061,@laredguatemala,¿Adiós al tráfico? Así es la nueva carretera Radial 6 para Guatemala,News & Politics,guatemala trafico,topic,"[""guatemala trafico""]","[""guatemala"", ""la red noticias"", ""la red 106.1"", ""noticias guatemala"", ""noticias de guatemala"", ""La Red 1061""]","¿Cansado del tráfico entre la Ciudad de Guatemala, San Lucas y Antigua Guatemala? En esta entrevista se analiza a fondo el proyecto de infraestructura Radial 6, impulsado a través de la ANADIE y la iniciativa Guatemala No Se Detiene.

Puntos clave de la entrevista:

¿Qué es la Radial 6? La propuesta vial diseñada como ruta alternativa para reducir la congestión en la carretera Interamericana y descongestionar el paso de vehículos hacia la capital.

Impacto directo: Beneficios para miles de conductores diarios y el impulso al turismo interno y comercio local al reducir tiempos de traslado.

Calidad y plazos: La importancia de realizar estudios técnicos sólidos con apoyo de la banca multilateral para garantizar una obra duradera y transparente.

Continuidad del proyecto: Estrategias legales y sociales para blindar las grandes obras de infraestructura frente a los cambios de gobierno.

Invitado: Lizardo Bolaños, Coordinador Técnico de Guatemala No Se Detiene.

🔔 ¡Suscríbete al canal, activa las notificaciones y déjanos tu comentario! ¿Consideras que la Radial 6 resolverá el problema del tráfico en la región metropolitana?",60,60.0,2026-08-19T10:38:21-07:00,hace 12 días
Pg1qw0KJI4E,UCEepOY2svuxbsJ-zsAPT9Fg,PrensaLibreOficial,@PrensaLibreOficial,"Surgen detalles de la masacre en Boca del Monte: madre de un bombero e influencer, entre víctimas",News & Politics,guatemala noticias,topic,"[""guatemala noticias""]","[""noticias Guatemala"", ""noticias Guatemala en vivo"", ""noticias última hora"", ""Guatemala""]","La investigación por la masacre ocurrida en Boca del Monte continúa mientras surgen nuevos detalles sobre las víctimas. Entre las siete personas fallecidas se encuentra María Eugenia Reyes Morales, madre del creador de contenido ""El Pako GT"". El ataque ocurrió durante la celebración de un cumpleaños

Imágenes e información: Bomberos Voluntarios y Maybaall Saucedo.

Lea más en Prensalibre.com
----------------------------
Busque más información de Guatemala y el mundo en  
https://www.prensalibre.com
https://www.facebook.com/prensalibregt
https://twitter.com/prensa_libre
https://www.instagram.com/prensa_libre
https://www.tiktok.com/@prensalibregt",20503,20503.0,2026-07-26T20:21:50-07:00,hace 1 mes
PjmxCj-a9Hg,UC-ZtFBHzgkYFh7whZkuR_Ag,Gobierno de la República de Guatemala,@GobiernodelaRepublicadeGuatema,Conferencia de Prensa del Gobierno de Guatemala. #LaRondaGt,Entertainment,@GobiernodeGuatemala,topic,"[""@GobiernodeGuatemala""]",[],Conferencia de Prensa del Gobierno de Guatemala. #LaRondaGt,3628,3628.0,2025-08-11T20:14:15-07:00,Transmitido hace 1 año
Q-MNTYsZgk4,UCE4rsXcgDb6e1-a9iTbWzfg,Quorum,@quorumgt,¿Qué ha pasado con la contaminación del aire?,News & Politics,@quorumgt/videos,channel,"[""@quorumgt/videos""]",[],Nuestros colegas de @ConCriteriogt entrevistaron a Pia Flores para conocer los avances en la investigación sobre los responsables de la contaminación del aire que está afectando a las y los vecinos en Villa Nueva y en zona 12 de la Ciudad de Guatemala.,45,,2025-07-28T08:10:17-07:00,
Q7j1OUxkn9w,UCmoP9Lvc92Bsl4Vu90kv9GQ,InfoGT Noticias,@infogtnoticias1325,Dañan puerta del área de parqueo del Congreso,People & Blogs,@quorumgt,topic,"[""@quorumgt""]",[],"Momento en que veteranos militares dañan portón del área de parqueo del Congreso de la República durante una manifestación el 19 de octubre de 2021. 
Video: @QuorumGT",4725,4725.0,2021-10-19T15:05:30-07:00,hace 4 a
Q7nhEeibBK4,UCbKjY2f2sGaghyrIeqjZvmg,ALIS MOLINA CREA,@ALISMOLINACREA,Desfile navideño 2024  -   @MunicipalidaddeGuatemala-1551,Entertainment,@MunicipalidaddeGuatemala-1551,topic,"[""@MunicipalidaddeGuatemala-1551""]",[],"GUATEMALA  18/11/2024Disfrutando de el desfile navideño realizado por Municipalidad de Guatemala en colonia el paraíso 2 zona 18 
@MunicipalidaddeGuatemala-1551 
Espero también les guste el video suscríbete

Tambien puedes disfrutar de otro de mis Videos 
https://www.youtube.com/watch?v=X9f6dDs6TTc



Video informativo 

https://youtu.be/BOnCsCMrnMU?si=cYOtyT9EZrtv-a8j",255,255.0,2024-11-19T19:32:49-08:00,hace 1 año
QUG4etpjgos,UCaivrAhro2BpsJdrPe-IyRg,Diario de Centro América,@dcaguatemala,Guatemala Habla sobre la seguridad en el país,News & Politics,guatemala seguridad,topic,"[""guatemala seguridad""]","[""Centroamérica"", ""Guatemala"", ""Noticias"", ""Nacionales"", ""Diario de Centro América"", ""Gobierno"", ""Recomendados"", ""Destacados""]","¿Qué estrategias está realizando el gobierno para brindar seguridad?

:::Diario de Centro América:::
http://dca.gob.gt",35,35.0,2024-08-09T16:45:29-07:00,hace 2 años
Qc_oHqe4Cjc,UCzwR2o8LFAgAMfO0KIcFh0A,CANALES ROBOS Y MENTIRAS 💰🧐,@robosymentiras,QUÉ GUARDAS EN LA CINTURA?  🔫🥕🥓🐷🤔@lilyvlogs6899 @ElJuanete1987 @Soychap1n @SimplementeFlori,People & Blogs,@GobiernodelaRepublicadeGuatema,topic,"[""@GobiernodelaRepublicadeGuatema""]","[""@Belén-s6f"", ""@elizabethmuñoz-y5k"", ""@sagrariobarbosa8398"", ""@gerardojb3051"", ""@maritzamachuca2719"", ""@delcydiaz8637"", ""@brigidalopez1688"", ""@mariacisneros2000"", ""@lupitahernandez7305"", ""@Janesky1203"", ""@centronuestrasradelrosario5801"", ""@blancaolivagrajalesgallon2695"", ""@barrerapatty1738"", ""@sofy024"", ""@juaniskay03"", ""@LaTíaBarbie"", ""@rhinaquinonez9603"", ""@heliamercanton4069"", ""@JuanitaRios-t8b"", ""@albaastorga8110"", ""@AnaAna-qb5rb"", ""@Davidchapin-fz7co@piliblanco738"", ""@La_fan_de_Timbavk"", ""@mariavalencia9351"", ""@Elia-e5f3p"", ""@milagrosdiaz7036"", ""@lucilaylossinar""]","‪ ‪30.000 Q DICES QUE CUESTA ESE PEPINO 🔫QUE TIENES EN EL LATERAL, QUE BIEN LE HABRIA VENIDO QUE SE LO DIERAS A LUCILA PARA SU CASA🏡 🏘 EN ESE TERRENO SIN ESCRITURAS A SI CUANDO LAS SUSCRIPTORAS SE DEN CUENTA QUE LES HAS ESTAFADO AL MENOS SABRAN QUE NO SOLO ELLAS APORTARON DE SU DINERO ¿NO CREEN? 

@mitoteandoconmoni   ‪‪@FUERZAMAYA    #davidchapin #estadosunidos  #guatemala  #noticias #canalesrobosymentiras
 #viral #viralvideo #viraltiktok #foryoupage  #fypシ゚viral   #sat #fypyoutube #fypp #mrcharlie #quechilero  #mpgtv 
#estafa #estadosunidos #guatemala #españa #salvador #mexico #todos ‪@‬ #sat #noticias #canalrobosymentiras 

 ‬  ‪@Lasverdadesdeuncamaron     ‪ ‪@elultimotren    ‪@MrCharly1   ‪    ‪ ‪@DAVIDCHAPIN10     ‪ ‪@Anas-de-guate     ‪@elprimomanolo9593‬          ‪@Maiti-h8p‬   ‪@CronosTime‬    ‪ ‪@soyflaco‬    ‪ ‪@noticias‬     ‪@univisionnoticias‬  ‪@univision‬    ‬ ‪ ‪@GobiernodelaRepublicadeGuatema‬    ‪ ‪@T13NoticiasGuatemala       ‪@lidiamoreno2319    ‪ ‪@MiltonDanielBarillasMonzon‬  ​  ‪@florianaserrano6302  ‪@VideosChapin‬    ‪@WilderJuracan‬  ⁨‪@procuraduriageneraldelanac5244 
 ⁨‪@MinisterioPúblicoGuatemalaCA‬    ⁨‪@TN23TodoNoticias‬    ⁨‪@pncguatemala9792     ⁨‪@pncdeguatemala9887‬   ‪@videosalochapin4241‬ @Canal3Guatemala @chapintv6574",2166,2166.0,2025-10-24T13:25:04-07:00,hace 10 meses
R-fRv_WoZOE,UC-ZtFBHzgkYFh7whZkuR_Ag,Gobierno de la República de Guatemala,@GobiernodelaRepublicadeGuatema,Conferencia de Prensa del Gobierno de Guatemala. #LaRondaGT,Entertainment,@GobiernodeGuatemala,topic,"[""@GobiernodeGuatemala""]",[],Conferencia de Prensa del Gobierno de Guatemala. #LaRondaGT,1284,1284.0,2025-11-10T19:48:09-08:00,Transmitido hace 9 meses
RIpKKQh26cg,UCt5Dw7ePnn0AqPqRF8Xpjkw,TN23 Guatemala,@TN23TodoNoticias,Ejército de Guatemala descubre túnel para fuga masiva en penal de Pavón,News & Politics,guatemala noticias,topic,"[""guatemala noticias""]","[""Actualidad"", ""ChapinTV"", ""Ejército de Guatemala"", ""Fuga masiva"", ""Guatemala"", ""Noticias"", ""Noticias de Guatemala"", ""Pavón Guatemala"", ""Programa completo"", ""Sistema penitenciario"", ""TN23 Estelar"", ""Túnel en cárcel"", ""TN23"", ""información"", ""noticias""]","Las autoridades hallaron un túnel en construcción dentro del sistema penitenciario de Pavón que pretendía facilitar una fuga masiva de reos. El descubrimiento se produjo durante una requisa del Ejército de Guatemala que contabilizó a toda la población reclusa.  

El túnel aún no tenía orificio de salida, pero se encaminaba hacia la malla perimetral del centro de privación de libertad. El director del sistema penitenciario ingresó al recinto para recibir el informe y luego ofrecer una conferencia de prensa con los detalles. 

El Ejército detectó la construcción mediante labores de inteligencia tras requisas continuas realizadas en los últimos meses. La conferencia de prensa contará con la presencia de agencias internacionales y medios de comunicación nacionales.",29782,29782.0,2026-08-26T16:00:06-07:00,hace 5 días
RjG-y7Y2-k4,UCaivrAhro2BpsJdrPe-IyRg,Diario de Centro América,@dcaguatemala,#EnVivoDCA | Conferencia de prensa del Gobierno de Guatemala,News & Politics,Gobierno de Guatemala,topic,"[""Gobierno de Guatemala""]",[],"Conferencia de prensa del Gobierno de Guatemala, La Ronda",239,239.0,2026-04-21T00:14:15-07:00,Transmitido hace 4 meses
Rk-3ks9mh3o,UCAutgrPkiLhZxTB-Ujje1fw,CIV -Ministerio de Comunicaciones,@CIV_Guatemala,CIV ✔️ garantiza transparencia 🔍 y rendición de cuentas📝,News & Politics,Ministerio de Comunicaciones Guatemala,official_gov,"[""Ministerio de Comunicaciones Guatemala""]",[],"El Ministerio de Comunicaciones, Infraestructura y Vivienda #CIV ✔️ garantiza transparencia 🔍 y rendición de cuentas📝en la recuperación de la red vial🛣️ 🚧. Cada centavo 💵 será invertido en tecnología avanzada 🏗️ y puentes Bailey 🌉, en proyectos que beneficien a la población, asegurando una gestión eficiente 📊 📁 👷‍♂️ y honesta de los recursos✍.",21,21.0,2024-07-09T11:35:29-07:00,hace 2 años
ShYWqmOpjFk,UCrAoF9-9Vvb9_zK0t-m2Rhg,La Hora,@lahoragt,Ministro de Comunicaciones reitera sobre avances en ruta Palín-Escuintla,News & Politics,Ministerio de Comunicaciones Guatemala,official_gov,"[""Ministerio de Comunicaciones Guatemala""]",[],"El titular del Ministerio de Comunicaciones, Infraestructura y Vivienda (CIV), Miguel Ángel Díaz Bobadilla, dio a conocer los avances acerca de los trabajos en el kilómetro 44 de la ruta Palín, Escuintla, así como otros proyectos en la zona.

Puedes seguirnos:
Web | https://lahora.gt
Facebook | https://www.facebook.com/lahoraguatemala
Twitter | https://twitter.com/lahoragt
Instagram | https://www.instagram.com/lahora.gt/
LinkedIn | https://www.linkedin.com/company/lahora/
____

La Hora en Minutos
Puedes formar parte de nuestra comunidad y recibir el resumen del día: https://lahora.gt/suscribete/",242,242.0,2025-01-20T09:24:09-08:00,hace 1 año
SryjaiL2B4Q,UCaivrAhro2BpsJdrPe-IyRg,Diario de Centro América,@dcaguatemala,#EnVivoDCA | Conferencia de prensa del Gobierno de Guatemala,News & Politics,Gobierno de Guatemala,official_gov,"[""Gobierno de Guatemala""]",[],"Conferencia de prensa del Gobierno de Guatemala, La Ronda",352,352.0,2026-06-16T00:41:24-07:00,Transmitido hace 2 meses
THY2YBne3QE,UCECJDeK0MNapZbpaOzxrUPA,Luisito Comunica,@luisitocomunica,"Los ALUCINANTES autobuses de Guatemala | ""Burras""",Comedy,guatemala transporte,topic,"[""guatemala transporte""]","[""luisitocomunica"", ""luisitocomunicaa"", ""luisito comunica"", ""luisito comunicaa"", ""luisito"", ""comunica"", ""comunicaa"", ""autobus"", ""autobuses"", ""guatemala"", ""tranrporte"", ""publico"", ""burras"", ""ciudad de guatemala"", ""reportaje"", ""documental"", ""documentary""]","Las ""burras"" de Guatemala son toda una cultura.

- Música https://soundcloud.com/elbarba/transpira-la-manteca-elbarba
* Used under a Creative Commons License granted through Soundcloud https://creativecommons.org/licenses/by/3.0/ / Utilizadas bajo una licencia Creative Commons otorgada a través de Soundcloud https://creativecommons.org/licenses/by/3.0/

¡SUSCRÍBETE!

- Twitter https://www.twitter.com/LuisitoComunica
- Facebook http://www.facebook.com/LuisitoComunica
- Instagram http://www.instagram.com/LuisitoComunica",8190449,8190449.0,2019-07-31T14:00:02-07:00,hace 7 años
TSID63-IC3Y,UCuKuUrmHoNaJJHE27Aac9PQ,PROVIAL-CIV,@ProvialOficial_CIV,Operativo Relámpago de -PROVIAL - DGT - DIACO -  en 41 Calle Zona 8 de la ciudad Capital.,People & Blogs,Provial Guatemala,official_gov,"[""Provial Guatemala""]",[],"El gobierno de Guatemala a través de -PROVIAL- y -DGT- del Ministerio de Comunicaciones Infraestructura y Vivienda en conjunto con Dirección de Atención y Asistencia Al Consumidor -DIACO- informan, que debido al compromiso de velar por la seguridad de los usuarios del transporte público, se realizó Operativo relámpago en la 41 calle zona 8 de la ciudad capital, lugar donde se encuentra, parada de trasporte extraurbano, con destino a diferentes puntos del país. Estos operativos se aumentarán durante el mes de diciembre 2022 en puntos estratégicos de las principales rutas nacionales.

-PROVIAL- hace un llamado a la población, para que denuncien cualquier irregularidad, llamando al número 1520, centro de llamadas para información, consultas, emergencias de tránsito o inconvenientes en rutas del país.
PROVIAL, Proteger y servir.",332,332.0,2022-12-21T08:21:20-08:00,hace 3 años
TT4qJ5FXHYE,UCE4rsXcgDb6e1-a9iTbWzfg,Quorum,@quorumgt,"I’x K’at: el primer equipo guatemalteco de pelota maya, conformado únicamente por mujeres.",News & Politics,@quorumgt/videos,channel,"[""@quorumgt/videos""]",[],"Una joven maestra decidió romper prejuicios y formar el primer equipo femenino de pelota maya. Sin apoyo del gobierno, la práctica del deporte se convirtió en una forma de empoderamiento y de rescatar la herencia milenaria de la comunidad.",1075,,2022-08-03T05:53:55-07:00,
TTijnAoFnzY,UCq0Cm-3SKthEySQc2JZBi1A,T13 Noticias Guatemala,@T13NoticiasGuatemala,Conred reprograma simulacro nacional para el 24 de febrero,News & Politics,Conred Guatemala,official_gov,"[""Conred Guatemala""]","[""Actualidad"", ""CONRED"", ""Canal 3"", ""Chapin TV"", ""Guatemala"", ""INSIVUMEH"", ""Noticias de Guatemala"", ""Noticiero"", ""Simulacro nacional"", ""Sismos"", ""T13 Noticias"", ""prevención"", ""T13"", ""noticias"", ""información""]","El ejercicio simulará tres fases: sismo premonitor, movimiento principal y réplicas.",200,200.0,2026-02-19T20:30:17-08:00,hace 6 meses
TXlMv6bt25w,UCEepOY2svuxbsJ-zsAPT9Fg,PrensaLibreOficial,@PrensaLibreOficial,"Más de 42 mil afectados por lluvias en Guatemala; Conred reporta 1,046 emergencias",News & Politics,guatemala lluvias,topic,"[""guatemala lluvias""]","[""noticias Guatemala"", ""noticias Guatemala en vivo"", ""noticias última hora"", ""Guatemala""]","Hasta este jueves 6 de agosto, la Coordinadora Nacional para la Reducción de Desastres (Conred) reporta 1,046 emergencias atendidas y 42,986 personas afectadas por la temporada de lluvias 2026.
Conozca cuáles son los departamentos más afectados.

Lea más en Prensalibre.com
----------------------------
Busque más información de Guatemala y el mundo en  
https://www.prensalibre.com
https://www.facebook.com/prensalibregt
https://twitter.com/prensa_libre
https://www.instagram.com/prensa_libre
https://www.tiktok.com/@prensalibregt",2294,2294.0,2026-08-06T11:38:44-07:00,hace 3 semanas
TnZGNY1RsJE,UCuc8l25EFE17DV8dD64d2AQ,HeX4EveR,@Real_HeX4EveR,Festival navideño 2025 @MunicipalidaddeGuatemala-1551,People & Blogs,@MunicipalidaddeGuatemala-1551,topic,"[""@MunicipalidaddeGuatemala-1551""]",[],,148,148.0,2026-08-10T12:38:27-07:00,Transmitido hace 9 meses
UDFS8gl80h8,UC6SA1dVHvAkc6yNS_t5cbGw,Conred,@Conred_GT,#AprendeConCONRED qué es el Sistema CONRED y quienes lo conforman.,Education,Conred Guatemala,official_gov,"[""Conred Guatemala""]",[],¡La prevención es tarea de todos!,521,521.0,2025-07-14T13:34:26-07:00,hace 1 año
UTf26hS1UJ8,UCuKuUrmHoNaJJHE27Aac9PQ,PROVIAL-CIV,@ProvialOficial_CIV,🚦💙 PROVIAL: Proteger y Servir,Education,Provial Guatemala,official_gov,"[""Provial Guatemala""]",[],"Ahora, con más vehículos y la XX Promoción de nuevas brigadas, fortalecemos nuestra capacidad de atención y seguimos formando líderes comprometidos con la seguridad vial.

Porque capacitar salva vidas, seguimos creciendo para brindarte un servicio más cercano, eficiente y seguro.

Somos PROVIAL, Proteger y Servir.

#SeguridadVial #PROVIAL #BrigadasQueProtegen #TránsitoSeguro #CapacitarSalvaVidas",38,38.0,2025-11-07T14:15:44-08:00,hace 9 meses
UcvHq8j-J38,UCJJ071vIw7Bu8lJmXfiVrKw,Ministerio de Finanzas Públicas Guatemala,@Minfin-GT,"Ministerio de Comunicaciones, Infraestructura y Vivienda y los Consejos de Desarrollo",News & Politics,Ministerio de Comunicaciones Guatemala,official_gov,"[""Ministerio de Comunicaciones Guatemala""]",[],Video Spot 4,222,222.0,2024-12-04T07:40:26-08:00,hace 1 año
UhL9y3KUl8E,UCE4rsXcgDb6e1-a9iTbWzfg,Quorum,@quorumgt,SHAI WA: la vecina queer de Casa Presidencial,News & Politics,@quorumgt/videos,channel,"[""@quorumgt/videos""]",[],"El Centro Histórico de la ciudad de Guatemala conserva entre sus calles y avenidas expresiones de religiosidad, símbolos de poder político, arquitectura art déco y un lado queer que, contra todo pronóstico, desafía al conservadurismo impregnado en la sociedad. 

En la esquina de la sexta avenida y quinta calle se ubica una casa amarilla, que con los años se ha convertido en un espacio seguro para la comunidad LGBTIQ. Colinda con la Casa Presidencial, a pocos metros del Palacio Nacional de la Cultura.

Durante una noche nos sumergimos en ese epicentro de charlas, convivencias y diversión que recibe a la población diversa de Guatemala sin prejuicios.  El nombre de esta “vecina” la componen dos palabras orientales, suficientes para identificarla entre los restaurantes y lugares de ocio de la zona 1: “Shai Wa”.",1755,,2023-02-10T12:33:59-08:00,
UzeOcBM9cuU,UC6SA1dVHvAkc6yNS_t5cbGw,Conred,@Conred_GT,Conred Podcast Episodio 04: Amenaza sísmica y volcánica en Guatemala,Education,Conred Guatemala,official_gov,"[""Conred Guatemala""]",[],"🎙️ En nuestro nuevo episodio del podcast SE-CONRED, conversamos junto a INSIVUMEH sobre:

✔️ ¿Por qué Guatemala es un país sísmico y volcánico? 🌋

🔎 Informarse es el primer paso para actuar con prevención.

¡La Prevención es tarea de Todos!",127,127.0,2026-03-10T17:33:15-07:00,hace 5 meses
VfBrLONPnFM,UCDfEVbDrimcKw5lfbps915g,De todo Gt,@detodogt,ME quité el MIEDO de viajar en los buses de GUATEMALA 🔥,People & Blogs,guatemala transporte,topic,"[""guatemala transporte""]",[],"En este video me atreví a hacer algo que siempre me dio miedo: viajar en los famosos buses de Guatemala. 🚍 Lo que comenzó como una simple travesía terminó convirtiéndose en una aventura peligrosa, llena de emociones, risas, sustos y hasta un momento en el que ¡olvidamos a mi amigo en el camino! 😱

Todo esto lo hice con un solo objetivo: llegar a un lugar donde se celebra una tradición única en Guatemala que muy pocos conocen. Durante el viaje, sentí nervios, incertidumbre y adrenalina… pero también descubrí el verdadero espíritu de viajar en bus como lo hacen miles de guatemaltecos todos los días.

¿Vale la pena superar el miedo? ¿Es realmente peligroso viajar en bus por Guatemala?

🔥 ¡Acompañame en esta experiencia real, chapina y llena de sorpresas!

#BusesDeGuatemala #AventuraChapina #TradicionesDeGuatemala #ViajarPorGuatemala #GuatemalaReal #BusesRojos #TurismoGuatemala #MiedoSuperado #DeTodoGT",329489,329474.0,2025-08-06T18:55:10-07:00,hace 1 año
VgcpKa1h_2Q,UC_nkMVSKgO9PeEaZ3LbPodg,21KMuniGuate,@21KMuniGuate,CONQUISTA LA CIUDAD / 21K BAM de la Municipalidad de Guatemala,Sports,Municipalidad de Guatemala,topic,"[""Municipalidad de Guatemala""]","[""carrera"", ""maratón"", ""media maratón"", ""guatemala"", ""ciudad de guatemala"", ""21k"", ""21k de la muni"", ""muni"", ""arzú"", ""carreras"", ""atletismo"", ""21k bam de la muni"", ""municipalidad"", ""alvaro arzú"", ""capital"", ""deporte"", ""conquista la ciudad"", ""#21kmuniguate""]","comercial de la edición 2014 de los 21K BAM de la Municipalidad de Guatemala.
Producción de TVR HD.",3110,3110.0,2014-08-04T13:18:37-07:00,hace 12 años
VuIl4tjeKGQ,UCXa6LVjBzUtmcM3cwbd9e2w,Municipalidad de Guatemala,@MunicipalidaddeGuatemala-1551,La ciudad sigue modernizándose para ti y tu familia.,News & Politics,Municipalidad de Guatemala,official_gov,"[""Municipalidad de Guatemala""]","[""Ricardo"", ""Quiñónez"", ""Administración"", ""Alcalde"", ""Alcaldía"", ""Alcaldías"", ""Municipalidad"", ""Municipal"", ""Muni"", ""Cumple"", ""Equipo"", ""Transparencia"", ""Servicios"", ""Servir"", ""Servidor"", ""Público"", ""Pasión"", ""Todos"", ""Somos"", ""La"", ""Ciudad"", ""Del"", ""Futuro"", ""Para"", ""Vivir""]",#MuniGuate #InnovamosParaTi #UnaCiudadParaCrecer,39168,39168.0,2023-05-15T08:16:11-07:00,hace 3 años
W415t12o3DA,UCt5Dw7ePnn0AqPqRF8Xpjkw,TN23 Guatemala,@TN23TodoNoticias,Mujer con crisis nerviosa tras intento de asalto,News & Politics,guatemala noticias,topic,"[""guatemala noticias""]","[""Actualidad"", ""ChapinTV"", ""Guatemala"", ""Noticias"", ""Noticias de Guatemala"", ""TN23 Matutina"", ""asalto"", ""ataque armado"", ""zona 10"", ""TN23"", ""información"", ""noticias"", ""mujer con crisis nerviosa""]",Interceptaron a la víctima en la zona 10 de Guatemala.,4737,4727.0,2026-08-25T14:06:48-07:00,hace 6 días
WIUZtitfLRw,UCE4rsXcgDb6e1-a9iTbWzfg,Quorum,@quorumgt,Caminar en una ciudad hecha para carros,News & Politics,@quorumgt/videos,channel,"[""@quorumgt/videos""]",[],"🚗 Caminar por la #CiudaddeGuatemala es un reto de sobrevivencia. ¿Por qué? Porque la infraestructura prioriza a los #carros antes que a las personas.

🫱 Seguí en nuestras redes #ElAtasco, nuestra cobertura sobre #movilidad. Si aún no lo has hecho, entrale al test para ver qué tan caminable es tu barrio: https://ds8l19rhon2.typeform.com/elatasco

↗️ Identifiquemos y hablemos sobre los problemas para empezar a buscar soluciones.",422,,2024-11-20T17:15:06-08:00,
WQcgx8rs0Qo,UCH1AYkCs1GpNK_xUwFYTsaQ,Cronos Time GT,@CronosTime,"PMT SE BURL4 DE UN MOTORISTA D1SC4PACIT4D0, DISCULPESE POR FAVOR VILLA NUEVA, GUATEMALA.",Education,PMT Guatemala,official_gov,"[""PMT Guatemala""]","[""guatemala"", ""guate"", ""guatemala city"", ""cronos time gt"", ""cronos"", ""time"", ""cronostimegt"", ""noticias guatemala"", ""noticias gt"", ""pmt"", ""pmt guatemala"", ""pmt villa nueva"", ""villa nueva"", ""villanueva"", ""villanuevaguatemala"", ""videos chapin"", ""videosguatemala""]","PMT SE BURL4 DE UN MOTORISTA D1SC4PACIT4D0, DISCULPESE POR FAVOR VILLA NUEVA, GUATEMALA...


Facebook: https://www.facebook.com/CronosTime2
Instagram: https://www.instagram.com/cronostimegt/
Twitter: https://twitter.com/CronosTime4


by: El Espectador Guatemala / Creative community

                                International Attribution

–––––––––––––––– Daylight (instrumental) de RYYZNhttps://soundcloud.com/ryyzn Creative Commons — Attribution 3.0 Unported — CC BY 3.0 Descarga gratuita / Transmisión:https://bit.ly/3JifOId Música promovida por Audio Libraryhttps://youtu.be/sm3bb34UqCo


––––––––––––––––––––––––––––––
Ice Flow by Kevin MacLeod http://incompetech.com
Creative Commons — Attribution 4.0 International — CC BY 4.0
Free Download / Stream: https://bit.ly/ice-flow
Music promoted by Audio Library   
 • Ice Flow – Kevin ...  
––––––––––––––––––––––––––––––
🎵 Track Info:
Title: Ice Flow by Kevin MacLeod
Genre and Mood: Hip Hop & Rap + Dark
———
🎧 Available on: 
YouTube:   
 • Ice Flow  
iTunes: https://music.apple.com/us/album/ice-...
Incompetech: http://goo.gl/U1OgOP

#guatemala #GUATE #conostimegt #noticiasguatemala",1861,1861.0,2026-06-26T12:20:11-07:00,hace 2 meses
WXA2Apo79jA,UCAutgrPkiLhZxTB-Ujje1fw,CIV -Ministerio de Comunicaciones,@CIV_Guatemala,Resumen de atención a Emergencias CIV,News & Politics,Ministerio de Comunicaciones Guatemala,official_gov,"[""Ministerio de Comunicaciones Guatemala""]",[],"Resumen de atención a Emergencias CIV
El Ministerio de Comunicaciones Infraestructura y Vivienda #CIV, ha respondido a 283 emergencias debido a las lluvias en Guatemala.
🚧🌧️ Dirección General De Caminos -Caminos-, COVIAL (Unidad Ejecutora de Conservación Vial) y Fondo Social de Solidaridad - CIV han trabajado, desde limpiar derrumbes hasta proteger nuestras carreteras, comprometidos con tu seguridad. 🚗🛣️🛠️
¡Seguimos adelante! 💪🇬🇹",29,29.0,2024-08-26T09:29:25-07:00,hace 2 años
WXgGL9rZUHo,UCaivrAhro2BpsJdrPe-IyRg,Diario de Centro América,@dcaguatemala,#EnvivoDCA | Conferencia de prensa del Gobierno de Guatemala,News & Politics,Gobierno de Guatemala,topic,"[""Gobierno de Guatemala""]",[],Conferencia de prensa del Gobierno de Guatemala,190,190.0,2026-03-05T07:37:25-08:00,Transmitido hace 5 meses
XLkVzqqL34Q,UCkXkEfAaEGxUaIT6TBBkwMw,One Life,@onelife5106,Nueva Mega Autopista Xochi en Guatemala 🇬🇹 ¿Vale la pena? (Te ahorra hasta 3 horas),Entertainment,guatemala trafico,topic,"[""guatemala trafico""]","[""one life"", ""one life guatemala"", ""call me jorge"", ""call me jorgre viajes"", ""call me jorge vlogs"", ""como"", ""es"", ""guatemala"", ""a si es guatemala"", ""guatemala city"", ""vlog"", ""vlog en guatemala"", ""antigua"", ""mayas"", ""antigua guatemala"", ""panajachel"", ""proceciones"", ""comida de guatemala"", ""shucos"", ""churrasco"", ""comida callejera guatemalteca"", ""refrescos"", ""chapines"", ""chapin"", ""gerson martinez"", ""mefi martinez"", ""caminal juyu"", ""caminando por guate"", ""lugares para visitar en gustemala"", ""volcanes de guatemala"", ""guate""]","¡Probamos la NUEVA AUTOPISTA XOCHI en Guatemala! 🇬🇹🚧

En este video te muestro cómo será esta mega obra que conecta desde el km 141 hasta el km 170, con más de 31 kilómetros de carretera moderna que promete ahorrarte entre 2:30 a 3 horas de tráfico 😱

¿Vale la pena pagar el peaje? 💰
El costo estimado va desde Q5 hasta Q30 dependiendo del tramo, pero el tiempo que te ahorras puede hacer toda la diferencia si vas rumbo a Retalhuleu, IRTRA o la costa sur.

Grabé tomas con dron 📸, recorrí la zona y te explico todo lo que necesitas saber antes de usar esta nueva ruta.

👉 Ideal para viajeros, familias y creadores que van hacia:
- IRTRA Retalhuleu 🎢
- Playas del Pacífico 🌊
- Costa Sur de Guatemala

🔥 ¿Tú la usarías? Déjamelo en los comentarios

📍 Sígueme para más contenido de Guatemala:
One Life 🌎

#AutopistaXochi #Guatemala #Infraestructura #Retalhuleu #IRTRA #ViajesGuatemala

autopista xochi
xochi guatemala
nueva autopista guatemala
carretera cocales reu
autopista retalhuleu
infraestructura guatemala 2026
irtra como llegar
ruta a retalhuleu sin trafico
carreteras guatemala nuevas
viajar a reu rapido
guatemala travel vlog
one life guatemala
autopista peaje guatemala
costa sur guatemala carretera
xochi autopista costo

#Guatemala #AutopistaXochi #Reu #IRTRA #ViajesGT #Infraestructura #OneLife #Cocales #retalhuleu 

PATREON
ya puedes apoyar este canal suscribete a mi pagina de patreon pra recibir muchos beneficios y estaré muy agradecido y podré mejorar el equipo de grabación bendiciones amigos
🙏👍👉 https://bit.ly/3eU5ZSv",44510,44514.0,2026-04-08T16:40:14-07:00,hace 4 meses
XVZM15KVXjM,UC6SA1dVHvAkc6yNS_t5cbGw,Conred,@Conred_GT,Conoce sobre la actualización de la Norma para la Reducción de Desastres número 2 (NRD2).,Education,Conred Guatemala,official_gov,"[""Conred Guatemala""]",[],"La Secretaría Ejecutiva de la CONRED informa a la población sobre la actualización de la Norma para la Reducción de Desastres número 2 (NRD2).
ANAM Guatemala",267,267.0,2025-12-23T07:48:19-08:00,hace 8 meses
X_FAIef8qlE,UCE4rsXcgDb6e1-a9iTbWzfg,Quorum,@quorumgt,Cruzando la ciudad a puro Transmetro,News & Politics,@quorumgt/videos,channel,"[""@quorumgt/videos""]","[""#transmetro #ciudaddeguatemala #muniguate #zona18 #centrasur""]","🚌 Un reto que en teoría debería ser sencillo: atravesar la ciudad de Guatemala en Transmetro. @moiete se aventó el viaje. Contanos:

🤔 ¿Cómo es tu experiencia usando el Transmetro? ¿Qué crees que necesita mejorar?",1140,,2025-10-03T14:42:06-07:00,
XktDG8dmcd0,UCT4Jg8h03dD0iN3Pb5L0PMA,DW Español,@dwespanol,Torrenciales lluvias dejan decenas de muertos y miles de evacuados,News & Politics,guatemala lluvias,topic,"[""guatemala lluvias""]","[""DW Español"", ""DW"", ""Deutsche Welle"", ""DW Español noticias"", ""DW noticias"", ""Guatemala"", ""desbordamiento"", ""río El Naranjo"", ""muertos"", ""desaparecidos"", ""cambio climático"", ""tragedia"", ""dw noticias""]","En Guatemala, la temporada de lluvias ha dejado un devastador saldo: 29 fallecidos, más de dos millones de afectados y  10.000 evacuados, con graves daños en la infraestructura. Se suma una tragedia en el asentamiento ""Dios es Fiel"", donde varias personas perdieron la vida y 14 aún están desaparecidas.",5171,5171.0,2023-09-26T17:45:02-07:00,hace 2 años
YJohmVLc9QA,UCCM52vmXEcGzRlYyjP47PPg,Chris & Grace,@theroamingrosses,How to Get Around Guatemala: Complete Transportation Guide (2026),Travel & Events,guatemala transporte,topic,"[""guatemala transporte""]","[""living in guatemala as americans"", ""travel couple guatemala"", ""intentional travel"", ""guatemala travel vlog"", ""cultural travel stories"", ""travel creators from usa"", ""honest travel vlogs"", ""expat life guatemala"", ""beginner content creators"", ""unscripted travel"", ""deep travel experiences"", ""real travel stories"", ""authentic travel couple"", ""local-focused travel"", ""travel for connection"", ""slow living abroad"", ""the roaming rosses"", ""travel vlog"", ""slow travel"", ""traveling with a dog"", ""central america travel"", ""travel""]","Planning a trip to Guatemala and not sure how to get around? In this video, we share a complete breakdown of transportation options in 2025—from our own experience traveling around the country.

We cover what it’s really like using public and private shuttles, tuk-tuks, lanchas (boat taxis), chicken buses, and Ubers. Whether you're heading to Lake Atitlán, Antigua, or beyond, we talk about what’s reliable, what’s budget-friendly, and what to expect in terms of comfort and safety.

🚙 In this guide, we cover:

The difference between public vs. private shuttles

How tuk-tuks work and where you’ll find them

What to know before taking a lancha

Tips for riding the famous chicken buses

Where Ubers are available (and where they’re not)

If you're planning your route or just want to know what to expect on the ground, we hope this helps make your travels a little smoother.

Let us know in the comments if you’ve got questions—we’re happy to help!

#GuatemalaTravel #backpackingguatemala #centralamericatravel #slowtravel

Our Mission:
We travel to connect, not just to consume. Our goal is to explore the heart of every place we visit by supporting local communities, learning through culture, and sharing honest stories along the way. We believe in slow travel, responsible choices, and leaving every destination a little better than we found it. We are not scripted. We make mistakes. We don't claim to be professional film-makers, but we are professional lovers of life. Subscribe and roam with us SLOWLY through this big, open world 🌍",3897,3897.0,2025-06-10T12:03:11-07:00,hace 1 año
YLFXK2c60Xc,UCE4rsXcgDb6e1-a9iTbWzfg,Quorum,@quorumgt,Por estas razones el 65% de las denuncias por violación en Guatemala nunca llega a un tribunal,News & Politics,@quorumgt/videos,channel,"[""@quorumgt/videos""]",[],"Cada año más de 10 mil mujeres denuncian haber sufrido una violación sexual en Guatemala. Solo en 4 de cada 10 casos hay sentencia. En el 30% de los casos, ante la falta de pruebas o la deficiente investigación, el acusado es declarado inocente. Puedes leer el reportaje en este enlace https://bit.ly/3mDttlk",200,,2021-08-26T17:04:34-07:00,
YSsECnqTVik,UC8u2nvyHewt-mjdWSj0HJmQ,Ministerio de Gobernación,@mingobguate,Suscriben convenios para transferencia de fondos a CAIMUS y entidades especializadas,News & Politics,Ministerio de Gobernacion Guatemala,official_gov,"[""Ministerio de Gobernacion Guatemala""]","[""Ministerio"", ""de"", ""Gobernación"", ""Guatemala""]","-  Ministerio de Gobernación, Comunicación Social, Audiovisuales",15,15.0,2026-08-24T08:15:01-07:00,hace 7 días
ZHJoIah2Owo,UC6SA1dVHvAkc6yNS_t5cbGw,Conred,@Conred_GT,Conoce como funciona el Sistema Conred  #laprevenciónestareadetodos,Education,Conred Guatemala,official_gov,"[""Conred Guatemala""]",[],,182,182.0,2025-07-19T13:00:19-07:00,hace 1 año
ZNwStkzWgso,UC_lEiu6917IJz03TnntWUaQ,CNN en Español,@cnnee,Elección judicial en Guatemala: Astrid Lemus y Luis Bermejo electos para corte de constitucionalidad,News & Politics,guatemala politica,topic,"[""guatemala politica""]","[""CNN en Español"", ""Noticias en español"", ""noticias"", ""news"", ""CNN"", ""Guatemala"", ""Elección judicial"", ""Astrid Lemus"", ""Luis Bermejo""]","Guatemala realiza el proceso de elección de los integrantes para la Corte de Constitucionalidad para el periodo 2026-2030. Este lunes, la Fiscal General Consuelo Porras, quien enfrenta sanciones de Estados Unidos por considerarla ""corrupta"", perdió la elección en la que una universidad pública designó a dos de los 10 magistrados de la máxima corte del país, aunque podría volver a postularse. Fueron elegidos Astrid Jeannete Lemus Rodríguez como magistrada titular y Luis Fernando Bermejo Quiñónez como magistrado suplente. El tema lo analizó Carlos Ayala, jefe de la Misión Especial para el Fortalecimiento de la Institucionalidad Democrática en Guatemala de Organización de los Estados Americanos (OEA) en Perspectivas.

#guatemala 

*-*-*-*-*-*-*-*-*-*-*-*-*-*-*-*-*-*-*-*-*-*-*-*

🔔
Suscríbete: youtube.com/@cnnee
Shorts: youtube.com/@cnnee/shorts

📲
WhatsApp Channel: https://cnn.it/486yW9w
Facebook: https://facebook.com/cnnee
X: https://x.com/CNNEE
Instagram: https://instagram.com/cnnee
TikTok: https://tiktok.com/@cnnee
Threads: https://threads.com/@cnnee

🌐
Nuestro sitio: https://cnne.com/",24636,24636.0,2026-02-16T16:43:11-08:00,hace 6 meses
ZPBiWdHXg20,UCEepOY2svuxbsJ-zsAPT9Fg,PrensaLibreOficial,@PrensaLibreOficial,Piloto de tráiler accidentado en ruta al Atlántico era un menor y murió en el lugar,News & Politics,guatemala noticias,topic,"[""guatemala noticias""]","[""noticias Guatemala"", ""noticias Guatemala en vivo"", ""noticias última hora"", ""Guatemala""]","Las autoridades y los Bomberos Municipales Departamentales confirmaron que el piloto del tráiler involucrado en el accidente del kilómetro 115 de la ruta al Atlántico era un adolescente de 16 años, quien murió en el lugar. El percance también dejó otra persona fallecida, provocó el cierre de la carretera durante varias horas

Lea más en Prensalibre.com
----------------------------
Busque más información de Guatemala y el mundo en  
https://www.prensalibre.com
https://www.facebook.com/prensalibregt
https://twitter.com/prensa_libre
https://www.instagram.com/prensa_libre
https://www.tiktok.com/@prensalibregt",233632,233632.0,2026-07-04T10:17:15-07:00,hace 1 mes
ZS74P3DnykA,UCHsYnV67K3J0yJ4QeciVCww,PNCdeGuatemala,@PNCdeGuatemala,"Policía Nacional Civil gradúa 3,978 nuevos agentes",News & Politics,Policia Nacional Civil Guatemala,official_gov,"[""Policia Nacional Civil Guatemala""]","[""PNC GUATEMALA"", ""CRIMEN ORGANIZADO PNC"", ""REPORTAJES PNC"", ""NOTICIAS PNC"", ""DIPRONA PNC"", ""CAPTURAS PNC"", ""PREVENCION DEL DELITO PNC"", ""AGENTES PNC"", ""PROGRAMAS SOCIALES PNC"", ""ATENCION A LA VICTIMA PNC"", ""GAR PNC"", ""LOBOS GRILL PNC"", ""MUSEOS PNC"", ""ACADEMIA PNC"", ""K-9 PNC"", ""DEIC PNC"", ""GRUPO DE ACCION INMEDIATA PNC"", ""FEP PNC"", ""DISETUR PNC"", ""EXPLOSIVOS PNC"", ""GRADUACIONES"", ""NUEVOS AGENTES""]","El Parque Erick Barrondo fue el escenario de la graduación de 3 mil 978 nuevos agentes de Policía Nacional Civil, quienes durante más de 11 meses recibieron toda la capacitación en temas como protección y defensa de los derechos humanos, investigación policial, armamento y tiro, defensa personal, primeros auxilios, ordenamiento jurídico, acondicionamiento físico y la filosofía del Modelo Policial de Seguridad Integral Comunitaria –MOPSIC-,  para convertirse en policías profesionales, honestos y respetuosos al servicio de la ciudadanía.
Se trata de la Promoción 46 de la Academia Central “Doctor Carlos Vinicio Gómez”; de la 47 de la Academia de Cuilapa, Santa Rosa y la 48 egresada de la Academia de PNC de Huehuetenango. En total son 856 mujeres y 3 mil 122 hombres, quienes juraron a la bandera defender los colores de nuestra patria.
El acto fue encabezado por nuestro Director General, Nery Ramos y contó con la presencia del Presidente de la República, Jimmy Morales, el Vicepresidente Jafeth Cabrera, el Ministro de Gobernación, Francisco Rivas, la Comisionada Presidencial para la Reforma Policial, Adela Camacho de Torrebiarte; así como de altos funcionarios de Gobierno, la Cúpula Policial e invitados especiales.
Nuestro Director General agradeció el apoyo y respaldo del Presidente de la República en el eje de dignificación de los miembros de la institución e instó a los graduandos a ir a las calles a servir y a proteger a los guatemaltecos.
Intervención del Director
El Ministro de Gobernación indicó que se percibía la ansiedad de servicio a la población guatemalteca.
Intervención del Ministro
El Presidente Jimmy Morales mencionó la frase: “Los grandes resultados son el producto de grandes sacrificios”; destacando el mayor sacrificio que puede dar un policía con su país, ofrendar su vida por el bienestar de los demás.
Intervención del Presidente
Esta histórica graduación es la más grande en cantidad de agentes; está integrada por más de 850 mujeres y se tiene un alto nivel de graduados a nivel universitario.
Los 3978 elementos ya están en las calles brindando seguridad para estas fiestas de fin de año.
La Policía Nacional Civil demuestra una vez más su alto nivel de profesionalismo, al entregar al pueblo de Guatemala 3 mil 978 hombres y mujeres preparados para proteger y servir a la ciudadanía.",115270,115269.0,2017-12-22T05:56:56-08:00,hace 8 años
Z_pWnOi7oRw,UCaivrAhro2BpsJdrPe-IyRg,Diario de Centro América,@dcaguatemala,#EnVivoDCA | Conferencia de prensa del Gobierno de Guatemala,News & Politics,Gobierno de Guatemala,official_gov,"[""Gobierno de Guatemala""]",[],"Conferencia de prensa del Gobierno de Guatemala, La Ronda.",1329,1329.0,2026-05-12T01:25:56-07:00,Transmitido hace 3 meses
ZhrDgVZkhg4,UCnbd_gs8-e1CQ6izIYtnSig,PROVIAL GUATEMALA,@provialguatemala4072,FORMACION BRIGADA DE PROVIAL,People & Blogs,Provial Guatemala,official_gov,"[""Provial Guatemala""]",[],Direccion General de Proteccion y Seguridad Vial. CALL CENTER 1520,4419,4419.0,2013-10-03T13:57:35-07:00,hace 12 años
_1VIxOLyaUQ,UCKZ0c9xQAIokTOf4iPJd5jw,Ambient Sound Explorer,@ambient_sound_explorer,Sonido de trafico y ciudad 💤 ruido de calle para dormir bebés y relajarse,Entertainment,guatemala trafico,topic,"[""guatemala trafico""]","[""sonido de trafico"", ""ruido de trafico"", ""sonido de calle"", ""ruido de calle"", ""sonido de ciudad"", ""ruido de ciudad"", ""sonido de carros"", ""ruido de carros"", ""sonido de carretera"", ""sonido de transito"", ""traffic noise"", ""city ambience"", ""urban noise"", ""street sound"", ""relaxing traffic noise"", ""white noise sleep"", ""city noise for sleep"", ""background noise"", ""sonido para dormir"", ""ruido para dormir bebes"", ""ambient noise"", ""sleep sounds"", ""sonidos relajantes"", ""ruido blanco ciudad"", ""sonido ambiente urbano"", ""sonidos""]","Experience authentic traffic noise, city sounds, and urban ambience from a busy city avenue filled with passing cars, engines, horns, and people talking. This real street recording captures the natural rhythm of everyday city life, creating an immersive atmosphere with continuous traffic sounds and realistic urban noise.

Perfect as natural white noise for sleep, studying, focus, relaxation, reading, work, meditation, or simply enjoying authentic street sounds and city traffic ambience.

Disfruta de auténticos sonidos de tráfico, ruido de calle y ambiente urbano grabados en una avenida concurrida con autos pasando, motores, bocinas y personas conversando. Esta grabación captura el ritmo natural de la vida urbana y la energía de una ciudad activa, creando una experiencia inmersiva con sonidos reales de tráfico y ambiente de ciudad.

Ideal como ruido blanco natural para dormir, estudiar, concentrarse, relajarse, leer, trabajar o simplemente disfrutar de sonidos auténticos de la calle y el tráfico urbano.

🎧 Use headphones for a more immersive experience.

🎧 Usa audífonos para una mejor experiencia.

👍 If you enjoy traffic noise, city sounds, and urban ambience, please support the video with a LIKE.

👍 Si te gustan los sonidos de tráfico y el ambiente urbano, apoya el video con un LIKE.

📸 Instagram: @ambient_sound_explorer

#trafficnoise #citysounds #urbanambience #streetsounds #whitenoise",330057,329964.0,2024-06-24T09:45:01-07:00,hace 2 años
_3kK0or6QI0,UCdd624oESXuVlcGtrzMWEBQ,heto009,@heto009,PROVIAL guatemala,News & Politics,Provial Guatemala,official_gov,"[""Provial Guatemala""]","[""provial"", ""0002""]",Trabajando para servir a todos nuestros hermanos Guatemaltecos,2054,2054.0,2009-07-18T15:03:43-07:00,hace 17 años
_Lcbi4NCHRA,UCh4GjKBcqxOsL_Bt8gCCSLg,Gobierno de Guatemala,@GobiernodeGuatemala,Tercer Informe General de la República,News & Politics,Gobierno de la República de Guatemala,topic,"[""Gobierno de la República de Guatemala""]","[""Presidente Alejandro Giammattei"", ""Alejandro Giammattei"", ""Guatemala"", ""Gobierno de Guatemala""]","Invitamos a los guatemaltecos a sintonizar la presentación del #TercerInformeGT que se llevará a cabo este sábado 14 de enero a las 17:00 horas. #ElAñoDeLosLogros

📲 https://informerepublica.gt",305269,305269.0,2023-01-12T16:15:00-08:00,hace 3 años
_NSq2q0mzCY,UCXa6LVjBzUtmcM3cwbd9e2w,Municipalidad de Guatemala,@MunicipalidaddeGuatemala-1551,42K y 21K MuniGuate 🏃🏻🏃🏻‍♀️,News & Politics,Municipalidad de Guatemala,official_gov,"[""Municipalidad de Guatemala""]",[],"La #21KMuniGuate y #42KMuniGuate dejaron mucho más que kilómetros. 🏅

Dejaron historias, metas cumplidas y recuerdos que todavía seguimos celebrando. ✨

#InspirandoSueños #ElMejorLugarParaVivir",47,50.0,2026-08-30T07:14:21-07:00,hace 1 día
_cUZT7LMKE0,UC-ZtFBHzgkYFh7whZkuR_Ag,Gobierno de la República de Guatemala,@GobiernodelaRepublicadeGuatema,Conferencia de Prensa del Gobierno de Guatemala. #LaRondaGt,Entertainment,@GobiernodeGuatemala,topic,"[""@GobiernodeGuatemala""]",[],Conferencia de Prensa del Gobierno de Guatemala. #LaRondaGt,2708,2708.0,2025-05-29T21:14:01-07:00,Transmitido hace 1 año
a2zgl-1KZwY,UC-ZtFBHzgkYFh7whZkuR_Ag,Gobierno de la República de Guatemala,@GobiernodelaRepublicadeGuatema,#CadenaNacional | Mensaje del Presidente Bernardo Arévalo a la nación,Entertainment,Gobierno de Guatemala,official_gov,"[""Gobierno de Guatemala""]",[],#CadenaNacional | Mensaje del Presidente Bernardo Arévalo a la nación,2334,2335.0,2025-10-26T19:13:32-07:00,Transmitido hace 10 meses
a3QGSpNx9Mg,UCHBzKtCUFwHuKFGD3bEHexQ,Entre Caminos,@entrecaminostv,Guatemala ya no aguanta el tráfico… ¿Funcionará el Aerómetro?,Travel & Events,guatemala trafico,topic,"[""guatemala trafico""]","[""aerometro Guatemala"", ""aerometro"", ""trafico en Guatemala"", ""solución al tráfico Guatemala"", ""transporte público Guatemala"", ""aerometro Mixco"", ""aerometro zona 9 Guatemala"", ""infraestructura Guatemala"", ""infraestructura vial Guatemala"", ""MetroRiel Guatemala"", ""Metro Guatemala"", ""pasos a desnivel Guatemala"", ""tráfico ciudad de Guatemala"", ""Guatemala ciudad"", ""problemas de tráfico Guatemala"", ""parque vehicular Guatemala"", ""vehículos Guatemala"", ""proyectos Guatemala"", ""Entre Caminos""]","Guatemala ya no aguanta el tráfico… ¿Funcionará el Aerómetro? En este video salimos a las calles para conocer este nuevo sistema de transporte que busca convertirse en una alternativa para enfrentar el tráfico en Guatemala.

El Aerómetro de Guatemala es uno de los proyectos que busca ofrecer una nueva opción de transporte público ante el crecimiento de la población, los millones de vehículos que circulan diariamente y los enormes problemas de movilidad que enfrenta el país.

Pero la pregunta es inevitable: ¿realmente funcionará el Aerómetro? ¿Será una solución al tráfico de Guatemala o necesitamos algo mucho más grande?

En este documental queremos conocer qué piensan los guatemaltecos sobre este proyecto, escuchar sus opiniones y analizar si esta nueva alternativa realmente puede ayudar a cambiar la manera en que nos movilizamos.

También hablaremos sobre el crecimiento del parque vehicular, el tiempo que perdemos diariamente en el tráfico y otras posibles soluciones de infraestructura que Guatemala necesita: pasos a desnivel, transporte masivo, MetroRiel, mejores conexiones y una verdadera red de transporte integrada.

Este video no busca estar a favor o en contra del Aerómetro. Queremos documentar la realidad del país, escuchar al ciudadano y preguntarnos si las soluciones que estamos construyendo son suficientes para el Guatemala que tendremos en los próximos años.

Porque quizás el Aerómetro sea parte de la solución...

pero solo el tiempo nos dirá si realmente funcionará.

Si estás dentro o fuera de Guatemala, queremos conocer tu opinión.

👇 ¿Crees que el Aerómetro ayudará a solucionar el tráfico de Guatemala? ¿Lo utilizarías?

Déjanos tu comentario y acompáñanos en este recorrido por la realidad de nuestro país.

ÍNDICE DEL VIDEO

00:00 1. Introducción
00:42 2. Contexto
01:43 3. El tráfico en Guatemala
05:01 4. La propuesta: ¿Qué es el Aerómetro?
06:16 5. Aerómetro en Colombia y Bolivia?
07:12 6. Sera el proyecto que necesita Guatemala
07:46 7. Entrevistas: ¿Qué piensan los guatemaltecos?
10:09 8. Reflexión: ¿Qué otras soluciones necesita Guatemala?
11:02 9. Despedida",8098,8098.0,2026-08-20T15:30:25-07:00,hace 11 días
a6QFfhpY53g,UCuKuUrmHoNaJJHE27Aac9PQ,PROVIAL-CIV,@ProvialOficial_CIV,Provial Informa,People & Blogs,Provial Guatemala,official_gov,"[""Provial Guatemala""]",[],"#FuerzaGuate
#ElCivNoSeDetiene

Emergencias al 1520 de @ProvialOficial",49,49.0,2021-01-14T10:22:02-08:00,hace 5 años
aRKgOSxgsF0,UCX2epzWFbtqhO1Tn2au9NXQ,luis arturo ceberg ulban,@luisarturocebergulban6982,@GobiernodeGuatemala,People & Blogs,@GobiernodeGuatemala,topic,"[""@GobiernodeGuatemala""]",[],Video de Tuxido,2,2.0,2022-07-11T14:45:03-07:00,hace 4 años
aSbvMYJhmCc,UC8u2nvyHewt-mjdWSj0HJmQ,Ministerio de Gobernación,@mingobguate,Policía Nacional Civil,News & Politics,Policia Nacional Civil Guatemala,official_gov,"[""Policia Nacional Civil Guatemala""]","[""Ministerio"", ""de"", ""Gobernación"", ""Guatemala""]","-  Ministerio de Gobernación, Comunicación Social, Audiovisuales",4346,4346.0,2015-07-16T13:03:22-07:00,hace 11 años
a_kAe9IhBbo,UCEepOY2svuxbsJ-zsAPT9Fg,PrensaLibreOficial,@PrensaLibreOficial,Tráiler impacta pasarela en Aguilar Batres y provoca cierre parcial hacia la capital,News & Politics,@GobiernodeGuatemala,topic,"[""@GobiernodeGuatemala"", ""@MunicipalidaddeGuatemala-1551""]","[""noticias Guatemala"", ""noticias Guatemala en vivo"", ""noticias última hora"", ""Guatemala"", ""Guatemala traffic"", ""trailer crash"", ""pedestrian bridge"", ""Aguilar Batres"", ""Villa Nueva"", ""road incident"", ""traffic disruption"", ""tráiler"", ""pasarela"", ""tránsito Guatemala"", ""PMT"", ""accidente vial""]","Un tráiler chocó contra una pasarela en la calzada Raúl Aguilar Batres y obligó a restringir temporalmente uno de los carriles hacia la ciudad.
Las autoridades realizaron evaluaciones en la estructura y, tras retirar el transporte pesado, el tránsito comenzó a normalizarse.

Lea más en:
https://www.prensalibre.com/guatemala/comunitario/trailer-impacta-pasarela-en-la-calzada-aguilar-batres-y-bloquea-un-carril-hacia-la-capital-breaking/
----------------------------
Busque más información de Guatemala y el mundo en  
https://www.prensalibre.com
https://www.facebook.com/prensalibregt
https://twitter.com/prensa_libre
https://www.instagram.com/prensa_libre
https://www.tiktok.com/@prensalibregt",255,255.0,2026-09-01T15:23:28-07:00,hace 2 horas
ahicr7fQREY,UC6SA1dVHvAkc6yNS_t5cbGw,Conred,@Conred_GT,Conred Podcast Episodio 9: Servidores Cívicos construyendo una cultura de prevención,Education,Conred Guatemala,official_gov,"[""Conred Guatemala""]",[],"En este episodio conversamos sobre el valioso aporte de los Servidores Cívicos en el fortalecimiento de la cultura de prevención y la gestión integral del riesgo de desastres en Guatemala. Conoce cómo, a través de su compromiso, capacitación y trabajo en las comunidades, contribuyen a promover acciones de preparación, prevención y respuesta que ayudan a proteger la vida de las personas.

Descubre cómo el servicio cívico se convierte en una oportunidad para generar cambios positivos, fortalecer la resiliencia comunitaria y construir un país más preparado ante cualquier emergencia o desastre.

🎙️ Escucha este episodio y conoce el impacto que tienen los Servidores Cívicos en la construcción de una Guatemala más segura y resiliente.",65,65.0,2026-08-06T07:25:36-07:00,hace 3 semanas
almmnboHkwM,UCXa6LVjBzUtmcM3cwbd9e2w,Municipalidad de Guatemala,@MunicipalidaddeGuatemala-1551,Se mueve Guate 🚌,News & Politics,Municipalidad de Guatemala,official_gov,"[""Municipalidad de Guatemala""]","[""Ricardo"", ""Quiñónez"", ""Administración"", ""Alcalde"", ""Alcaldía"", ""Alcaldías"", ""Municipalidad"", ""Municipal"", ""Muni"", ""Cumple"", ""Equipo"", ""Transparencia"", ""Servicios"", ""Servir"", ""Servidor"", ""Público"", ""Pasión"", ""Todos"", ""Somos"", ""La"", ""Ciudad"", ""Del"", ""Futuro"", ""Para"", ""Vivir""]",,297,297.0,2026-07-20T06:39:53-07:00,hace 1 mes
anFbrgqxdzY,UC6Y7Hk0Otm2xeX1WoHOQp6Q,Nostalgia Latina,@NostalgiaLatina-k2e,Horas Antes del Big One | Dentro de Ciudad de Guatemala Exactamente Antes del Terremoto (1976),People & Blogs,guatemala noticias,topic,"[""guatemala noticias""]","[""terremoto guatemala 1976"", ""ciudad de guatemala antes"", ""3 febrero 1976"", ""big one guatemala"", ""vida cotidiana 1976"", ""catastrofe guatemala"", ""terremoto historia"", ""memoria histórica"", ""sismos guatemala"", ""vida en guatemala 1970s"", ""historia latinoamericana"", ""reconstrucción histórica"", ""américa latina histórica"", ""desastres naturales"", ""eventos históricos"", ""centroamérica historia"", ""documental histórico"", ""reconstrucción con IA"", ""cinematográfico"", ""inteligencia artificial historia"", ""storytelling histórico""]","Es 3 de febrero de 1976. 23:47 en Ciudad de Guatemala. La vida transcurre, ajena a la historia que está a punto de desatarse. Calles iluminadas, comercios cerrando, autobuses completando sus recorridos. Nadie huye, nadie presiente el colapso que se avecina.

Este viaje inmersivo nos lleva al corazón de una metrópoli vibrante, justo antes del ""Big One"". Recorreremos las últimas horas de normalidad, explorando el funcionamiento de una capital en pleno crecimiento, sus costumbres, comercios y la vida cotidiana de más de un millón de personas que, sin saberlo, estaban a punto de presenciar un evento que cambiaría Guatemala para siempre. Descubre cómo era la vida en la Ciudad de Guatemala antes del devastador terremoto de 1976.

Suscríbete para revivir más capítulos olvidados de nuestra historia.
No te pierdas nuestra serie completa sobre catástrofes históricas en América Latina.

⚠️ ADVERTENCIA: Este video es una reconstrucción visual desarrollada con inteligencia artificial basada en registros históricos y contexto de la época, para fines de entretenimiento y storytelling. Las escenas representan interpretaciones artísticas. No son registros documentales reales. Producido en conformidad con las directrices de YouTube.",222656,222656.0,2026-07-01T15:00:37-07:00,hace 1 mes
aoz2j4TTl4E,UCXa6LVjBzUtmcM3cwbd9e2w,Municipalidad de Guatemala,@MunicipalidaddeGuatemala-1551,Rutas Alternas a partir del lunes 03 de agosto por avances de #AeroMetroGT,News & Politics,Municipalidad de Guatemala,topic,"[""Municipalidad de Guatemala""]",[],,8905,8905.0,2026-08-01T17:27:56-07:00,hace 1 mes
bBz8nX4pMxc,UCDaIW3kDab95q7iCSeVAnbQ,Guatevisión,@guatevision_oficial,Conred e Insivumeh informan sobre sismos en Guatemala este 31 de julio,Entertainment,Conred Guatemala,official_gov,"[""Conred Guatemala""]",[],"La Secretaría Ejecutiva de la Conred y el Insivumeh ofrecen una conferencia de prensa este viernes 31 de julio para informar sobre la actividad sísmica reciente en Guatemala. La información se brinda desde las instalaciones de la SE-Conred. 

Lea más en prensalibre.com",1115,1115.0,2026-07-31T22:46:45-07:00,Transmitido hace 1 mes
bMoENbSBSNs,UCdHETJl6cR5dye5XxEyqycQ,El profe de Historia Gt,@elprofedehistoriagt2046,¿Por qué Guatemala es una República? El decreto del 21 de marzo de 1847 y Rafael Carrera,Education,Gobierno de la República de Guatemala,topic,"[""Gobierno de la República de Guatemala""]",[],"🎬 La fundación de la República de Guatemala, 21 de marzo de 1847 y Rafael Carrera

📜 ¿Sabías que el 21 de marzo de 1847 marcó el nacimiento oficial de la República de Guatemala? En este video exploramos un momento clave de la historia nacional y el papel fundamental de Rafael Carrera, el primer presidente del país.

👤 Descubre cómo Carrera emergió tras la caída de la Federación Centroamericana, consolidó su poder y dejó una huella profunda en la política y sociedad guatemalteca.

🕰️ También analizamos por qué este acontecimiento histórico ha sido poco recordado y cómo la memoria colectiva ha cambiado con el tiempo.

#Rafael Carrera #Fundación de la República de Guatemala #Historia de Guatemala",1134,1135.0,2026-03-28T15:18:16-07:00,hace 5 meses
b_Hkrkl3adA,UCEepOY2svuxbsJ-zsAPT9Fg,PrensaLibreOficial,@PrensaLibreOficial,Bloqueos en Guatemala este 31 de agosto por alza en combustibles afectan rutas principales,News & Politics,guatemala noticias,topic,"[""guatemala noticias""]","[""noticias Guatemala"", ""noticias Guatemala en vivo"", ""noticias última hora"", ""Guatemala"", ""bloqueos en Guatemala"", ""combustibles"", ""31 de agosto"", ""ruta Interamericana"", ""Provial"", ""transportistas"", ""carreteras"", ""Guatemala roadblocks"", ""fuel prices"", ""Guatemala protests"", ""Interamerican Highway"", ""traffic alert"", ""transport strike"", ""road closures""]","Manifestantes bloquean este lunes 31 de agosto varios tramos carreteros en Guatemala en protesta por el alza en los precios de los combustibles. Según el reporte de Provial, los cierres afectan la ruta Interamericana, la ruta al suroccidente y otros puntos, lo que complica la movilidad de trabajadores, estudiantes y transportistas. 
Lea más en prensalibre.com 
----------------------------
Busque más información de Guatemala y el mundo en  
https://www.prensalibre.com
https://www.facebook.com/prensalibregt
https://twitter.com/prensa_libre
https://www.instagram.com/prensa_libre
https://www.tiktok.com/@prensalibregt",5469,5469.0,2026-08-31T08:08:05-07:00,hace 7 horas
bg1KCMaIrRM,UCXa6LVjBzUtmcM3cwbd9e2w,Municipalidad de Guatemala,@MunicipalidaddeGuatemala-1551,"¡Atención, vecinos!",News & Politics,Municipalidad de Guatemala,official_gov,"[""Municipalidad de Guatemala""]",[],"🚧A PARTIR DE MAÑANA se habilitarán nuevas medidas temporales de circulación para mantener la movilidad en el sector durante las obras del #AeroMetroGT.
Sabemos que los trabajos han generado cambios en la circulación y que movilizarse por este sector puede tomar más tiempo. Estos cambios son temporales.
Mientras avanzamos, toma en cuenta:
🔴 Carriles cerrados temporalmente por trabajos.
🟢 Dos carriles por sentido habilitados.
🔵 Carril y paso peatonal temporales habilitados.
Seguimos trabajando para reducir el impacto mientras construimos el #AeroMetroGT, una nueva alternativa de movilidad que recorrerá uno de los principales corredores de la ciudad y facilitará los traslados de miles de personas todos los días.
#TráficoGT #TránsitoGT #UnLugarQueAvanza",1965,1966.0,2026-08-13T17:26:53-07:00,hace 2 semanas
bzosgvntOXU,UCW_PHqwqCCalvQGOEsVU0jw,Concejales de Oposición - Muni Guate,@ConcejalesOposición,Municipalidad de Guatemala 05/09/2025,People & Blogs,@MunicipalidaddeGuatemala-1551,topic,"[""@MunicipalidaddeGuatemala-1551""]",[],"Informe de los Préstamos lnternos y Externos de la Municipalidad de Guatemala
 vigentes al 31 de agosto del año 2025.
Dictamen Comisión Finanzas.
Dictamen Comisión servicios, infraestructura, ordenamiento urbanismo y vivienda.
Dictamen Comisión Transportes",160,160.0,2025-09-05T16:42:13-07:00,hace 11 meses
cl3Rpw9MstQ,UCXa6LVjBzUtmcM3cwbd9e2w,Municipalidad de Guatemala,@MunicipalidaddeGuatemala-1551,Municipalidad de Guatemala sigue trabajando,News & Politics,Municipalidad de Guatemala,topic,"[""Municipalidad de Guatemala""]","[""Ricardo"", ""Quiñónez"", ""Administración"", ""Alcalde"", ""Alcaldía"", ""Alcaldías"", ""Municipalidad"", ""Municipal"", ""Muni"", ""Cumple"", ""Equipo"", ""Transparencia"", ""Servicios"", ""Servir"", ""Servidor"", ""Público"", ""Pasión"", ""Todos"", ""Somos"", ""La"", ""Ciudad"", ""Del"", ""Futuro"", ""Para"", ""Vivir""]","Durante esta emergencia sanitaria, seguimos trabajando a través de EMPAGUA, Policía Municipal, Mercados, Limpia y Verde, Policía Municipal de Tránsito -PMT-, Superintendencia del Transporte Publico -STP- y mantenimiento al alumbrado público,  para garantizar los servicios esenciales a los habitantes del municipio.",484,484.0,2020-03-30T10:31:05-07:00,hace 6 años
cpoiRUtF9uU,UC-GLagjBhWAZ3IOWFgzqIAw,Canal Antigua,@miracanalantigua,Congreso termina jornada sin acuerdos para aliviar precio de combustibles #ALAS7AM (02/09/2026),News & Politics,@quorumgt,topic,"[""@quorumgt"", ""Quorum GT""]","[""Noticias"", ""Actualidad"", ""Guatemala"", ""Internacional"", ""Economía""]","Titulares: 

⛽🏛️ SIN ACUERDO PARA ALIVIO AL PRECIO

El Congreso cerró otra jornada sin acuerdos para aliviar el impacto de los combustibles, mientras la iniciativa que propone rebajas tributarias y apoyo al diésel volvió a quedar sin avanzar.

🧾💻 FORMULARIOS DESDE AGENCIA VIRTUAL

Desde hoy entran en vigencia los formularios actualizados para contribuyentes del régimen general del IVA, disponibles a través de la Agencia Virtual de la SAT.

🔎📊 CUESTIONAMIENTOS A CAMBIOS EN GUATECOMPRAS

Los recientes cambios en Guatecompras generan cuestionamientos por su impacto en la búsqueda de proveedores y el acceso a información sobre las contrataciones públicas.

🚛⚠️ CUESTIONAN BLOQUEOS

En A las 8:45, representantes del transporte de carga cuestionaron los bloqueos y advirtieron que las pérdidas económicas impactan a distintos sectores y a los propios transportistas.

🏦📋 EVALUARÁN EXPEDIENTES PARA DIRIGIR SIB

21 profesionales buscan dirigir la Superintendencia de Bancos, en un proceso que deberá concluir antes del relevo previsto para el 1 de octubre.

🏛️📑 39 BUSCAN DIRIGIR LA SUPERINTENDENCIA DE COMPETENCIA

39 profesionales buscan dirigir la Superintendencia de Competencia, cuyo proceso de selección entra ahora en la fase de evaluación.

🇺🇸💥 EE. UU. LANZA NUEVOS ATAQUES CONTRA IRÁN

EE. UU. atacó nuevamente a Irán este martes y Donald Trump advirtió una firme respuesta ante cualquier represalia, reavivando las tensiones en Oriente Medio.",117,117.0,2026-09-02T05:55:47-07:00,Transmitido hace 1 h
csqia7f3OIE,UCzQX0cEQzCZ4ff9-P3gELug,Carlitos Gamboa,@CarlitosGamboa,SISTEMA CONRED Y METODOLOGÍA DE LOS 6 PASOS,People & Blogs,Conred Guatemala,official_gov,"[""Conred Guatemala""]",[],CONRED https://conred.gob.gt/,509,509.0,2020-09-09T00:03:33-07:00,hace 5 años
d-V_Aw1t6nI,UCHsYnV67K3J0yJ4QeciVCww,PNCdeGuatemala,@PNCdeGuatemala,Graduacion  de la 57 Promocion  de la Policia Nacional Civil  de Guatemala.,People & Blogs,Policia Nacional Civil Guatemala,official_gov,"[""Policia Nacional Civil Guatemala""]",[],"Transmisión en vivo de la  graduación 57, Promoción del Curso Básico de Policía y mandos de  la Policia Ncional Civil  de Guatemala.",1643,1642.0,2025-09-29T23:33:49-07:00,Transmitido hace 11 meses
dJcNu9YYwh4,UCEepOY2svuxbsJ-zsAPT9Fg,PrensaLibreOficial,@PrensaLibreOficial,"Lluvias, ceniza y calor extremo: así estará el clima en Guatemala, según Insivumeh",News & Politics,guatemala lluvias,topic,"[""guatemala lluvias""]","[""noticias Guatemala"", ""noticias Guatemala en vivo"", ""noticias última hora"", ""Guatemala"", ""clima Guatemala"", ""onda del este 31"", ""lluvias Guatemala"", ""Insivumeh"", ""calor Guatemala"", ""deslizamientos"", ""crecida de ríos"", ""volcán de Fuego"", ""ceniza volcánica"", ""lahares"", ""Izabal"", ""Petén"", ""Guatemala weather"", ""tropical wave"", ""Guatemala rain"", ""heavy rainfall"", ""landslide risk"", ""Fuego Volcano"", ""volcanic ash"", ""lahars"", ""Guatemala climate"", ""Central America weather""]","Calor, humedad y lluvias marcarán las condiciones del tiempo en Guatemala durante los próximos días, según el Instituto Nacional de Sismología, Vulcanología, Meteorología e Hidrología (Insivumeh).
El ingreso de humedad desde ambos océanos y el paso o acercamiento de la onda del este número 31 favorecerán lluvias principalmente durante la tarde y la noche. Además, podrían presentarse áreas con neblina durante las primeras horas de la mañana y por la noche.

Lea más en Prensalibre.com
----------------------------
Busque más información de Guatemala y el mundo en  
https://www.prensalibre.com
https://www.facebook.com/prensalibregt
https://twitter.com/prensa_libre
https://www.instagram.com/prensa_libre
https://www.tiktok.com/@prensalibregt",1061,1063.0,2026-08-24T11:06:45-07:00,hace 7 días
dLctzx8qCgA,UCYaMaLJVbMlLwpPACbxPUuQ,Alan Delmonte,@AlanDelmonte,¿Cómo la CIA ALTERÓ el DESTINO de GUATEMALA para siempre?,Education,guatemala politica,topic,"[""guatemala politica""]","[""revolución del 20 de octubre de 1944 guatemala"", ""jacobo arbenz guatemala 1950"", ""Jacobo Arbenz"", ""Carlos Castillo Armas"", ""Guerra Psicológica"", ""John Dulles"", ""Dwight Eisenhower"", ""Guatemala"", ""Alan Delmonte"", ""CIA"", ""Operaciones encubiertas"", ""jacobo arbenz guatemala"", ""john dulles cold war"", ""Guerra Fria en Guatemala"", ""Comunismo"", ""jacobo arbenz overthrow""]","Esta es una de las historias más importantes de Guatemala: el cómo la CIA, a través de una sofisticada guerra psicológica, alteró para siempre el destino de Guatemala, poniéndole fin a la Revolución del 1944, y al gobierno de Jacobo Árbenz. 

Esta es una historia de intrigas y de operaciones encubiertas que alteró la relación entre latinoamerica y los Estados Unidos, y es de suma importancia que entendamos cómo se llevó a cabo dicho proceso. 

Para más información, los invito a leer algunos de los documentos que utilicé para llevar a cabo esta investigación. Como mencionado al final del video, aquí les dejo los hipervínculos de los documentos liberados por la CIA en el año 1997, y otros documentos relacionados con el tema: 

1. Descripción de la operación PBSuccess: https://bit.ly/3wAQJCN
2. Cinco documentos claves que liberó la CIA en 1997: https://bit.ly/2SaeHps
3. Aquí les dejo el documento completo donde están todos los guiones de cada uno de los programas de Radio Liberación: https://www.cia.gov/readingroom/docs/DOC_0000135031.pdf

�� SUBSCRÍBETE AL CANAL, Y SE PARTE DE ESTA COMUNIDAD �� 

https://www.youtube.com/user/delmonte85

Hola, ni nombre es Alan, y a través de este canal me dedico a compartir las experiencias que nuestra familia ha tenido viviendo en condición de expatriados en Costa Rica, donde vivimos dos años, y Guatemala, donde residimos actualmente. En adición, disfruto explorando las historia, la geopolítica y la sociología de Centroamérica, y mi intención es compartir con ustedes lo que voy aprendiendo en el camino. 

★☆★MI BRÚJULA★☆★ 

“En un mundo lleno de ruido, la búsqueda incesante de la claridad es la clave para la felicidad, la armonía y la paz interior, y la claridad se genera desde la acción ejecutada con amor, no del pensamiento.”

★☆★LEE MI LIBRO★☆★ 

Ojalá, inshallah: Viaje íntimo al corazón de Yemen: http://alandelmonte.com/libros/​​​​​​​

★☆★DISFRUTA DEL BLOG★☆★ 

Página Principal: http://alandelmonte.com/​​​​​​​ 

Crecimiento Personal: http://alandelmonte.com/crecimiento-p......
Posts de viaje: http://alandelmonte.com/viajes-y-cult...... 
Entrevistas: http://alandelmonte.com/entrevistas/​... 

★☆★ UN POCO MAS SOBRE MI★☆★ 

�� Una biografía más extensa: 

http://alandelmonte.com/sobre-mi/​​​​​​​

★☆★ CONECTEMOS EN REDES SOCIALES ★☆★ 

��¡Premios y obsequios para seguidores en todos mis canales sociales!�� 

Instagram: http://www.instagram.com/AlanDelmonte...
Facebook (página de autor): https://www.facebook.com/alandelmonte​​​...",108616,108605.0,2021-06-17T16:05:36-07:00,hace 5 años
dWhSTyhegeQ,UCrAoF9-9Vvb9_zK0t-m2Rhg,La Hora,@lahoragt,Personal de Provial explica de empresas que verificarán implementación de limitadores de velocidad,News & Politics,Provial Guatemala,official_gov,"[""Provial Guatemala""]",[],La Dirección General de Transporte informa por la instalación de los limitadores de velocidad en el transporte público.,341,341.0,2026-01-12T14:04:42-08:00,hace 7 meses
dccwBXfxxiI,UCXa6LVjBzUtmcM3cwbd9e2w,Municipalidad de Guatemala,@MunicipalidaddeGuatemala-1551,¡Espacios iluminados y seguros!,News & Politics,Municipalidad de Guatemala,official_gov,"[""Municipalidad de Guatemala""]","[""Ricardo"", ""Quiñónez"", ""Administración"", ""Alcalde"", ""Alcaldía"", ""Alcaldías"", ""Municipalidad"", ""Municipal"", ""Muni"", ""Cumple"", ""Equipo"", ""Transparencia"", ""Servicios"", ""Servir"", ""Servidor"", ""Público"", ""Pasión"", ""Todos"", ""Somos"", ""La"", ""Ciudad"", ""Del"", ""Futuro"", ""Para"", ""Vivir""]","Ven a las calles de la ciudad y disfruta de espacios iluminados y seguros para compartir y vivir mejor.
 
#LaCiudadEstuCasa 
#ViveLaCiudad 
#UnaCiudadParaConocer",38773,38773.0,2023-01-17T14:30:06-08:00,hace 3 años
dsyLiSCrwcU,UCH1AYkCs1GpNK_xUwFYTsaQ,Cronos Time GT,@CronosTime,"3 KIEBRES ES DOLOROSO QUE EN CHIQUIMULA AÚN HAY COMUNIDADES SIN ENERGÍA ELÉCTRICA, GUATEMALA.",Education,@quorumgt,topic,"[""@quorumgt""]","[""guatemala"", ""guate"", ""guatemala city"", ""cronos time gt"", ""cronos"", ""time"", ""cronostimegt"", ""noticias guatemala"", ""noticias guate"", ""chiquimula"", ""chiquimulaguatemala"", ""chapin de corazón"", ""cronostime"", ""noticiasgt""]","3 KIEBRES ES DOLOROSO QUE EN CHIQUIMULA AÚN HAY COMUNIDADES SIN ENERGÍA ELÉCTRICA, GUATEMALA....


Facebook: https://www.facebook.com/CronosTime2
Instagram: https://www.instagram.com/cronostimegt/
Twitter: https://twitter.com/CronosTime4


by: Noti#BDMGT t/Creative community

                                International Attribution

–––––––––––––––– Daylight (instrumental) de RYYZNhttps://soundcloud.com/ryyzn Creative Commons — Attribution 3.0 Unported — CC BY 3.0 Descarga gratuita / Transmisión:https://bit.ly/3JifOId Música promovida por Audio Libraryhttps://youtu.be/sm3bb34UqCo


––––––––––––––––––––––––––––––
Ice Flow by Kevin MacLeod http://incompetech.com
Creative Commons — Attribution 4.0 International — CC BY 4.0
Free Download / Stream: https://bit.ly/ice-flow
Music promoted by Audio Library   
 • Ice Flow – Kevin ...  
––––––––––––––––––––––––––––––
🎵 Track Info:
Title: Ice Flow by Kevin MacLeod
Genre and Mood: Hip Hop & Rap + Dark
———
🎧 Available on: 
YouTube:   
 • Ice Flow  
iTunes: https://music.apple.com/us/album/ice-...
Incompetech: http://goo.gl/U1OgOP

#guatemala #GUATE #conostimegt #noticiasguatemala",701,701.0,2026-08-27T10:59:16-07:00,hace 5 días
dvy9rQpqLWY,UC-ZtFBHzgkYFh7whZkuR_Ag,Gobierno de la República de Guatemala,@GobiernodelaRepublicadeGuatema,Conferencia de Prensa del Gobierno de Guatemala. #LaRondaGT,Entertainment,@GobiernodeGuatemala,topic,"[""@GobiernodeGuatemala""]",[],Conferencia de Prensa del Gobierno de Guatemala. #LaRondaGT,959,959.0,2025-09-29T19:53:30-07:00,Transmitido hace 11 meses
dya9nbxqWXE,UCzwR2o8LFAgAMfO0KIcFh0A,CANALES ROBOS Y MENTIRAS 💰🧐,@robosymentiras,ANDY EL MUÑEQUITO TRABAJADOR 🥴🏍🥴🤣@Soychap1n @lucilaylossinar @lilyvlogs6899,People & Blogs,@GobiernodelaRepublicadeGuatema,topic,"[""@GobiernodelaRepublicadeGuatema""]","[""@Belén-s6f"", ""@elizabethmuñoz-y5k"", ""@sagrariobarbosa8398"", ""@gerardojb3051"", ""@maritzamachuca2719"", ""@delcydiaz8637"", ""@brigidalopez1688"", ""@mariacisneros2000"", ""@lupitahernandez7305"", ""@Janesky1203"", ""@centronuestrasradelrosario5801"", ""@blancaolivagrajalesgallon2695"", ""@barrerapatty1738"", ""@sofy024"", ""@juaniskay03"", ""@LaTíaBarbie"", ""@rhinaquinonez9603"", ""@heliamercanton4069"", ""@JuanitaRios-t8b"", ""@albaastorga8110"", ""@AnaAna-qb5rb"", ""@Davidchapin-fz7co@piliblanco738"", ""@La_fan_de_Timbavk"", ""@mariavalencia9351"", ""@Elia-e5f3p"", ""@milagrosdiaz7036"", ""@lucilaylossinar""]","#estadosunidos  #guatemala  #noticias 
‪@mitoteandoconmoni  ‪@lilyvlogs6899  ‪@FUERZAMAYA   ‬ ‪@mitoteschapine  #davidchapin 
 #viral #viralvideo #viraltiktok #foryoupage  #fypシ゚viral   #sat #fypyoutube #fypp #mrcharlie #quechilero  
#canalesrobosymentiras 
#estafa #estadosunidos #guatemala #españa #salvador #mexico #todos ‪@‬ #sat #noticias ‪@ElUltimoTren  @Que.Chilero  @ElJuanete1987 

 ‬ @Lasverdadesdeuncamaron  ‪@ELULTIMOTRENMX557    ‪@MrCharly1  ‪@DAVIDCHAPIN10   #mpgt ‪@ayudaparaterminar.micasita.502   ‪@Anas-de-guate @elprimomanolo9593       @Maiti-h8p     ‪@CronosTime  ‪@soyflaco  ‪@noticias  @nmasunivision  ‬ ‪@GobiernodelaRepublicadeGuatema  ‪@T13Guatemala   @lidiamoreno3057  ‪@MiltonDanielBarillasMonzon @lucilaylossinar  @florianaserrano6302 @VideosChapin @WilderJuracan 

​@procuraduriageneraldelanac5244  @MinisterioPúblicoGuatemalaCA @TN23TodoNoticias @PNCdeGuatemala @pncdeguatemala9887",4939,4939.0,2025-10-07T11:24:49-07:00,hace 10 meses
ebbgBtNrRz8,UCRwA1NUcUnwsly35ikGhp0A,Noticias Telemundo,@noticias,Las fuertes lluvias en Guatemala dejan al menos tres fallecidos en zonas rurales | Telemundo,News & Politics,guatemala lluvias,topic,"[""guatemala lluvias""]","[""Noticiero Telemundo"", ""Noticias Telemundo"", ""lluvias en guatemala"", ""inundaciones en guatemala"", ""fallecidos en guatemala"", ""deslaves en guatemala"", ""edicion de noticias telemundo"", ""las noticias de hoy"", ""lo ultimo en noticias"", ""noticias en español"", ""noticias telemundo"", ""noticiero"", ""noticiero telemundo"", ""notisias"", ""telemundo noticias"", ""Al menos 3 muertos por las fuertes lluvias en Guatemala"", ""los aguaceros desbordaron ríos"", ""bloquearon caminos y provocaron derrumbes y deslaves""]","Video oficial de Noticias Telemundo. Este fin de semana los aguaceros desbordaron ríos, bloquearon caminos y provocaron derrumbes y deslaves. El desplome de una vivienda provocó la muerte de tres residentes. En 2021 más de 260,000 guatemaltecos han quedado damnificados por las lluvias.

Descarga nuestra App: 
https://telemundo.app.link/8005Db9UP6
                           
SUBSCRIBETE: https://bit.ly/TLMDNoticiasYT 

Noticias 
Noticias Telemundo es un proveedor líder de noticias para los hispanos de EE.UU. Sus galardonados espacios de noticias, transmitidos desde Telemundo Center, incluyen los noticieros diarios “Noticias Telemundo”, con José Díaz-Balart; “Noticias Telemundo"", con Julio Vaqueiro; “Noticias Telemundo Fin de Semana”, con Vanessa Hauc; “Noticias Telemundo Mediodía”, con Felicidad Aveleyra; y el segmento de noticias matutinas de “Un Nuevo Día”, con Nicole Suárez. El “Equipo Digital de Noticias Telemundo” ofrece contenido ininterrumpido para los hispanos de EE.UU. a través de sus crecientes plataformas móviles y en línea. “Noticias Telemundo Investiga” produce reportes investigativos y documentales en profundidad. “Noticias Telemundo Planeta Tierra” ofrece información relacionada con el medio ambiente y el cambio climático. Adicionalmente, “Noticias Telemundo” produce galardonados especiales de noticias, documentales y eventos noticiosos como debates políticos, asambleas ciudadanas y foros.

Telemundo App
Telemundo - Capítulos Completos es tu destino digital para disfrutar la programación que te gusta! Mira episodios completos de tus shows favoritos de Telemundo, televisión en vivo y contenido exclusivo al descargar el app Telemundo - Capítulos Completos y entrar con tu cuenta de proveedor de TV.
 
Telemundo
Es una empresa de medios de primera categoría, líder en la industria en la producción y distribución de contenido en español de alta calidad a través de múltiples plataformas para hispanos en los Estados Unidos y alrededor del mundo. La cadena ofrece producciones dramáticas originales de Telemundo Studios – el productor #1 de contenido en español de horario estelar – así como contenido alternativo, películas de cine, especiales, noticias y eventos deportivos de primer nivel, alcanzando el 94% de los televidentes hispanos en los Estados Unidos en 210 mercados a través de 17 estaciones propias y 57 afiliadas de TV abierta. Telemundo también es propietaria de WKAQ, una estación de televisión local que sirve Puerto Rico. Telemundo es parte de NBCUniversal Telemundo Enterprises, una división de NBCUniversal, una de las compañías líderes en el mundo de los medios y entretenimiento. NBCUniversal es una subsidiaria de Comcast Corporation.

SIGUENOS EN TWITTER: http://bit.ly/1OLjUGl
DANOS ME GUSTA EN FACEBOOK: http://on.fb.me/1VXiWwo

#NoticiasTelemundo #FuertesLluvias #Guatemala

Las fuertes lluvias en Guatemala dejan al menos tres fallecidos en zonas rurales | Telemundo
https://www.youtube.com/noticias",63249,63248.0,2021-06-14T17:23:38-07:00,hace 5 años
ewdf3q1tuCA,UCVpSRoZgngfSL03Nlbjtq9A,Noti7,@Noti7Guatemala,INTERPOL Guatemala captura a mujer por prostituir a señoritas,News & Politics,guatemala noticias,topic,"[""guatemala noticias""]",[],"Interpol Guatemala capturó a una mujer en el Aeropuerto Internacional La Aurora, proveniente de Estados Unidos, es sindicada de ser proxeneta de menores de edad",71048,71048.0,2024-11-21T22:45:01-08:00,hace 1 año
fBljA_npiMs,UC8u2nvyHewt-mjdWSj0HJmQ,Ministerio de Gobernación,@mingobguate,Refuerzan acciones para prevenir y combatir la trata de personas,News & Politics,Ministerio de Gobernacion Guatemala,official_gov,"[""Ministerio de Gobernacion Guatemala""]","[""Ministerio"", ""de"", ""Gobernación"", ""Guatemala""]","-  Ministerio de Gobernación, Comunicación Social, Audiovisuales",36,36.0,2026-08-26T07:22:21-07:00,hace 5 días
fenMcON-DjY,UC-ZtFBHzgkYFh7whZkuR_Ag,Gobierno de la República de Guatemala,@GobiernodelaRepublicadeGuatema,Encendido del Fuego Patrio y Mensaje Vicepresidencial,Entertainment,Gobierno de la República de Guatemala,topic,"[""Gobierno de la República de Guatemala""]",[],Encendido del Fuego Patrio y Mensaje Vicepresidencial,424,424.0,2026-09-01T14:30:47-07:00,Transmitido hace 1 hora
ffguGnMImL0,UCh4GjKBcqxOsL_Bt8gCCSLg,Gobierno de Guatemala,@GobiernodeGuatemala,CIV inicia trabajos de bacheo y limpieza en las diferentes rutas del país,News & Politics,Ministerio de Comunicaciones Guatemala,official_gov,"[""Ministerio de Comunicaciones Guatemala""]","[""Presidente Jimmy Morales"", ""Gobierno de Guatemala"", ""Guatemala""]","De esta manera el Ministerio de Comunicaciones, Infraestructura y Vivienda (CIV) por medio de la Unidad Ejecutora de Conservación Vial (COVIAL) así como las empresas contratistas, inicio los trabajos de bacheo y limpieza para recuperar el buen estado de las carreteras en las diferentes rutas del país.",848,848.0,2016-10-21T12:53:12-07:00,hace 9 años
g0aCNpZaAZ8,UCXa6LVjBzUtmcM3cwbd9e2w,Municipalidad de Guatemala,@MunicipalidaddeGuatemala-1551,PMT de Guatemala es ejemplo para otros municipios,News & Politics,PMT Guatemala,official_gov,"[""PMT Guatemala""]","[""Administración"", ""administracion"", ""Alvaro"", ""Álvaro"", ""Enrique"", ""Arzú"", ""Arzu"", ""Irigoyen"", ""Alcalde"", ""Alcaldía"", ""Alcaldia"", ""Alcaldías"", ""Alcaldias"", ""Municipalidad"", ""Municipal"", ""Muni"", ""Cumple"", ""Comuna"", ""Equipo"", ""Transparencia"", ""Servicios"", ""Servir"", ""Servidor"", ""Publico"", ""Público"", ""Pasión"", ""Pasion"", ""Como"", ""Yo"", ""Tú"", ""Tu"", ""Todos"", ""Somos"", ""La"", ""Ciudad"", ""Del"", ""Futuro"", ""Para"", ""Vivir"", ""Graduacion"", ""PMT"", ""Academia de Policia""]","Se realizó la graduación de aproximadamente 50 nuevos agentes PMT, que brindarán sus servicios en cuatro municipios del interior del país, quienes se formaron en la Academia de Policía de la Municipalidad de Guatemala, mismos que ahora implementaran dichos conocimientos a favor del orden vial en sus comunidades.",4103,4103.0,2017-11-11T07:17:42-08:00,hace 8 años
gF42rhVhP8w,UCGSQ821fpPy-yXL9mUmKbBg,TanGente Podcast,@TanGenteGT,Tenemos un gran problema con la seguridad de las construcciones en Guatemala,Entertainment,guatemala seguridad,topic,"[""guatemala seguridad""]",[],"Guatemala tiembla todos los días, pero la conversación sobre qué tan preparado está el país para un sismo mayor casi no existe. En este episodio, Xavier Soria conversa con Byron Paiz, presidente de la Asociación Guatemalteca de Ingeniería Estructural y Sísmica (AGIES), y Juan Carlos Méndez, de la Comisión de Infraestructura del Colegio de Ingenieros de Guatemala, sobre el estado real de las normas de construcción en el país: qué dicen los códigos, quién los hace cumplir y por qué buena parte de lo que se construye queda fuera de cualquier control.

La charla recorre desde el terremoto de 1976 y sus lecciones hasta el papel de CONRED, las municipalidades y el Colegio de Arquitectos en las idas y vueltas de la normativa sísmica, pasando por la informalidad, los materiales de baja calidad y ejemplos de México, Colombia, Chile y Turquía para entender qué le falta a Guatemala. Una conversación técnica pero urgente, sobre un riesgo que rara vez se discute hasta que ya es demasiado tarde.",9033,9027.0,2026-08-28T14:42:29-07:00,hace 3 días
gbcggAMJczg,UCedKfsLot_SfwJrfW5OzpPg,Dionel.Art_music,@Dionel.Art_music,Dionel  Art s Vídeo danzando con la muerte,People & Blogs,@GobiernodelaRepublicadeGuatema,topic,"[""@GobiernodelaRepublicadeGuatema""]",[],"#rap #guatemala #music @GobiernodelaRepublicadeGuatema 
triste realidad que vive mi gente dia a dia,",7,7.0,2025-09-17T06:30:06-07:00,hace 11 meses
go4jAhCJS0w,UCEepOY2svuxbsJ-zsAPT9Fg,PrensaLibreOficial,@PrensaLibreOficial,Así reaccionaría la guardia presidencial de la Saas en caso de una emergencia,News & Politics,guatemala seguridad,topic,"[""guatemala seguridad""]","[""noticias Guatemala"", ""noticias Guatemala en vivo"", ""noticias última hora"", ""Guatemala"", ""saas"", ""Bernardo Arévalo"", ""seguridad presidencial""]","En Guatemala rara vez se escucha de ataques o atentados en contra de presidentes y su círculo. 
Aunque fue una falsa alarma, el último se registró el año pasado en el Palacio Nacional cuando se reportó una amenaza de bomba.
Este viernes se realizó el primer acto de graduación de intercambio entre 10 elementos de seguridad de China Taiwán y 10 agentes de la Saas. Durante 4 semanas los agentes internacionales compartieron estrategias, habilidades y técnicas de protección presidencial.


Lea más en
https://www.prensalibre.com/guatemala/politica/


----------------------------
Busque más información de Guatemala y el mundo en  
https://www.prensalibre.com
https://www.facebook.com/prensalibregt
https://twitter.com/prensa_libre
https://www.instagram.com/prensa_libre
https://www.tiktok.com/@prensalibregt",7381,7381.0,2025-03-21T18:11:55-07:00,hace 1 año
hGOvuWe8P3Q,UClivsn4u-h1uJkORB6PD9SQ,Vittor Blogs,@VittorBlogs,🔴ENTREGAN A NOROÑA ALITO NEGOCIA CON MONREAL PREPARAN MEGÁFONOS PORROS DEL PRIAN,News & Politics,@GobiernodelaRepublicadeGuatema,topic,"[""@GobiernodelaRepublicadeGuatema""]","[""amlo"", ""vittor blogs"", ""vittor blogs en vivo"", ""senado de la republica en vivo"", ""campechaneando"", ""juca noticias"", ""sin censura tv"", ""manuel pedrero"", ""chapucero"", ""quesadilla de verdades"", ""noticias en vivo"", ""noticias de hoy"", ""peliculas completas en español latino"", ""noroña"", ""claudia sheinbaum pardo"", ""noroña en vivo hoy"", ""claudia presidenta"", ""noticias"", ""ultima hora"", ""claudia sheinbaum"", ""claudia sheinbaum vs trump"", ""alito moreno"", ""alito moreno hoy"", ""harfuch"", ""mañanera de hoy claudia sheinbaum"", ""presidenta sheinbaum""]","🔴ENTREGAN A NOROÑA ALITO NEGOCIA CON MONREAL PREPARAN MEGÁFONOS PORROS DEL PRIAN

temas cruciales sobre noticias de hoy y la actualidad política con amlo Y la presidenta de México 👇👇👇
https://www.facebook.com/photo/?fbid=1193189722823054&set=a.370933771715324
noticias desde EL INE,  gobierno de méxico, noticias de hoy, noticias de última hora, zócalo en vivo giras del presidente amlo y la presidenta claudia sheinbaum

MI CANAL ALTERNO👇👇👇👇🔴🔴🔴👇👇👇👇👇🔴🔴
✅https://youtube.com/channel/UCFjDF1TaPBDkm3n2IUrKOqw 


Si gustas apoyarme con un PAYPAL lo puedes hacer aquí.!
👇👇
http://www.paypal.me/vittorblogsoficial

https://www.facebook.com/Victtor-Blogs-375961543130667/



#paypal   #AMLO #pri #prian #pan #traicion #noticias  #losperiodistas #adelamicha #pan  #corrupcion #haytiro #andrésmanuellópezobrador #mexico #méxico #periodista #markocortés #alito #alejandromoreno #claudiasheinbaum  #corruptos #Lilly Téllez #calderon #felipecalderón #felipe #mañanerahoy #noroña #senadomexicano",6682,,2026-09-01T15:13:10-07:00,
hy0mwEHr6V0,UC8u2nvyHewt-mjdWSj0HJmQ,Ministerio de Gobernación,@mingobguate,MI3 será utilizado dentro de las evaluaciones a aspirantes a PNC,News & Politics,Policia Nacional Civil Guatemala,official_gov,"[""Policia Nacional Civil Guatemala""]","[""Ministerio"", ""de"", ""Gobernación"", ""Guatemala""]","-  Ministerio de Gobernación, Comunicación Social, Audiovisuales",127595,127593.0,2020-02-19T15:22:01-08:00,hace 6 años
iBX5DMQSf3s,UC-ZtFBHzgkYFh7whZkuR_Ag,Gobierno de la República de Guatemala,@GobiernodelaRepublicadeGuatema,Conmemoramos el 153 Aniversario de la Escuela Politécnica y Día del cadete.,Entertainment,Gobierno de la República de Guatemala,topic,"[""Gobierno de la República de Guatemala""]",[],Conmemoramos el 153 Aniversario de la Escuela Politécnica y Día del cadete.,1264,1264.0,2026-09-01T09:01:34-07:00,Transmitido hace 6 horas
iCbGedZRRE8,UC-ZtFBHzgkYFh7whZkuR_Ag,Gobierno de la República de Guatemala,@GobiernodelaRepublicadeGuatema,Conferencia de Prensa del Gobierno de Guatemala. #LaRondaGT,Entertainment,@GobiernodeGuatemala,topic,"[""@GobiernodeGuatemala""]",[],Conferencia de Prensa del Gobierno de Guatemala. #LaRondaGT,1058,1058.0,2025-10-27T19:33:35-07:00,Transmitido hace 10 meses
iEmScdnYQdg,UCmzHLdcizBNiyN5t2mEPp3A,Tráfico Sin Censura,@TráficoSinCensuraGT,La nueva ruta que evita El Trébol,People & Blogs,PMT Guatemala,official_gov,"[""PMT Guatemala""]","[""zona 15 guatemala"", ""zona 16 guatemala"", ""zona 5 guatemala"", ""zona 4 guatemala"", ""avenida barranquilla"", ""trafico guatemala"", ""transito guatemala"", ""el trebol guatemala"", ""rutas alternas guatemala"", ""movilidad urbana guatemala"", ""trafico sin censura"", ""ciudad de guatemala"", ""conectividad vial"", ""seguridad vial guatemala"", ""nuevas rutas guatemala"", ""congestion vehicular guatemala"", ""movilidad gt"", ""zona 1 guatemala"", ""ruta alternativa occidente"", ""trafico ciudad de guatemala"", ""PMT Guatemala""]","¿Sabías que ahora puedes incorporarte directamente a la zona 4 desde la avenida Barranquilla a través de la 10.ª avenida?

En este episodio de Tráfico Sin Censura te contamos cómo esta reciente modificación vial está transformando la movilidad para quienes viajan desde las zonas 15 y 16 hacia las zonas 1, 4, 5, 7 y 11.

▶️ Mira este episodio y descubre cómo aprovechar esta nueva alternativa para hacer tus recorridos por la ciudad de una forma más eficiente.

--
00:00 Una nueva alternativa hacia Occidente
03:26 El nudo de Campo de Marte
05:32 La ruta para evitar El Trébol
07:04 Nueva conexión entre Z5 y Z4
08:28 Seguridad vial y recuperación del espacio público
10:03 Atravesando Z4
11:41 Opciones hacia Occidente
13:26 Ruta paso a paso
15:35 Reflexión final
--

#Zona15 #Zona16 #Zona5 #Zona4 #TráficoGT #MovilidadUrbana #ElTrébol #RutaAlterna #Guatemala #Tránsito #CiudadDeGuatemala #Movilidad #SeguridadVial #TráficoSinCensura #Conectividad #Occidente #PMT #MovilidadGT #ViralGT #ParaTi",8502,8502.0,2026-08-04T05:00:35-07:00,hace 3 semanas
iWYddxEszoM,UCaivrAhro2BpsJdrPe-IyRg,Diario de Centro América,@dcaguatemala,#EnVivoDCA | Conferencia de prensa del Gobierno de Guatemala,News & Politics,Gobierno de Guatemala,topic,"[""Gobierno de Guatemala""]",[],"Conferencia de prensa del Gobierno de Guatemala, La Ronda",264,264.0,2026-07-02T00:57:24-07:00,Transmitido hace 2 meses
iacCQ4VyWWc,UC-rcR68a-aLwAnszxTG4--A,Panda 01,@panda0157,"Los conservadores y los liberales, Historia de Guatemala",People & Blogs,Gobierno de la República de Guatemala,topic,"[""Gobierno de la República de Guatemala""]",[],Gracias por ver el video ;),25431,25429.0,2020-03-22T00:02:09-07:00,hace 6 años
ifJFNGT4azU,UC1B5-Dun1FHWae_rIJdfhow,Ahora Yose,@AhoraYose,Podcast Guatemala Ahora Yo Se: Medidas De Seguridad Con el Lic. Ariel Yos y el Lic. Gabriel Quiñones,People & Blogs,guatemala seguridad,topic,"[""guatemala seguridad""]",[],"Bienvenidos a Ahora Yo Sé, el podcast donde desmitificamos el derecho y lo hacemos accesible para todos.
En este episodio exploramos las medidas de seguridad dentro del sistema legal: qué son, cómo se diferencian de las penas, cuándo se aplican y por qué son fundamentales para la protección de la sociedad y la rehabilitación de quienes las reciben.
Descubrirás:
La diferencia entre medidas de seguridad y sanciones penales
Los tipos de medidas: internamiento, tratamiento ambulatorio, custodia y supervisión
Los casos en que se aplican (inimputabilidad, peligrosidad, adicciones)
Los derechos de las personas sujetas a estas medidas
Ejemplos prácticos y casos reales
Ya sea que estudies derecho, trabajes en el sistema legal o simplemente quieras entender mejor cómo funciona la justicia, este episodio te dará las herramientas para comprender un aspecto crucial del derecho penal.
Porque el conocimiento legal no debería ser un privilegio, sino un derecho.
🎙️ Suscríbete para más contenido legal explicado de forma clara y directa.
#DerechoParaTodos #MedidasDeSeguridad #DerechoPenal #EducaciónLegal #PodcastJurídico",3631,3631.0,2025-12-20T19:00:05-08:00,hace 8 meses
is3Mk5oC19g,UCt5Dw7ePnn0AqPqRF8Xpjkw,TN23 Guatemala,@TN23TodoNoticias,Capturan a ladrón que había quedado grabado mientras robaba en una parroquia de Retalhuleu,News & Politics,guatemala noticias,topic,"[""guatemala noticias""]","[""TN23"", ""información"", ""noticias"", ""Guatemala"", ""capturas"", ""presunto ladrón de ventilador"", ""iglesia""]",,4616,4616.0,2026-08-30T21:30:18-07:00,hace 19 horas
j43HgwYFKfk,UCE4rsXcgDb6e1-a9iTbWzfg,Quorum,@quorumgt,La cooptación de Walter Mazariegos en la USAC,News & Politics,@quorumgt,topic,"[""@quorumgt""]","[""USAC"", ""Walter Mazariegos"", ""Mazariegos rector"", ""Fraude USAC"", ""Elecciones USAC"", ""Toma USAC"", ""CSU USAC"", ""Quorum GT"", ""Periodismo Guatemala"", ""Luis Cordón USAC""]","🚨El rector de facto de la #USAC, Walter Mazariegos, tiene una alianza que le permite controlar un presupuesto millonario, quitar a sus opositores del camino y colocar a sus allegados en puestos importantes. Más de la mitad de sus cómplices en el Consejo Superior Universitario (CSU) se han prolongado en el poder y no tienen la intención de soltarlo.

👁️ Aunque las cosas podrían cambiar…

Ayudanos compartiendo, comentando y dándole like a este video.

🔍 También podés leer el reportaje completo en este link👉🏻 https://quorum.gt/poder/captura/usac/mazariegos_csu/

📲 Seguí a Quorum en todas las redes para ver más contenido interesante de #Guatemala.

⚫️ X: https://twitter.com/QuorumGT
🟣 Instagram: https://www.instagram.com/holaquorum?igsh=a2l2MHp6dXA5aGg4
🟠 TikTok:https://www.tiktok.com/@quorumgt?_t=8q3C9YsmOiT&_r=1
🔵 Facebook: https://www.facebook.com/QuorumGT?mibextid=LQQJ4d
🟢 Canal de WhatsApp: https://whatsapp.com/channel/0029Va8IZV65PO0ul2cBdD0l",10156,10156.0,2024-09-26T15:00:17-07:00,hace 1 año
j4akBH678fw,UC-ZtFBHzgkYFh7whZkuR_Ag,Gobierno de la República de Guatemala,@GobiernodelaRepublicadeGuatema,El paso a desnivel Calzada Roosevelt lleva más conexión y mejor movilidad para la población.,Entertainment,Gobierno de Guatemala,topic,"[""Gobierno de Guatemala""]",[],El paso a desnivel Calzada Roosevelt lleva más conexión y mejor movilidad para la población.,649,649.0,2026-08-20T07:13:12-07:00,Transmitido hace 12 días
jQGvhMPMuAI,UC-GLagjBhWAZ3IOWFgzqIAw,Canal Antigua,@miracanalantigua,#DiálogoCentral | El clima de la semana: adiós a la canícula ¿llegan las lluvias? 🌦️,News & Politics,guatemala lluvias,topic,"[""guatemala lluvias""]","[""Noticias"", ""Actualidad"", ""Guatemala"", ""Internacional"", ""Economía""]","#DiálogoCentral | El clima de la semana: adiós a la canícula ¿llegan las lluvias? 🌦️

🗣️Conversamos con Alejandro Barillas, climatólogo, INSIVUMEH

🎙️ Conduce: Renato Martínez",214,203.0,2026-08-31T14:57:19-07:00,Transmitido hace 1 hora
jSw-nFh94qQ,UC8u2nvyHewt-mjdWSj0HJmQ,Ministerio de Gobernación,@mingobguate,Gobernación promueve espacios de sana convivencia,News & Politics,Ministerio de Gobernacion Guatemala,official_gov,"[""Ministerio de Gobernacion Guatemala""]","[""Ministerio"", ""de"", ""Gobernación"", ""Guatemala""]","-  Ministerio de Gobernación, Comunicación Social, Audiovisuales",59,59.0,2026-08-28T15:45:05-07:00,hace 3 días
kaZgtwqwLrI,UCgRLnesCOuua3-JgFlzdS2w,TRAYECTORIA Y EXITO CON ANABELLA CORDON,@AnabellacordonArtista,@rumzacapait @GobiernodeGuatemala,People & Blogs,@GobiernodeGuatemala,topic,"[""@GobiernodeGuatemala""]",[],,74,74.0,2022-06-26T10:10:46-07:00,hace 4 años
kjwvEESqSHA,UCDfEVbDrimcKw5lfbps915g,De todo Gt,@detodogt,¿VALE la PENA VIAJAR de GUATEMALA a  XELA en BUS?  Descúbrelo,People & Blogs,guatemala transporte,topic,"[""guatemala transporte""]","[""FuentesDelNorte"", ""Guatemala"", ""Xela"", ""Quetzaltenango"", ""ViajesGT"", ""BusesDeGuatemala"", ""TransporteGT"", ""RutaGuatemalaXela"", ""TurismoGuatemala"", ""ViajeEnBus"", ""ExperienciaDeViaje"", ""AventuraGT"", ""DeTodoGT"", ""GT"", ""502"", ""guate"", ""chapines"", ""mejoryoutuberGT"", ""checas"", ""shecas"", ""xelapan""]","¡Viajando en los famosos autobuses Fuentes del Norte! 🚍
Acompáñame en esta increíble experiencia viajando desde la Ciudad de Guatemala hasta Xela, Quetzaltenango, en los icónicos autobuses Fuentes del Norte . Te mostraré cómo es el recorrido, las comodidades del autobús, los paisajes impresionantes en el camino y todo lo que debes saber si planeas viajar en esta línea de transporte. ¿Vale la pena? ¿Cómo es el servicio? ¡Descúbrelo en este vídeo! 
🔴 No olvides suscribirte y dejar tu me gusta si te gusta este tipo de contenido. #Guatemala #FuentesDelNorte #Xela #Viajes #BusesGT

📍 Si quieres viajar con Fuentes del Norte , puedes contactarlos al 📞 PBX: 7947-7070   4739-7438 o visitar su página oficial Transportes Fuente del Norte, para conocer sus horarios, tarifas y destinos. También puedes buscarlos en sus redes sociales para más información. O EN ZONA 1 17 CALLE 8-46",216172,216170.0,2025-03-02T16:57:00-08:00,hace 1 año
l-mH80ygqFY,UCXa6LVjBzUtmcM3cwbd9e2w,Municipalidad de Guatemala,@MunicipalidaddeGuatemala-1551,Avances en proyectos municipales por el desarrollo y bienestar en la ciudad.,News & Politics,@MunicipalidaddeGuatemala-1551,topic,"[""@MunicipalidaddeGuatemala-1551""]","[""Ricardo"", ""Quiñónez"", ""Administración"", ""Alcalde"", ""Alcaldía"", ""Alcaldías"", ""Municipalidad"", ""Municipal"", ""Muni"", ""Cumple"", ""Equipo"", ""Transparencia"", ""Servicios"", ""Servir"", ""Servidor"", ""Público"", ""Pasión"", ""Todos"", ""Somos"", ""La"", ""Ciudad"", ""Del"", ""Futuro"", ""Para"", ""Vivir""]","Conoce las actividades y proyectos que se realizaron durante esta semana. Recuerda, en caso de emergencias marca 123 del Cuerpo de Bomberos Municipales o el 1551 del Call Center MuniGuate.
#JuntosLogramosMás #UnaCiudadParaVivir",256,256.0,2022-06-25T07:26:53-07:00,hace 4 años
lAsODhYGcTE,UCzPhFkpD8lwvlX8nGpJqdUw,Noticias VR,@noticiasvr,Gobierno busca a toda costa sacar a Consuelo Porras,People & Blogs,@GobiernodelaRepublicadeGuatema,topic,"[""@GobiernodelaRepublicadeGuatema""]",[],"El @GobiernodelaRepublicadeGuatema busca que la Fsical Consuelo Porras deje el cargo antes de terminar su periodo de 4 años de los cuales le quedan 2 años, se basan en que ha sido señalanda de ser corrupta por 29 países a los que no puede ingresar la Fiscal.",3,3.0,2024-04-08T16:33:43-07:00,hace 2 años
lNuxq8OKCpc,UCEepOY2svuxbsJ-zsAPT9Fg,PrensaLibreOficial,@PrensaLibreOficial,Lluvias convierten calles en ríos en Villa Nueva y San Miguel Petapa,News & Politics,guatemala lluvias,topic,"[""guatemala lluvias""]","[""noticias Guatemala"", ""noticias Guatemala en vivo"", ""noticias última hora"", ""Guatemala"", ""inundaciones Villa Nueva"", ""lluvia Guatemala 31 marzo"", ""San Miguel Petapa inundaciones"", ""Conred Guatemala"", ""emergencia Guatemala"", ""calles inundadas Guatemala"", ""Guatemala floods"", ""heavy rain"", ""Villa Nueva"", ""San Miguel Petapa"", ""natural disaster"", ""emergency response"", ""breaking news""]","Las lluvias registradas el pasado 31 de marzo provocaron inundaciones en Villa Nueva y San Miguel Petapa. Calles anegadas, viviendas afectadas y tránsito complicado fueron reportados por vecinos. Autoridades de Conred ya atienden la emergencia en el área. 
Lea más en: 
Prensalibre.com

Busque más información de Guatemala y el mundo en  
https://www.prensalibre.com
https://www.facebook.com/prensalibregt
https://twitter.com/prensa_libre
https://www.instagram.com/prensa_libre
https://www.tiktok.com/@prensalibregt",7663,7663.0,2026-04-01T06:30:43-07:00,hace 4 meses
lYyGqHAL5nM,UCXa6LVjBzUtmcM3cwbd9e2w,Municipalidad de Guatemala,@MunicipalidaddeGuatemala-1551,Comuna lanzó nueva imagen de la PM y PMT,People & Blogs,PMT Guatemala,official_gov,"[""PMT Guatemala""]","[""municipalidad de guatemala"", ""alvaro arzu"", ""pm"", ""pmt""]",La Municipalidad de Guatemala lanzó la nueva imágen que tendrán los agentes de la Policía Municipal - PM_ y la Policía Municipal de Tránsito -PMT-.,286,286.0,2009-10-30T16:40:01-07:00,hace 16 años
lj983NWyAQY,UCXa6LVjBzUtmcM3cwbd9e2w,Municipalidad de Guatemala,@MunicipalidaddeGuatemala-1551,Plan 2032 Ciudad de Guatemala,News & Politics,Municipalidad de Guatemala,topic,"[""Municipalidad de Guatemala""]","[""Ricardo"", ""Quiñónez"", ""Administración"", ""Alcalde"", ""Alcaldía"", ""Alcaldías"", ""Municipalidad"", ""Municipal"", ""Muni"", ""Cumple"", ""Equipo"", ""Transparencia"", ""Servicios"", ""Servir"", ""Servidor"", ""Público"", ""Pasión"", ""Todos"", ""Somos"", ""La"", ""Ciudad"", ""Del"", ""Futuro"", ""Para"", ""Vivir"", ""Polos"", ""desarrollo"", ""pasos a desnivel"", ""movilidad urbana"", ""aerometro"", ""Transmetro"", ""metroriel"", ""Plan 2032"", ""transporte público"", ""reciclaje"", ""movilidad""]",La Municipalidad de Guatemala trabaja en el plan 2032 con proyectos para solventar los actuales y futuros desafíos de la Ciudad.,304089,304089.0,2019-02-28T18:31:10-08:00,hace 7 años
lkdwGwrJKeM,UCeMAsS36ZiA56ZNtS8VSuOg,Un Angel Viajando,@UnAngelViajando,🇬🇹 ¿Es seguro VIAJAR a Guatemala? Consejos prácticos para que todo te salga bien,Travel & Events,guatemala seguridad,topic,"[""guatemala seguridad""]","[""viajar por el mundo"", ""ciudades del mundo"", ""vivir en el extranjero"", ""emigrar a otro país"", ""mudarse al extranjero"", ""consejos para viajar"", ""guía para viajeros"", ""viajar informado"", ""realidad de otros países"", ""viajar a guatemala"", ""vivir en guatemala"", ""mudarse a guatemala"", ""turismo en guatemala"", ""ciudad de guatemala"", ""antigua guatemala"", ""costo de vida en guatemala"", ""seguridad en guatemala"", ""vale la pena vivir en guatemala"", ""cosas que debes saber antes de viajar"", ""un angel viajando""]","Viajar o vivir en Guatemala puede ser una experiencia increíble… o una muy complicada si no llegas informado. En este video te explico de forma clara y honesta todo lo que debes saber antes de visitar el país o mudarte: realidades que no suelen contarse, errores comunes, expectativas versus realidad y detalles prácticos que pueden marcar la diferencia.

Este contenido está pensado tanto para viajeros como para personas que están considerando vivir en Guatemala. No es una guía turística, es información real basada en experiencia y contexto local para que tomes decisiones con los pies en la tierra.

Contacto: 

FACEBOOK: https://www.facebook.com/unangelviajando
INSTAGRAM: https://www.instagram.com/unangelviajando
Email: angel81usa@gmail.com

Únete a este canal para acceder a sus beneficios:
https://www.youtube.com/channel/UCeMAsS36ZiA56ZNtS8VSuOg/join",5298,5304.0,2025-12-27T07:00:06-08:00,hace 8 meses
mCoOL2p0il4,UCW_PHqwqCCalvQGOEsVU0jw,Concejales de Oposición - Muni Guate,@ConcejalesOposición,Municipalidad de Guatemala   08/08/2025,People & Blogs,@MunicipalidaddeGuatemala-1551,topic,"[""@MunicipalidaddeGuatemala-1551""]",[],"Dictamen Comisión Finanzas.
Dictamen Comisión EMPAGUA.
Dictamen Comisión jubilaciones.
Dictamen Comisión Transportes.
Aprobación contrato administrativo.",118,118.0,2025-08-08T18:15:18-07:00,hace 1 año
mPtR2HskBTE,UCW_PHqwqCCalvQGOEsVU0jw,Concejales de Oposición - Muni Guate,@ConcejalesOposición,Municipalidad de Guatemala   17/02/2025,People & Blogs,@MunicipalidaddeGuatemala-1551,topic,"[""@MunicipalidaddeGuatemala-1551""]",[],,729,729.0,2025-02-18T11:29:48-08:00,hace 1 año
mQH6bhmp_LY,UCE4rsXcgDb6e1-a9iTbWzfg,Quorum,@quorumgt,Quorum: ¿Cómo investigamos la crisis del agua?,News & Politics,Quorum GT,topic,"[""Quorum GT""]",[],"💧Durante más de un año hemos investigado la #crisis del #agua utilizando la metodología del #Periodismo Participativo.

🎤 En el último Foro Centroamericano de Donantes ( #CADF ) conversamos sobre esta metodología y la forma en que desde #Quorum buscamos fortalecer los lazos entre el periodismo y la ciudadanía de #Guatemala.

✊ Podés descargar nuestra guía de Periodismo Participativo en este enlace https://quorum.gt/quorum-backstage/como_hacemos_periodismo_participativo/",142,142.0,2024-10-29T17:54:06-07:00,hace 1 a
n31eyGuRKqo,UCGSQ821fpPy-yXL9mUmKbBg,TanGente Podcast,@TanGenteGT,El tráfico en Guatemala nos está enfermando - TanGente Salud Mental,People & Blogs,guatemala trafico,topic,"[""guatemala trafico""]",[],"Todos los días debemos someternos a filas eternas de vehículos que, entre una infraestructura precaria, se amontonan entre calles y aceras. Esto ha detonado el hartazgo entre la ciudadanía que no observa una propuesta de solución real por parte de las autoridades. Mercedes Bautista nos advierte sobre el daño que provoca el tráfico en nuestro bienestar, dejando claro que la única solución para esta problemática es política.",932,932.0,2023-06-02T13:23:28-07:00,hace 3 años
n4xHxJPNr78,UCDfEVbDrimcKw5lfbps915g,De todo Gt,@detodogt,🚫LOS FAMOSOS BUSES ESMERALDA los mas RÁPIDOS DE GUATEMALA 😱,People & Blogs,guatemala transporte,topic,"[""guatemala transporte""]",[],"Bienvenido al video que te llevará a conocer los buses más emocionantes y únicos del mundo, los buses ""Esmeraldas"" de Guatemala. Estos buses son conocidos por su alta velocidad, su estilo único y su increíble diseño.

A lo largo de este video, descubrirás cómo estos buses son un verdadero símbolo de la cultura y el estilo de vida de Guatemala. Conocerás la historia detrás de estos vehículos, cómo han evolucionado a lo largo de los años y cómo se han convertido en uno de los principales medios de transporte en este país centroamericano.

Además, también te sorprenderás al ver la velocidad a la que estos buses pueden viajar. Con motores potentes y una suspensión única, los buses ""Esmeraldas"" son capaces de recorrer grandes distancias en poco tiempo y a gran velocidad, lo que los convierte en una experiencia emocionante para cualquier pasajero.

Pero lo que realmente hace que estos buses sean únicos en el mundo es su diseño. Con colores brillantes, diseños intrincados y una atención increíble al detalle, los buses ""Esmeraldas"" son una verdadera obra de arte sobre ruedas. En cada viaje, podrás disfrutar de una experiencia visual única que no encontrarás en ningún otro lugar del mundo.

En resumen, si quieres experimentar la emoción de viajar en uno de los buses más emocionantes y únicos del mundo, no puedes perderte este video sobre los buses ""Esmeraldas"" de Guatemala. ¡Prepárate para un viaje que nunca olvidarás!",3152619,3152430.0,2023-03-29T19:34:25-07:00,hace 3 años
n8iP75gIpmw,UCE4rsXcgDb6e1-a9iTbWzfg,Quorum,@quorumgt,Qué rico come tu diputado,News & Politics,Quorum GT,topic,"[""Quorum GT""]",[],"En @ConCriteriogt hablaron hoy sobre nuestro reportaje ""Qué rico come tu diputado"", en el que contamos los almuerzos más caros pagados con fondos públicos entre enero y abril de este año.

Entrevistaron al diputado Nery Rodas, de CABAL, quien asegura que son problemas ""mínimos"".

Si no has leído el repor podés hacerlo acá https://quorum.gt/poder/comida_diputados/",11775,11775.0,2024-08-27T14:09:51-07:00,hace 2 a
nKJhNH86HGE,UC8u2nvyHewt-mjdWSj0HJmQ,Ministerio de Gobernación,@mingobguate,Se realiza taller de UNICEF sobre el plan de acción de la política pública contra la violencia sexua,News & Politics,Ministerio de Gobernacion Guatemala,official_gov,"[""Ministerio de Gobernacion Guatemala""]","[""Ministerio"", ""de"", ""Gobernación"", ""Guatemala""]","-  Ministerio de Gobernación, Comunicación Social, Audiovisuales",7,7.0,2026-08-28T07:21:58-07:00,hace 3 días
nPbC8-Ebat4,UCHsYnV67K3J0yJ4QeciVCww,PNCdeGuatemala,@PNCdeGuatemala,Pareja de sicarios capturada tras ataque armado contra piloto de autobús,Science & Technology,Policia Nacional Civil Guatemala,official_gov,"[""Policia Nacional Civil Guatemala""]",[],"📢 ¡Sígueme en nuestras redes! 🌐
━━━━━━━━━━━━━━━━━━━━━━━━━━━━━
https://www.instagram.com/pncdeguatemala
https://www.youtube.com/@PNCdeGuatemala
https://www.tiktok.com/@pncdeguatemala
https://www.facebook.com/PoliciaNacionalCivildeGuatemala
https://x.com/PNCdeGuatemala
https://pnc.gob.gt/

🌟 ¡Suscríbete para más contenido!

#PNC #PNCGuatemala #Policia #Guatemala #SeguridadConTransparencia
 #ProtegerYServir",70537,70537.0,2026-08-27T18:47:04-07:00,hace 3 días
ncOU7iZR5jY,UCInL6HZez6Qn8IHV8Achhxw,Carlos Pineda,@carlospinedaGT,Carlos Pineda y Andre Pozuelos | Seguridad II- Guatemala tiene solución | Ep. 3,People & Blogs,guatemala seguridad,topic,"[""guatemala seguridad""]",[],La tecnología es base fundamental para lograr soluciones estructurales y que los guatemaltecos vivan con seguridad real y permanente,3279,3279.0,2026-01-31T10:50:20-08:00,hace 7 meses
ndAZjHqzzT8,UCE4rsXcgDb6e1-a9iTbWzfg,Quorum,@quorumgt,Internet: escoger el menos malo,News & Politics,@quorumgt/videos,channel,"[""@quorumgt/videos""]","[""economía"", ""principiantes"", ""ley de competencia"", ""duopolios"", ""guatemala"", ""tigo"", ""claro"", ""internet"", ""telefonía""]","📱Cuando vas a elegir un plan de internet o de llamadas te toca preguntarte ¿Cuál será el menos malo? o bien conformarte con la única de las dos compañías que tenga cobertura en tu zona.

💸 Hablamos de #LasMañasDelNegocio de las telecomunicaciones. Merecemos un buen servicio.",717,,2024-05-16T18:15:07-07:00,
nhhXiHI4rrw,UCHsYnV67K3J0yJ4QeciVCww,PNCdeGuatemala,@PNCdeGuatemala,Policía Nacional Civil participa en desfile del día del Ejército. #ProtegerYServir,News & Politics,Policia Nacional Civil Guatemala,official_gov,"[""Policia Nacional Civil Guatemala""]",[],,21534,21534.0,2023-06-30T12:46:08-07:00,hace 3 años
nv6wMdQ997Q,UCXa6LVjBzUtmcM3cwbd9e2w,Municipalidad de Guatemala,@MunicipalidaddeGuatemala-1551,PMT en todo,News & Politics,PMT Guatemala,official_gov,"[""PMT Guatemala""]","[""Ricardo"", ""Quiñónez"", ""Administración"", ""Alcalde"", ""Alcaldía"", ""Alcaldías"", ""Municipalidad"", ""Municipal"", ""Muni"", ""Cumple"", ""Equipo"", ""Transparencia"", ""Servicios"", ""Servir"", ""Servidor"", ""Público"", ""Pasión"", ""Todos"", ""Somos"", ""La"", ""Ciudad"", ""Del"", ""Futuro"", ""Para"", ""Vivir"", ""Tránsito vehicular"", ""PMT""]","Debido al inicio de actividades de varios sectores para el presente año, la Policía Municipal de Tránsito -PMT-  de la Ciudad de Guatemala, en respuesta a las instrucciones del Alcalde Ricardo Quiñónez, tendrá 850 agentes a cargo de operativos y acciones necesarias a favor de la movilidad en la ciudad.",2107,2107.0,2021-01-08T05:00:14-08:00,hace 5 años
pNInRBsPbHE,UCE4rsXcgDb6e1-a9iTbWzfg,Quorum,@quorumgt,Encuentro por el agua,News & Politics,@quorumgt/videos,channel,"[""@quorumgt/videos""]",[],"Un encuentro entre vecinas y vecinos, personas expertas en hidrología y funcionarios públicos para debatir sobre los problemas de agua en la Ciudad de Guatemala.

Un evento organizado por Quorum como parte del especial Hidrocracia.",185,,2023-06-06T14:06:29-07:00,
qFsSnnRdJBg,UC8u2nvyHewt-mjdWSj0HJmQ,Ministerio de Gobernación,@mingobguate,Avanza construcción de la Estrategia Nacional de Datos Abiertos,News & Politics,Ministerio de Gobernacion Guatemala,official_gov,"[""Ministerio de Gobernacion Guatemala""]","[""Ministerio"", ""de"", ""Gobernación"", ""Guatemala""]","-  Ministerio de Gobernación, Comunicación Social, Audiovisuales",11,11.0,2026-08-26T08:00:10-07:00,hace 5 días
qrdEegnTnaY,UCuKuUrmHoNaJJHE27Aac9PQ,PROVIAL-CIV,@ProvialOficial_CIV,XVII Promoción de Brigadas PROVIAL,People & Blogs,Provial Guatemala,official_gov,"[""Provial Guatemala""]",[],"Dirección General de Protección y Seguridad Vial
-PROVIAL-
Proteger y Servir.

#soypilas #accionesquetransforman #valoratuvida #TuRutaConResponsabilidad #UnidosTransformamosGuatemala",416,416.0,2022-06-23T13:27:30-07:00,hace 4 años
rNpBtQXUMbE,UCXa6LVjBzUtmcM3cwbd9e2w,Municipalidad de Guatemala,@MunicipalidaddeGuatemala-1551,PMT es ejemplo en Guatemala,News & Politics,PMT Guatemala,official_gov,"[""PMT Guatemala""]","[""Administración"", ""administracion"", ""Alvaro"", ""Álvaro"", ""Enrique"", ""Arzú"", ""Arzu"", ""Irigoyen"", ""Alcalde"", ""Alcaldía"", ""Alcaldia"", ""Alcaldías"", ""Alcaldias"", ""Municipalidad"", ""Municipal"", ""Muni"", ""Cumple"", ""Comuna"", ""Equipo"", ""Transparencia"", ""Servicios"", ""Servir"", ""Servidor"", ""Publico"", ""Público"", ""Pasión"", ""Pasion"", ""Como"", ""Yo"", ""Tú"", ""Tu"", ""Todos"", ""Somos"", ""La"", ""Ciudad"", ""Del"", ""Futuro"", ""Para"", ""Vivir"", ""pmt"", ""ejemplo"", ""municipio"", ""confianza"", ""formacion"", ""agente"", ""transito"", ""comunidad"", ""comunidades""]","La PMT de la Ciudad de Guatemala, es un ejemplo para otros municipios, que confían en ella para la formación de agentes de tránsito para sus comunidades.",3212,3212.0,2013-02-11T06:28:20-08:00,hace 13 años
rQEb4el3Lok,UCHsYnV67K3J0yJ4QeciVCww,PNCdeGuatemala,@PNCdeGuatemala,"Policía Nacional Civil en busca de mareros, imitadores y colaboradores de grupos delictivos",News & Politics,Policia Nacional Civil Guatemala,official_gov,"[""Policia Nacional Civil Guatemala""]",[],,9637,9636.0,2023-05-31T09:58:36-07:00,hace 3 años
rSQKmOX1Tfc,UCquHy3UnphbYGF62_j6W_yQ,Mosca Visión,@moscavision,TU VIDA VALE  PROVIAL  TIEMPO AZUL & PAOLA PÉRLOP,Music,Provial Guatemala,official_gov,"[""Provial Guatemala""]","[""accidentes"", ""prevencion"", ""cumbia"", ""música"", ""provial"", ""tiempo azul""]","#tuvidavale

Les presentamos junto a Provial Ministerio de Comunicaciones​ El #Vídeo oficial que acompaña la campaña en prevención de accidentes viales. 

Gran equipo de trabajo

TU VIDA VALE
Letra: Lic. Percy Mogollon / Lamata Cabrera​ / Dach Marro​ / Tiempo Azul 
Colaboración especial Paola PérLop
Instrumental: Angello Dnd​
Vídeo Prod. by  GPS Producciones 
Combi Banana C. A. 

Comparte y hagamos conciencia para evitar accidentes ya que es la segunda causa de mortalidad en el país. 
Etiqueta a tu familia, que se entere toda Guatemala para que juntos salvemos vidas.",5262,5262.0,2017-09-12T00:58:10-07:00,hace 8 años
rjFut_yJcr8,UC-GLagjBhWAZ3IOWFgzqIAw,Canal Antigua,@miracanalantigua,Ministro de CIV conversó sobre los retos  actuales de la infraestructura vial en Guatemala,News & Politics,Ministerio de Comunicaciones Guatemala,official_gov,"[""Ministerio de Comunicaciones Guatemala""]","[""Guatemala"", ""televisión"", ""Canal Antigua"", ""noticias""]","Miguel Ángel Díaz Bobadilla, Ministro de Comunicaciones,: ""Para la alianza público-privada por el aeropuerto La Aurora, antes se tiene que dar una recuperación""

Suscríbete a nuestro canal → https://bit.ly/canalantiguatv
Infórmate sobre las noticias desde nuestra web → https://canalantigua.tv

¡Y no te olvides de seguirnos en redes sociales!
TikTok → https://www.tiktok.com/@canalantiguaoficial?is_from_webapp=1&sender_device=pc
Facebook → https://www.facebook.com/canalantigua/
Instagram → https://www.instagram.com/canalantigua
Twitter → https://www.twitter.com/canalantigua",800,800.0,2025-03-01T08:01:01-08:00,hace 1 año
s0eco-BofOs,UCE4rsXcgDb6e1-a9iTbWzfg,Quorum,@quorumgt,¿Quiénes pagan más en Centroamérica?,News & Politics,Quorum GT,topic,"[""Quorum GT""]","[""justicia fiscal"", ""centroamerica"", ""guatemala"", ""honduras"", ""nicaragua"", ""costa rica"", ""panamá"", ""desigualdad"", ""impuestos"", ""millonarios"", ""pobreza"", ""políticas regresivas"", ""impuestos al consumo""]","🌏 En Centroamérica, la riqueza está concentrada en pocas manos: 1,120 millonarios acumulan fortunas que, juntas, podrían comprar todos los clubes top de Europa. 💵 Este video expone cómo, a pesar de esa abundancia, la mayoría de las personas viven en pobreza extrema. ⚖️ Explicamos por qué el problema no es la existencia de ricos, sino un sistema desigual que no logra redistribuir oportunidades ni beneficios.

👉 Descarga el informe ""Más recursos para más derechos"", elaborado por Oxfam, para conocer más hallazgos importantes. https://bit.ly/masrecursosmasderechos

👉 Consulta la tabla de los más ricos de Centroamérica https://bit.ly/fortunasCA

👉 Visitá Quorum https://quorum.gt/el-dilema-de-los-impuestos-en-centroamerica/(abre en una nueva pestaña)",220,220.0,2025-05-29T15:28:07-07:00,hace 1 a
sAPrXzrdstM,UC8u2nvyHewt-mjdWSj0HJmQ,Ministerio de Gobernación,@mingobguate,Funciones del Ministerio de Gobernación,News & Politics,Ministerio de Gobernacion Guatemala,official_gov,"[""Ministerio de Gobernacion Guatemala""]","[""Ministerio"", ""de"", ""Gobernación"", ""Guatemala""]","-  Ministerio de Gobernación, Comunicación Social, Audiovisuales",8970,8970.0,2016-05-24T17:50:32-07:00,hace 10 años
soZMwC0Cj18,UCEepOY2svuxbsJ-zsAPT9Fg,PrensaLibreOficial,@PrensaLibreOficial,Lluvias causan inundaciones y deslizamiento en Alta Verapaz,News & Politics,guatemala lluvias,topic,"[""guatemala lluvias""]","[""noticias Guatemala"", ""noticias Guatemala en vivo"", ""noticias última hora"", ""Guatemala"", ""Alta Verapaz"", ""lluvias"", ""inundaciones"", ""deslizamiento"", ""Conred"", ""San Cristóbal Verapaz"", ""Panzós"", ""floods"", ""landslide"", ""heavy rain"", ""emergency response""]","Las lluvias registradas en las últimas horas provocaron inundaciones en viviendas de San Cristóbal Verapaz y un deslizamiento en Panzós, Alta Verapaz, informó la Conred.
En el barrio y la colonia Pana, varias casas fueron afectadas por el ingreso de agua, mientras que en el caserío Río Chiquito I un deslizamiento dañó una vivienda. Las autoridades realizan evaluaciones para determinar la asistencia necesaria. No se reportan víctimas.

Lea más en:
https://www.prensalibre.com/guatemala/comunitario/
----------------------------
Busque más información de Guatemala y el mundo en  
https://www.prensalibre.com
https://www.facebook.com/prensalibregt
https://twitter.com/prensa_libre
https://www.instagram.com/prensa_libre
https://www.tiktok.com/@prensalibregt",1405,1406.0,2026-07-09T17:31:25-07:00,hace 1 mes
tEfZlrP4L5I,UCaivrAhro2BpsJdrPe-IyRg,Diario de Centro América,@dcaguatemala,#EnVivoDCA | Conferencia de Prensa del Gobierno de Guatemala,News & Politics,Gobierno de Guatemala,official_gov,"[""Gobierno de Guatemala""]",[],"Conferencia de Prensa del Gobierno de Guatemala, La Ronda",265,265.0,2026-08-10T21:38:33-07:00,Transmitido hace 3 semanas
tK__qZZ-H5w,UC-ZtFBHzgkYFh7whZkuR_Ag,Gobierno de la República de Guatemala,@GobiernodelaRepublicadeGuatema,Conferencia de Prensa del Gobierno de Guatemala. #LaRondaGT,Entertainment,@GobiernodeGuatemala,topic,"[""@GobiernodeGuatemala""]",[],Conferencia de Prensa del Gobierno de Guatemala. #LaRondaGT,866,866.0,2025-12-10T23:25:58-08:00,Transmitido hace 8 meses
tXLhWHWGaao,UCo1g4EQqLwMO9RqEv1rCUpQ,Crónica Panamericana,@cronicapanamericana,Breve historia política de Guatemala,People & Blogs,guatemala politica,topic,"[""guatemala politica"", ""Gobierno de Guatemala""]",[],"Este video explora los conceptos básicos de la historia y la política guatemaltecas para explicar por qué la historia de Guatemala ha sido de trauma e inestabilidad, por qué fracasaron sus momentos de esperanza como la revolución guatemalteca y por qué su democracia sigue siendo frágil. Comienza con los antiguos mayas, continúa con la colonización española y termina al principio de la presidencia de Alejandro Giammattei. Cubre las décadas de guerra de guerrillas y el golpe de 1954 bajo Castillo Armas. #guatemala #historia",144134,144129.0,2022-02-22T17:13:48-08:00,hace 4 años
tb6LaOWGAIo,UC70eD0hNEwDNAfNlqfRWlGA,Welcome to el Mundo,@Welcometoelmundo,"Guía Definitiva para viajar a Guatemala 2026 🇬🇹 Qué ver, itinerarios, precios y consejos",Travel & Events,guatemala seguridad,topic,"[""guatemala seguridad""]","[""guatemala"", ""viajar a guatemala"", ""que ver en guatemala"", ""guia para viajar a guatemala"", ""15 días en guatemala"", ""ruta por guatemala"", ""que ver en guatemala en 10 dias"", ""es guatemala seguro?"", ""merece la pena viajar a guatemala?"", ""cuándo viajar a guatemala"", ""viajar a guatemala 2025"", ""guatemala 2025"", ""guatemala 2026"", ""guia guatemala"", ""viajar a guatemala por libre"", ""welcome to el mundo"", ""welcometoelmundo"", ""tikal"", ""chichicastenango"", ""antigua"", ""ciudad de antigua"", ""turismo guatemala""]","¿Estás pensando en viajar a Guatemala? 🇬🇹 Entonces quédate, porque esta es la guía definitiva para recorrer el país más auténtico de Centroamérica. En este vídeo encontrarás todo lo que necesitas saber para organizar tu viaje: qué ver, cómo moverte, dónde alojarte, cuánto cuesta y los mejores consejos para disfrutarlo al máximo.

Guatemala sorprende a cada paso. Desde Antigua, una de las ciudades coloniales más bonitas del continente, hasta los imponentes volcanes Pacaya, Acatenango y Fuego, donde la naturaleza muestra toda su fuerza. Seguiremos por el mágico lago Atitlán, rodeado de pueblos mayas llenos de color y tradiciones vivas, y nos perderemos en los mercados de Chichicastenango, donde el tiempo parece haberse detenido. Y, por supuesto, no puede faltar Tikal, las ruinas mayas ocultas en plena selva, uno de esos lugares que se quedan grabados para siempre en la memoria.

A lo largo del vídeo te contamos también cómo moverte de forma fácil y segura por el país, qué zonas son mejores para alojarse y cuál es el presupuesto real para una ruta de 10 a 15 días. Todo explicado de manera clara, honesta y con la experiencia de haber viajado por libre, para que puedas preparar tu propia aventura sin complicaciones.

Si buscas una guía completa y actualizada para viajar a Guatemala, este vídeo es para ti. Suscríbete, guarda esta guía y acompáñanos en un recorrido que te demostrará que Guatemala es mucho más que un destino turístico: es un viaje a la historia, la naturaleza y la cultura viva de un pueblo que nunca deja de sorprender.

📍 Mapa de Guatemala Interactivo: https://ko-fi.com/s/9fa6cfde38

✈️ Tu viaje por Guatemala en nuestra plataforma con TUI: 
     ⏳8 días: https://bit.ly/Viaje_Guatemala_8dias
     ⏳13 días: https://bit.ly/Viaje_Guatemala_13dias_TUI

💵 Descuento IATI. Nuestro SEGURO DE VIAJE de confianza: https://bit.ly/IATI_Guatemala
📞 Descuento en tu Tarjeta SIM Holafly: https://holafly.sjv.io/vPqKj3
💳 Tarjeta de viaje N26 gratis +20€: https://bit.ly/N26Welcome

🔥 Más en Instagram: http://bit.ly/WelcomeInsta
📗  Libro ""Welcome to el Sudeste Asiático"": https://amzn.to/3VcpdXr
📷  Nuestro equipo: https://amzn.to/4cL1rvU
☕️ ¿Quieres apoyarnos? Invítanos a un café: https://ko-fi.com/welcometoelmundo

🌴GUÍAS VIAJE:🌴
●  PUERTO RICO: https://youtu.be/XKp6Vpz2KLM
●  JAPÓN: https://youtu.be/0DlLOjxhjFU
●  MACHU PICCHU: https://youtu.be/j_kS60zLLIU
●  PERÚ: https://youtu.be/z33ehkgo3h8 
●  COLOMBIA: https://youtu.be/2yMhjHURW5A
●  CUBA: https://youtu.be/IXkXMGabV4c
●  INDONESIA: https://youtu.be/bL6bLYqmo3Q
●  FILIPINAS: https://youtu.be/ih12JlvWWoE
●  TAILANDIA: https://youtu.be/-tPe1fHyfQY
●  VIETNAM: https://youtu.be/KmaJ0lfEcdU
●  MALASIA: https://youtu.be/9WDwQ3cIRRs
●  SINGAPUR: https://youtu.be/zMYWXslkogw
●  MYANMAR: https://youtu.be/sKYN6nIulVM
●  NEPAL: https://youtu.be/dbptola1zI8
●  INDIA: https://youtu.be/Ldg-_oo3z8g
__
⁠⁠
Edición: Carla Palos @cpalos & Welcome to el Mundo

Si haces música, tienes una marca o un proyecto y quieres colaborar con nosotros, escríbenos a quetecuentas@welcometoelmundo.com

00:00 - Introducción
00:22 - Por qué viajar a Guatemala
01:01 - Antigua Guatemala
01:48 - Volcanes: Acatenango y Pacaya
02:26 - Ruinas mayas: Iximché
03:02 - Lago Atitlán
04:46 - Chichicastenango
05:37 - Río Dulce, Livingston y Pacífico
06:10 - Semuc Champey
06:27 - Flores y Tikal
07:51 - Cuándo viajar
09:21 - Alojamiento
10:04 - Gastronomía
10:50 - Seguridad
11:50 - Transporte
13:36 - Visado y documentos
14:04 - Presupuesto
14:51 - Cierre

#guatemala #viajes #turismo",104869,104891.0,2025-09-07T10:00:02-07:00,hace 11 meses
tcAQGuuo_Uc,UC-ZtFBHzgkYFh7whZkuR_Ag,Gobierno de la República de Guatemala,@GobiernodelaRepublicadeGuatema,El Ministerio de Gobernación Guatemala  brinda conferencia de prensa.,Entertainment,Ministerio de Gobernacion Guatemala,official_gov,"[""Ministerio de Gobernacion Guatemala""]",[],El Ministerio de Gobernación Guatemala  brinda conferencia de prensa.,2254,2254.0,2026-03-19T21:30:27-07:00,Transmitido hace 5 meses
tg2QuZFdn4c,UCLXHie0velori7_dqu8w_bQ,Presidencia de la República,@PresidenciadelaRepublicaCR,🔴 En Vivo |  Sesión Solemne de Consejo de Gobierno en Limón,News & Politics,Gobierno de Guatemala,official_gov,"[""Gobierno de Guatemala""]",[],🔴 En Vivo |  Sesión Solemne de Consejo de Gobierno en Limón,15726,15726.0,2026-08-31T13:08:28-07:00,Transmitido hace 3 horas
tmvTbeQNCTI,UCTClcvXaWXGeZheUQFTQLRw,Gente de Guate,@GentedeGuate,"Hoy SABRÁN Qué Grado ACADÉMICO Tenemos, Todos Son PROFESIONALES",Entertainment,@quorumgt,topic,"[""@quorumgt""]",[],,15482,15482.0,2026-08-31T18:27:07-07:00,hace 1 día
tqcZFVSXARQ,UC-ZtFBHzgkYFh7whZkuR_Ag,Gobierno de la República de Guatemala,@GobiernodelaRepublicadeGuatema,¿Listo para decir tengo #MiPrimeraCasa? 🏠✨,Entertainment,Gobierno de la República de Guatemala,topic,"[""Gobierno de la República de Guatemala""]",[],,1373,1373.0,2026-08-24T12:20:03-07:00,hace 8 días
vA6p51f14J4,UCXa6LVjBzUtmcM3cwbd9e2w,Municipalidad de Guatemala,@MunicipalidaddeGuatemala-1551,Horarios especiales por celebraciones de fin de año,News & Politics,@MunicipalidaddeGuatemala-1551,topic,"[""@MunicipalidaddeGuatemala-1551""]","[""Ricardo"", ""Quiñónez"", ""Administración"", ""Alcalde"", ""Alcaldía"", ""Alcaldías"", ""Municipalidad"", ""Municipal"", ""Muni"", ""Cumple"", ""Equipo"", ""Transparencia"", ""Servicios"", ""Servir"", ""Servidor"", ""Público"", ""Pasión"", ""Todos"", ""Somos"", ""La"", ""Ciudad"", ""Del"", ""Futuro"", ""Para"", ""Vivir""]","Palacio Municipal, Mini Munis, Atención al Cliente de EMPAGUA, Cajas Banrural y otros servicios por fiestas de fin de año tendrán horario especial de atención. Recuerda que tienes a disposición el número de Call Center MuniGuate 1551.",606,606.0,2021-12-23T12:25:58-08:00,hace 4 años
vCtk_0NzB3s,UCEepOY2svuxbsJ-zsAPT9Fg,PrensaLibreOficial,@PrensaLibreOficial,Clima en Guatemala esta semana: calor de hasta 39 °C y lluvias con tormentas,News & Politics,guatemala lluvias,topic,"[""guatemala lluvias""]","[""noticias Guatemala"", ""noticias Guatemala en vivo"", ""noticias última hora"", ""Guatemala"", ""clima en Guatemala"", ""Insivumeh"", ""lluvias"", ""calor"", ""actividad eléctrica"", ""temperaturas"", ""Conred"", ""Guatemala weather"", ""rain forecast"", ""high temperatures"", ""thunderstorms"", ""weather alert"", ""Guatemala news""]","Guatemala tendrá ambiente cálido y húmedo del 17 al 21 de agosto, con temperaturas máximas de hasta 39 °C en la cuenca del río Motagua y valles de oriente. El Insivumeh prevé lluvias con actividad eléctrica en horas de la tarde y noche, además de posibles crecidas de ríos, deslaves, deslizamientos y lahares en la cadena volcánica. 
Lea más en prensalibre.com 
----------------------------
Busque más información de Guatemala y el mundo en  
https://www.prensalibre.com
https://www.facebook.com/prensalibregt
https://twitter.com/prensa_libre
https://www.instagram.com/prensa_libre
https://www.tiktok.com/@prensalibregt",1534,1534.0,2026-08-17T11:35:23-07:00,hace 2 semanas
vDVXM8ODuzM,UCaivrAhro2BpsJdrPe-IyRg,Diario de Centro América,@dcaguatemala,#EnVivoDCA | Conferencia de Prensa del Gobierno de Guatemala,News & Politics,Gobierno de Guatemala,official_gov,"[""Gobierno de Guatemala""]",[],#EnVivoDCA | Conferencia de Prensa del Gobierno de Guatemala,214,214.0,2026-08-06T00:51:20-07:00,Transmitido hace 3 semanas
vNUiF-stTdo,UCYaCfDw7q5l_S1UHjdfzODQ,INFOM TV,@tvinfomguatemala,resumen de noticias,News & Politics,@MunicipalidaddeGuatemala-1551,topic,"[""@MunicipalidaddeGuatemala-1551""]",[],"#infom #LaCasaDeLasMunicipalidades 

- INFOM, #EMPAGUA  y la Agencia de Cooperación de Japón firman convenio para fortalecer el sistema hídrico de la Ciudad de Guatemala.

-Impulsan procesos para llevar agua potable a comunidades de Sololá .

-Inauguración oficial del Puente Ixtacapa

#INFOM #AguaParaTodos #GestiónComunitaria #CooperaciónJapónGuatemala #TransformaciónTerritorial @MunicipalidaddeGuatemala-1551​",23,23.0,2025-10-11T20:01:57-07:00,hace 10 meses
vp9MPfDG6AE,UCVpSRoZgngfSL03Nlbjtq9A,Noti7,@Noti7Guatemala,"Comunicado – COVIAL / Ministerio de Comunicaciones, Infraestructura y Vivienda",News & Politics,Ministerio de Comunicaciones Guatemala,official_gov,"[""Ministerio de Comunicaciones Guatemala""]","[""Actualidad"", ""Aguilar Batres"", ""COVIAL"", ""Chapín TV Televisiete"", ""Cierre vial"", ""Guatemala"", ""Ministerio de Comunicaciones"", ""Noti7 Estelar"", ""Noticias"", ""Puente Periférico"", ""Noti7"", ""información"", ""noticias""]",Paso quedará cerrado en ambos sentidos de medianoche a 2:00 a.m. del miércoles 26 de agosto; recomiendan rutas alternas.,260,260.0,2026-08-24T22:00:25-07:00,hace 6 días
vqcF9RFMOLQ,UCXa6LVjBzUtmcM3cwbd9e2w,Municipalidad de Guatemala,@MunicipalidaddeGuatemala-1551,"Ciudad de Guatemala, el mejor lugar para vivir",News & Politics,Municipalidad de Guatemala,official_gov,"[""Municipalidad de Guatemala""]","[""Ricardo"", ""Quiñónez"", ""Administración"", ""Alcalde"", ""Alcaldía"", ""Alcaldías"", ""Municipalidad"", ""Municipal"", ""Muni"", ""Cumple"", ""Equipo"", ""Transparencia"", ""Servicios"", ""Servir"", ""Servidor"", ""Público"", ""Pasión"", ""Todos"", ""Somos"", ""La"", ""Ciudad"", ""Del"", ""Futuro"", ""Para"", ""Vivir""]","Una ciudad que crece día a día, impulsando oportunidades.",215,215.0,2026-05-15T14:15:07-07:00,hace 3 meses
w57G_5jsqtU,UCEepOY2svuxbsJ-zsAPT9Fg,PrensaLibreOficial,@PrensaLibreOficial,Tráfico intenso por regreso a clases del sector público extiende horas pico en el área metropolitana,News & Politics,guatemala trafico,topic,"[""guatemala trafico""]","[""noticias Guatemala"", ""noticias Guatemala en vivo"", ""noticias última hora"", ""Guatemala"", ""tráfico Guatemala"", ""movilidad vehicular"", ""regreso a clases"", ""congestionamiento vial"", ""horas pico"", ""tránsito metropolitano"", ""autoridades de tránsito"", ""Guatemala traffic"", ""back to school traffic"", ""urban congestion"", ""rush hour traffic"", ""traffic advisory""]","Con el retorno del sector público a las aulas, la movilidad vehicular en el área metropolitana se ha visto seriamente afectada, advirtieron autoridades de tránsito.
Se estima que las horas pico se prolonguen entre 45 minutos y una hora adicional, por lo que se recomienda a los conductores planificar sus traslados y salir con mayor anticipación.

Lea más en:
https://www.prensalibre.com/guatemala/comunitario/ciclo-escolar-donde-se-complico-mas-el-transito-y-que-recomienda-la-pmt-para-evitar-retrasos/
----------------------------
Busque más información de Guatemala y el mundo en  
https://www.prensalibre.com
https://www.facebook.com/prensalibregt
https://twitter.com/prensa_libre
https://www.instagram.com/prensa_libre
https://www.tiktok.com/@prensalibregt",625,625.0,2026-02-02T20:00:54-08:00,hace 6 meses
wS6yC3yOAeA,UC-ZtFBHzgkYFh7whZkuR_Ag,Gobierno de la República de Guatemala,@GobiernodelaRepublicadeGuatema,Noticiero El Informativo. Nuestra semana de resultados.,Entertainment,Gobierno de la República de Guatemala,topic,"[""Gobierno de la República de Guatemala""]",[],Noticiero El Informativo. Nuestra semana de resultados.,1383,1381.0,2026-08-31T08:21:52-07:00,Transmitido hace 1 día
wVncmfsugww,UCAutgrPkiLhZxTB-Ujje1fw,CIV -Ministerio de Comunicaciones,@CIV_Guatemala,"Spot Rendición de Cuentas, tercer cuatrimestre 2023 - 1",People & Blogs,Ministerio de Comunicaciones Guatemala,official_gov,"[""Ministerio de Comunicaciones Guatemala""]",[],"Spot de la rendición de cuentas del tercer cuatrimestre del 2023 por parte del Ing. Carlos Figueroa, Viceministro de Infraestructura del CIV",15,15.0,2024-01-11T15:38:44-08:00,hace 2 años
wYZPaJdVuhE,UCDaIW3kDab95q7iCSeVAnbQ,Guatevisión,@guatevision_oficial,#LaCharla ¿Quién dirigirá el sistema portuario y qué decisiones debe tomar primero?,News & Politics,@quorumgt,topic,"[""@quorumgt""]","[""guatevisión"", ""guatemala""]","Para abordar la implementación y funcionamiento de la Ley General del Sistema Portuario nos acompaña: Carmen María Torrebiarte, Presidenta Ejecutiva de Cutrigua, José Lemus Guzmán, Presidente de Junta Directiva de la Empresa Portuaria Quetzal y Lisardo Bolaños, Coordinador Técnico de Guatemala No se Detiene.

----------------------
¡No olvide suscribirse a nuestro canal! ➡️ https://goo.gl/fJkf35

🔔Más información🔔

Página oficial ▶️https://guatevision.com
Facebook ▶️https://facebook.com/GuatevisionOficial
Twitter ▶️https://twitter.com/Guatevision_tv
Instagram ▶️https://instagram.com/guatevision_tv",202,202.0,2026-09-01T07:00:07-07:00,hace 10 horas
wm1f52Mvzag,UCN5tcDI7z6vN9s3p3n_JtoQ,Jorge Ramos,@jorgeramos-asiveolascosas,Gloria Álvarez: ¿Podría ser la próxima presidenta de Guatemala?,News & Politics,guatemala politica,topic,"[""guatemala politica""]",[],"En este segmento de Así veo las cosas conversamos con la guatemalteca Gloria Álvarez, una de las voces más influyentes de América Latina, sobre su visión de país y los retos del sistema político en Guatemala. Gloria explica por qué las candidaturas independientes no están permitidas en su país, los obstáculos de los partidos tradicionales y si estaría dispuesta a competir por la presidencia.

Hablamos también de temas clave como la corrupción, el rol de las mujeres en la política, la defensa de la libertad, los derechos individuales y cómo la polarización afecta a Guatemala y a la región.

Una conversación desde Nueva York que profundiza en el presente y futuro de Guatemala.

#Guatemala #GloriaÁlvarez #AsíVeoLasCosas #Política #Centroamérica #JorgeRamos

Substack
jorgeramosnews.substack.com
TikTok
tiktok.com/@_asiveolascosas
Facebook
facebook.com/jorgeramos.asiveolascosas
Instagram
instagram.com/jorgeramosnews
X
x.com/_asiveolascosas
Web
jorgeramos.com

Jorge Ramos es inmigrante y periodista independiente, considerado una de las figuras más influyentes del periodismo en español por su estilo directo y sin concesiones. Desde su espacio en redes sociales, ayuda a sus seguidores a a navegar por un mundo complejo, incierto y cambiante, donde los ciudadanos necesitan información y análisis de fuentes confiables. Es autor de 15 libros y una voz líder en temas como inmigración, política y representación latina.",31357,31357.0,2025-07-31T22:27:56-07:00,hace 1 año
wpYwX-bGoz0,UCAutgrPkiLhZxTB-Ujje1fw,CIV -Ministerio de Comunicaciones,@CIV_Guatemala,CIV prioriza proyectos con potencial para generar desarrollo en Guatemala,People & Blogs,Ministerio de Comunicaciones Guatemala,official_gov,"[""Ministerio de Comunicaciones Guatemala""]",[],"El Ministro de Comunicaciones, Javier Maldonado, informó en conferencia de prensa, que el Ministerio de Comunicaciones, Infraestructura y Vivienda -CIV-, está priorizando los proyectos que tienen potencial para generar empleo, inversión y desarrollo en Guatemala.",468,468.0,2021-07-19T13:14:32-07:00,hace 5 años
x9TPnjUeuoo,UCAutgrPkiLhZxTB-Ujje1fw,CIV -Ministerio de Comunicaciones,@CIV_Guatemala,VIDEO INSTITUCIONAL PROVIAL,People & Blogs,Provial Guatemala,official_gov,"[""Provial Guatemala""]",[],,2250,2250.0,2020-12-18T09:48:36-08:00,hace 5 años
xEcC_aMDhAk,UC8u2nvyHewt-mjdWSj0HJmQ,Ministerio de Gobernación,@mingobguate,MINGOB y COPADEH avanzan en la protección de personas defensoras de DDHH,News & Politics,Ministerio de Gobernacion Guatemala,official_gov,"[""Ministerio de Gobernacion Guatemala""]","[""Ministerio"", ""de"", ""Gobernación"", ""Guatemala""]","-  Ministerio de Gobernación, Comunicación Social, Audiovisuales",17,15.0,2026-08-28T09:33:31-07:00,hace 3 días
xQgP0n8hVSI,UC8u2nvyHewt-mjdWSj0HJmQ,Ministerio de Gobernación,@mingobguate,"Primero te usan, y cuando ya no les sirves te desechan.",News & Politics,Ministerio de Gobernacion Guatemala,official_gov,"[""Ministerio de Gobernacion Guatemala""]","[""Ministerio"", ""de"", ""Gobernación"", ""Guatemala""]","-  Ministerio de Gobernación, Comunicación Social, Audiovisuales",28,28.0,2026-08-24T08:51:45-07:00,hace 7 días
x_CB0ZRLQTA,UCaFyLdpZa60tkGfjOsznHSg,AlcaldexAccidente,@AlcaldexAccidente,Ricardo Quiñónez paga con nuestros impuestos netcenter,People & Blogs,@quorumgt,topic,"[""@quorumgt""]",[],"De esta manera Ricardo Quiñónez esta inflando sus números en redes sociales. El medio @QuorumGt evidenció la sucia estrategia del alcalde que llego por accidente a ese puesto
#notetoca #alcaldia #chistes #corrupción #eleccionesgenerales #guatemala #malchiste #muniguate #parati #shortsvideo #shots #shortsfeed #shortsyoutube #shortsviral #shorts_video #viralvideo #viralshort #viralshort",29419,29419.0,2023-04-17T12:13:14-07:00,hace 3 a
y8XMbMxMF8E,UC8u2nvyHewt-mjdWSj0HJmQ,Ministerio de Gobernación,@mingobguate,"Gracias a la inteligencia, coordinación y firmeza, se dió un duro golpe al crimen organizado",News & Politics,Ministerio de Gobernacion Guatemala,official_gov,"[""Ministerio de Gobernacion Guatemala""]","[""Ministerio"", ""de"", ""Gobernación"", ""Guatemala""]","-  Ministerio de Gobernación, Comunicación Social, Audiovisuales",84,84.0,2026-08-27T07:49:10-07:00,hace 4 días
yCmBtmOm6nw,UCgItjn_ZWFWcv1MlpKIkqgQ,IDocumenta,@iDocumenta,“¿DÓNDE ESTÁN?”: GOBIERNO IMPULSA MECANISMO PARA BUSCAR A DESAPARECIDOS DEL CONFLICTO ARMADO,News & Politics,@GobiernodelaRepublicadeGuatema,topic,"[""@GobiernodelaRepublicadeGuatema""]",[],"El presidente Bernardo Arévalo anunció el lanzamiento del Mecanismo de Búsqueda Humanitaria de Personas Desaparecidas durante el Conflicto Armado Interno en Guatemala 2026-2036 (MEBHU).
Durante la presentación, el mandatario destacó que esta iniciativa busca dar respuesta a miles de familias que aún desconocen el paradero de sus seres queridos desaparecidos durante el conflicto armado interno.
@GobiernodelaRepublicadeGuatema 
#noticias #nacionales #bienestar #serviciosocial #politica #búsqueda #like #comenta #comparte #siguenos",6,6.0,2026-06-19T21:23:06-07:00,hace 2 meses
yLZS3JiEBg8,UCE4rsXcgDb6e1-a9iTbWzfg,Quorum,@quorumgt,Arroz con pollo a la MONOPOLIO,News & Politics,@quorumgt/videos,channel,"[""@quorumgt/videos""]",[],"🔍 En Guatemala tenemos un mercado no tan “libre” que digamos. 

💸 Unas pocas empresas dominan las diferentes industrias y en algunos sectores no hay una competencia real que favorezca al consumidor.

🎥 Hoy estrenamos #LasMañasDelMercado para hablar de la industria alimenticia y la necesidad de una #LeyDeCompetencia.",1954,,2024-05-09T19:15:12-07:00,
zfJlUXRSaCU,UCo1g4EQqLwMO9RqEv1rCUpQ,Crónica Panamericana,@cronicapanamericana,Brief Political History of Guatemala,People & Blogs,guatemala politica,topic,"[""guatemala politica""]",[],"This video explores the basics of Guatemalan history and politics to explain why it is that Guatemala's history has been one of trauma and upheaval, why its moments of hope like the Guatemalan Revolution failed and why its democracy remains fragile. It begins with the Maya and Spanish colonization and ends with the disaster of the Jimmy Morales Presidency. It covers the decades of guerrilla warfare and the 1954 coup under Castillo Armas.",53547,53547.0,2021-03-12T20:15:46-08:00,hace 5 años
zweosulrwA8,UCE4rsXcgDb6e1-a9iTbWzfg,Quorum,@quorumgt,Edén por Salud: empleo inclusivo para personas con discapacidad en Antigua | Super - Episodio 2,Nonprofits & Activism,@quorumgt,topic,"[""@quorumgt""]",[],"Edén por Salud es una organización sin fines de lucro de Antigua Guatemala que crea empleo accesible e inclusivo para personas adultas con discapacidad, quienes elaboran productos de bienestar con aceites esenciales orgánicos e ingredientes naturales y locales. 

En este episodio de Super contamos cómo, a través de su trabajo, sus emprendedores ganan autonomía y construyen un futuro mejor para sí mismos y sus comunidades.

Super es una serie documental de @quorumgt que documenta iniciativas guatemaltecas de impacto social. Cada episodio presenta una iniciativa que está generando cambios reales en su comunidad.

¿Conoces una iniciativa guatemalteca que deberíamos documentar? Déjala en los comentarios.

🔗 Conoce más sobre Edén por Salud: https://www.edenporsalud.org

Síguenos para no perderte los próximos episodios.
#SuperGT #Guatemala #ImpactoSocial #Inclusión #Antigua",52,52.0,2026-06-21T16:35:36-07:00,hace 2 m
zyA0BpEYcQU,UC_Lj2naQPP8vmyDu-AEOo-w,Nuestro Mundo,@NuestroMundoGuatemala,Discusión entre conductor y jefe de la PMT,People & Blogs,PMT Guatemala,official_gov,"[""PMT Guatemala""]","[""noti7"", ""canal7"", ""chapintv"", ""guatemala"", ""televi7""]",La inconformidad de un vecino debido a la imposición de multas de tránsito en su contra lo llevó a enfrentarse verbalmente con el Jefe de la Policía de Tránsito de Mazatenango. Durante 10 minutos insultó al agente y lo acusó de soborno.,55349,55349.0,2016-04-04T05:48:07-07:00,hace 10 años
